timestamp,mission_id,mission_profile,altitude_ft,ambient_temp_c,throttle_pct,rpm,cht_c,egt_c,oil_pressure_bar,oil_temp_c,fuel_flow_lph,vibration_mm_s,battery_voltage_v,alternator_current_a,injection_timing_deg,boost_pressure_bar,manifold_pressure_kpa,cylinder_pressure_bar,engine_load_pct,estimated_power_hp,fuel_efficiency_index,thermal_efficiency_index,degradation_index,engine_health_pct,anomaly_score,anomaly_flag,fault_type,severity,failure_probability_24h,rul_hours,maintenance_advisory,data_quality_pct
2026-01-01T00:00:00,M001,Cruise,11785.7,21.33,62.88,3045.1,111.06,591.69,4.33,92.98,31.16,1.879,27.758,25.97,17.851,0.958,171.4,8.573,69.32,132.93,0.9932,0.8255,0.0563,94.37,0.0898,0,Normal,Normal,0.0101,1711.88,No action,96.98
2026-01-01T00:00:10,M001,Cruise,17784.9,27.93,53.39,2885.1,105.93,584.57,4.574,93.65,30.37,1.488,27.842,25.59,18.052,0.885,149.85,8.142,60.53,122.29,0.9941,0.8261,0.0491,95.09,0.048,0,Normal,Normal,0.0101,1704.48,No action,98.1
2026-01-01T00:00:20,M001,Rapid Throttle,10011.6,23.19,64.95,3098.9,108.03,608.5,4.46,96.31,31.45,1.671,27.626,25.88,17.901,0.948,168.22,8.445,70.48,134.59,0.9907,0.8228,0.0521,94.79,0.0593,0,Normal,Normal,0.0101,1700.92,No action,99.2
2026-01-01T00:00:30,M001,Hot Weather,13532.3,44.76,61.07,2989.2,118.91,634.69,4.486,106.62,30.33,1.826,27.724,25.81,17.962,0.863,158.67,8.438,67.17,128.4,0.9841,0.8159,0.0447,95.53,0.0619,0,Normal,Normal,0.0101,1724.69,No action,95.23
2026-01-01T00:00:40,M001,Rapid Throttle,14067.7,30.98,70.36,3179.2,111.49,629.99,4.265,102.58,32.26,1.812,27.872,25.61,17.759,1.017,173.76,8.831,72.58,140.49,0.9897,0.8221,0.0609,93.91,0.02,0,Normal,Normal,0.0102,1700.91,No action,98.13
2026-01-01T00:00:50,M001,Rapid Throttle,6071.9,24.96,76.59,3209.1,117.92,629.14,4.3,102.29,33.62,1.688,27.717,26.63,17.984,1.056,187.68,9.095,80.86,147.92,0.9915,0.8233,0.0461,95.39,0.0722,0,Normal,Normal,0.0101,1713.93,No action,96.73
2026-01-01T00:01:00,M001,Cruise,16404.7,17.75,66.2,3086.7,108.77,597.78,4.485,92.19,32.57,1.707,27.654,25.84,18.025,0.983,164.97,8.747,71.56,136.52,0.9923,0.8249,0.0643,93.57,0.0059,0,Normal,Normal,0.0102,1701.74,No action,96.07
2026-01-01T00:01:10,M001,Endurance,21184.1,15.84,66.18,3048.2,108.0,605.64,4.502,93.07,32.34,1.718,27.917,26.29,17.894,0.989,174.64,8.763,73.24,135.16,0.9883,0.8197,0.0349,96.51,0.0309,0,Normal,Normal,0.01,1728.7,No action,97.08
2026-01-01T00:01:20,M001,Rapid Throttle,12455.0,29.32,68.78,3154.2,116.85,622.45,4.399,100.92,33.26,1.708,27.853,25.98,18.016,0.933,181.97,8.923,71.7,138.96,0.9909,0.823,0.0505,94.95,0.0449,0,Normal,Normal,0.0101,1695.79,No action,95.34
2026-01-01T00:01:30,M001,Cruise,10923.4,25.76,60.59,3050.6,106.24,606.2,4.509,96.1,31.27,1.666,27.579,25.89,18.151,0.869,160.81,8.57,66.97,130.3,0.9931,0.8254,0.0574,94.26,0.0902,0,Normal,Normal,0.0101,1679.26,No action,97.27
2026-01-01T00:01:40,M001,Endurance,22989.8,9.99,56.04,2954.8,101.65,573.43,4.749,88.45,29.63,1.806,27.723,25.76,17.942,0.863,152.67,8.569,62.09,123.41,0.9865,0.8185,0.0499,95.01,0.08,0,Normal,Normal,0.0101,1693.73,No action,98.67
2026-01-01T00:01:50,M001,Cruise,13765.5,28.07,63.32,3091.4,112.91,604.66,4.4,99.53,30.78,1.645,27.778,26.45,17.893,0.844,161.7,8.824,69.56,133.53,0.9937,0.8258,0.0525,94.75,0.0252,0,Normal,Normal,0.0101,1722.86,No action,97.82
2026-01-01T00:02:00,M001,Rapid Throttle,14065.1,26.47,84.97,3432.5,122.57,655.6,4.374,105.08,37.79,1.702,27.731,27.25,18.111,1.062,196.34,9.454,85.25,156.82,0.9889,0.8216,0.0674,93.26,0.0931,0,Normal,Normal,0.0102,1671.3,No action,97.15
2026-01-01T00:02:10,M001,Hot Weather,14547.1,46.72,64.94,3067.6,121.53,636.86,4.368,109.31,33.16,1.679,27.571,26.33,18.035,0.954,168.52,8.406,70.84,132.48,0.9829,0.8151,0.0547,94.53,0.1105,0,Normal,Normal,0.0101,1706.98,No action,96.85
2026-01-01T00:02:20,M001,High Altitude,23180.6,-11.65,61.25,2961.7,107.02,593.96,4.58,91.27,31.85,1.492,27.722,25.67,18.141,0.852,164.78,8.663,66.43,129.95,0.989,0.8212,0.0538,94.62,0.0726,0,Normal,Normal,0.0101,1696.02,No action,99.2
2026-01-01T00:02:30,M001,Hot Weather,12846.0,39.37,68.61,3135.8,120.2,640.76,4.452,107.62,33.6,1.625,27.879,27.46,18.052,0.921,177.0,8.884,73.13,136.86,0.9843,0.8161,0.043,95.7,0.1037,0,Normal,Normal,0.0101,1711.9,No action,97.62
2026-01-01T00:02:40,M001,Endurance,19382.2,10.46,64.64,3025.6,105.07,596.76,4.712,89.62,31.32,1.417,27.696,25.64,17.86,0.957,169.36,8.746,69.43,132.97,0.9861,0.8182,0.0537,94.63,0.0486,0,Normal,Normal,0.0101,1714.03,No action,97.73
2026-01-01T00:02:50,M001,Endurance,16522.7,12.0,51.18,2819.5,97.18,569.4,4.676,86.55,29.1,1.683,27.876,24.98,17.921,0.812,143.32,8.217,61.19,117.8,0.9857,0.8179,0.057,94.3,0.0498,0,Normal,Normal,0.0101,1691.46,No action,95.9
2026-01-01T00:03:00,M001,Endurance,23581.7,17.54,59.0,2998.4,102.64,601.34,4.547,94.69,30.32,1.526,27.798,25.38,17.949,0.919,154.99,8.744,68.02,126.54,0.9855,0.8178,0.0583,94.17,0.0191,0,Normal,Normal,0.0101,1678.17,No action,96.46
2026-01-01T00:03:10,M001,Hot Weather,15746.4,38.19,72.6,3166.7,124.06,652.9,4.324,105.6,33.53,1.652,27.748,26.31,17.96,0.987,181.59,8.758,74.82,140.85,0.9821,0.8146,0.0616,93.84,0.0735,0,Normal,Normal,0.0102,1684.21,No action,99.04
2026-01-01T00:03:20,M001,High Altitude,27524.9,-28.35,60.04,2944.1,106.12,575.51,4.442,92.7,31.9,1.623,27.84,26.16,18.009,0.922,163.58,8.495,65.52,128.54,0.9888,0.821,0.0559,94.41,0.056,0,Normal,Normal,0.0101,1712.94,No action,96.38
2026-01-01T00:03:30,M001,Rapid Throttle,13080.2,34.16,63.78,3008.9,111.43,623.18,4.462,101.57,32.54,1.473,28.027,26.25,18.207,0.933,167.49,8.458,69.44,133.55,0.9923,0.8238,0.0396,96.04,0.0444,0,Normal,Normal,0.01,1722.46,No action,95.94
2026-01-01T00:03:40,M001,Endurance,19961.3,10.95,60.7,2983.4,105.82,592.75,4.516,91.35,30.44,1.65,27.792,25.97,18.101,0.916,164.43,8.448,65.5,128.32,0.9849,0.8174,0.0636,93.64,0.0702,0,Normal,Normal,0.0102,1687.61,No action,98.59
2026-01-01T00:03:50,M001,Hot Weather,16039.1,38.45,67.21,3149.9,119.91,627.03,4.524,103.68,32.47,1.613,27.762,26.06,18.004,0.916,170.5,8.527,70.46,134.78,0.9818,0.8144,0.064,93.6,0.0748,0,Normal,Normal,0.0102,1668.55,No action,99.87
2026-01-01T00:04:00,M001,High Altitude,29606.3,-12.31,64.85,3073.6,111.45,594.06,4.527,91.9,32.58,1.62,27.888,26.45,17.857,0.92,165.37,8.938,69.54,133.53,0.9866,0.8196,0.0739,92.61,0.0238,0,Normal,Normal,0.0103,1662.89,No action,98.43
2026-01-01T00:04:10,M001,Endurance,14011.5,17.45,66.02,3099.0,110.04,607.67,4.523,95.39,32.06,1.879,27.768,26.51,17.764,0.936,169.93,8.641,71.96,134.13,0.9841,0.8169,0.0698,93.02,0.0567,0,Normal,Normal,0.0102,1669.46,No action,95.26
2026-01-01T00:04:20,M001,High Altitude,24187.4,-23.49,68.11,3128.4,109.27,610.19,4.54,93.02,32.62,1.735,27.669,26.33,18.114,0.991,172.89,8.943,74.37,137.87,0.9898,0.8217,0.0472,95.28,0.0322,0,Normal,Normal,0.0101,1727.65,No action,97.28
2026-01-01T00:04:30,M001,Hot Weather,16560.1,39.96,59.21,2982.8,111.21,633.47,4.695,107.15,32.1,1.633,27.781,25.9,17.895,0.891,159.23,8.629,68.36,125.63,0.9805,0.8135,0.075,92.5,0.0597,0,Normal,Normal,0.0103,1664.13,No action,96.09
2026-01-01T00:04:40,M001,Endurance,22523.4,20.19,67.13,3138.4,111.43,630.36,4.435,91.42,32.07,1.835,27.85,26.81,17.863,0.926,165.28,9.043,72.9,135.76,0.986,0.8182,0.0541,94.59,0.0435,0,Normal,Normal,0.0101,1713.73,No action,99.27
2026-01-01T00:04:50,M001,Rapid Throttle,12831.3,26.89,80.56,3258.3,117.37,646.55,4.248,105.52,35.71,2.146,27.634,27.0,18.252,1.037,187.82,9.168,88.31,152.3,0.9909,0.8229,0.0507,94.93,0.0908,0,Normal,Normal,0.0101,1704.17,No action,98.09
2026-01-01T00:05:00,M001,Endurance,20582.3,5.98,48.06,2834.8,97.08,559.11,4.583,82.73,28.93,1.368,27.641,25.04,17.796,0.829,140.39,8.173,55.52,114.67,0.9878,0.8194,0.039,96.1,0.0402,0,Normal,Normal,0.01,1741.81,No action,97.1
2026-01-01T00:05:10,M001,High Altitude,23405.1,-7.6,71.14,3087.2,113.1,616.29,4.574,94.8,34.72,1.953,27.981,27.15,17.798,1.055,175.95,8.996,74.1,140.77,0.9874,0.8201,0.0674,93.26,0.0511,0,Normal,Normal,0.0102,1676.69,No action,97.32
2026-01-01T00:05:20,M001,Hot Weather,11714.7,39.26,73.56,3160.2,120.2,644.97,4.335,109.93,33.94,1.784,27.761,27.13,17.956,1.0,184.41,8.947,78.2,142.12,0.9831,0.8152,0.0531,94.69,0.1164,0,Normal,Normal,0.0101,1698.55,No action,97.3
2026-01-01T00:05:30,M001,Rapid Throttle,15515.2,32.83,40.96,2681.6,97.13,568.43,4.68,89.54,26.97,1.642,27.906,23.85,18.0,0.726,130.13,7.944,51.62,107.21,0.9895,0.822,0.0623,93.77,0.0505,0,Normal,Normal,0.0102,1694.05,No action,97.18
2026-01-01T00:05:40,M001,Cruise,14691.1,23.94,54.2,2901.1,102.91,582.34,4.465,90.06,30.63,1.585,27.728,25.43,18.008,0.837,153.07,8.386,62.54,122.79,0.9919,0.8246,0.0678,93.22,0.0283,0,Normal,Normal,0.0102,1690.22,No action,97.74
2026-01-01T00:05:50,M001,High Altitude,28935.8,-20.63,67.3,3104.6,109.79,615.99,4.5,96.09,33.0,1.616,27.629,25.65,18.293,0.916,170.77,8.733,71.94,136.49,0.9876,0.8203,0.0655,93.45,0.0354,0,Normal,Normal,0.0102,1659.6,No action,96.75
2026-01-01T00:06:00,M001,Rapid Throttle,10159.9,22.29,70.21,3149.0,112.68,619.79,4.53,96.74,34.02,1.796,27.602,26.05,17.87,0.963,177.02,8.777,76.44,140.27,0.9895,0.822,0.0627,93.73,0.0501,0,Normal,Normal,0.0102,1663.05,No action,96.39
2026-01-01T00:06:10,M001,Endurance,20567.4,20.25,54.16,2951.2,97.23,577.13,4.569,86.05,29.64,1.79,27.65,25.47,18.029,0.843,150.02,8.231,61.93,121.11,0.9855,0.8179,0.058,94.2,0.0721,0,Normal,Normal,0.0101,1684.2,No action,98.0
2026-01-01T00:06:20,M001,High Altitude,26243.9,-25.27,49.33,2856.9,102.15,562.79,4.537,86.37,28.88,1.454,27.666,25.27,18.09,0.805,146.59,7.946,56.16,116.3,0.9879,0.8204,0.0632,93.68,0.0288,0,Normal,Normal,0.0102,1684.45,No action,98.9
2026-01-01T00:06:30,M001,Rapid Throttle,7199.8,23.45,76.6,3183.0,116.42,632.01,4.311,102.92,34.33,1.761,27.749,26.81,18.061,0.982,187.23,9.138,81.32,147.3,0.9886,0.8214,0.0699,93.01,0.0731,0,Normal,Normal,0.0102,1672.6,No action,95.26
2026-01-01T00:06:40,M001,Hot Weather,13888.7,39.33,51.32,2834.1,109.04,582.49,4.51,98.48,29.96,1.68,27.533,25.25,18.008,0.841,151.93,8.125,57.46,116.87,0.9806,0.8136,0.0741,92.59,0.069,0,Normal,Normal,0.0103,1685.23,No action,97.53
2026-01-01T00:06:50,M001,Rapid Throttle,14642.5,24.54,51.48,2894.8,103.4,570.23,4.785,91.94,29.57,1.788,27.852,25.7,17.816,0.796,148.31,7.872,58.82,119.02,0.9891,0.8217,0.0661,93.39,0.0717,0,Normal,Normal,0.0102,1673.0,No action,95.95
2026-01-01T00:07:00,M001,High Altitude,22495.0,-19.86,75.16,3172.4,116.09,630.98,4.318,100.14,35.2,1.697,27.882,27.13,17.782,1.02,183.41,9.066,77.52,145.45,0.9881,0.8205,0.062,93.8,0.0502,0,Normal,Normal,0.0102,1671.07,No action,95.47
2026-01-01T00:07:10,M001,High Altitude,24798.6,-6.86,76.01,3245.1,112.6,635.22,4.282,96.03,34.11,1.711,27.645,26.71,18.038,1.023,186.01,9.32,78.74,146.43,0.9882,0.8206,0.061,93.9,0.052,0,Normal,Normal,0.0102,1696.57,No action,99.61
2026-01-01T00:07:20,M001,Cruise,15909.2,23.96,61.58,3055.3,106.4,605.81,4.449,94.85,29.89,1.497,27.621,26.1,17.869,0.911,171.04,8.622,64.55,131.44,0.9932,0.8255,0.0568,94.32,0.063,0,Normal,Normal,0.0101,1714.79,No action,97.15
2026-01-01T00:07:30,M001,Hot Weather,16168.9,46.36,66.36,3134.3,124.05,655.21,4.448,108.78,32.09,1.757,27.707,25.22,18.063,0.947,173.36,8.73,71.86,133.91,0.9822,0.8146,0.0608,93.92,0.1296,0,Normal,Normal,0.0102,1695.25,No action,98.82
2026-01-01T00:07:40,M001,Cruise,17446.6,19.3,63.18,3027.8,107.77,601.14,4.538,93.53,31.21,1.66,27.595,26.41,18.011,0.914,166.32,8.381,70.36,133.04,0.9921,0.8247,0.0661,93.39,0.0383,0,Normal,Normal,0.0102,1682.52,No action,95.47
2026-01-01T00:07:50,M001,Rapid Throttle,9528.2,25.41,72.78,3219.4,115.21,632.37,4.572,98.26,34.18,1.866,27.781,26.23,18.097,0.983,180.38,9.035,78.87,143.32,0.9902,0.8225,0.0568,94.32,0.0775,0,Normal,Normal,0.0101,1707.3,No action,96.22
2026-01-01T00:08:00,M001,High Altitude,23400.7,-10.66,70.42,3134.0,112.92,615.53,4.492,96.9,33.29,1.916,27.72,26.52,18.138,0.981,178.33,8.969,72.01,139.69,0.9862,0.8193,0.0779,92.21,0.0437,0,Normal,Normal,0.0103,1665.15,No action,98.16
2026-01-01T00:08:10,M001,Hot Weather,12975.2,36.03,50.16,2854.8,104.37,589.35,4.577,96.91,28.44,1.466,27.663,25.0,17.842,0.878,148.11,7.746,62.93,115.72,0.9814,0.8141,0.0679,93.21,0.0393,0,Normal,Normal,0.0102,1710.94,No action,95.26
2026-01-01T00:08:20,M001,Cruise,14104.7,25.17,55.71,2864.0,109.48,590.11,4.469,92.53,30.32,1.567,27.758,25.88,18.035,0.852,156.84,8.334,63.01,124.57,0.9922,0.8248,0.0651,93.49,0.0618,0,Normal,Normal,0.0102,1696.13,No action,95.43
2026-01-01T00:08:30,M001,Cruise,13570.2,16.84,67.42,3139.2,112.1,610.78,4.402,93.4,33.03,1.48,27.672,26.84,17.793,0.987,169.63,8.839,70.77,137.79,0.9917,0.8245,0.0689,93.11,0.0621,0,Normal,Normal,0.0102,1681.5,No action,99.31
2026-01-01T00:08:40,M001,Hot Weather,14119.5,41.83,66.46,3083.1,118.9,655.16,4.282,107.07,32.97,1.596,27.932,26.39,17.768,0.973,177.04,8.443,73.16,133.56,0.9799,0.8131,0.0798,92.02,0.0844,0,Normal,Normal,0.0104,1658.49,No action,99.23
2026-01-01T00:08:50,M001,High Altitude,29579.9,-6.31,81.92,3350.5,121.17,635.9,4.314,100.44,36.98,1.962,27.665,27.46,17.92,1.064,191.41,9.637,83.35,152.56,0.9859,0.8191,0.08,92.0,0.0837,0,Normal,Normal,0.0104,1664.3,No action,97.14
2026-01-01T00:09:00,M001,Rapid Throttle,14046.9,26.59,68.7,3090.9,114.22,616.48,4.379,98.31,32.17,1.937,27.491,26.81,18.033,0.934,172.46,8.731,73.72,138.52,0.9893,0.8218,0.0645,93.55,0.0501,0,Normal,Normal,0.0102,1689.34,No action,98.55
2026-01-01T00:09:10,M001,Hot Weather,17337.5,41.07,59.51,2958.4,115.0,617.4,4.516,105.12,31.86,1.758,27.761,25.0,17.806,0.877,157.74,8.525,66.26,125.92,0.9803,0.8134,0.0764,92.36,0.0631,0,Normal,Normal,0.0103,1669.54,No action,98.17
2026-01-01T00:09:20,M001,Hot Weather,8735.3,43.85,70.28,3172.4,122.49,659.14,4.548,108.76,33.12,1.79,27.877,26.44,17.947,0.988,177.77,8.749,75.03,138.16,0.9816,0.8142,0.0659,93.41,0.0692,0,Normal,Normal,0.0102,1672.45,No action,98.36
2026-01-01T00:09:30,M001,Rapid Throttle,11097.1,24.97,41.58,2680.6,97.5,561.6,4.628,83.01,26.32,1.473,27.913,25.22,17.918,0.756,135.02,7.524,52.03,107.78,0.9888,0.8215,0.0683,93.17,0.0422,0,Normal,Normal,0.0102,1656.64,No action,98.1
2026-01-01T00:09:40,M001,High Altitude,22151.5,-11.75,71.36,3165.2,113.43,619.41,4.297,98.6,33.24,1.768,27.786,26.93,17.869,0.945,180.92,8.903,73.7,140.41,0.9846,0.8182,0.0911,90.89,0.038,0,Normal,Normal,0.0105,1620.54,No action,99.04
2026-01-01T00:09:50,M001,High Altitude,29858.1,-20.61,73.8,3178.4,117.12,607.05,4.275,96.78,34.67,1.795,27.669,28.01,18.021,1.056,183.97,8.918,75.54,143.67,0.987,0.8198,0.0712,92.88,0.0726,0,Normal,Normal,0.0103,1693.78,No action,98.64
2026-01-01T00:10:00,M001,Rapid Throttle,11310.4,21.51,71.41,3153.8,113.3,602.46,4.18,96.25,34.56,1.863,27.641,27.04,18.237,0.96,181.16,9.011,75.35,141.4,0.9884,0.8213,0.0714,92.86,0.0224,0,Normal,Normal,0.0103,1664.89,No action,96.38
2026-01-01T00:10:10,M001,Cruise,17058.0,22.43,59.75,3022.1,106.92,609.26,4.44,96.24,32.89,1.534,27.693,26.7,17.85,0.871,160.63,8.531,67.0,128.87,0.9907,0.8238,0.0774,92.26,0.0314,0,Normal,Normal,0.0103,1663.0,No action,99.07
2026-01-01T00:10:20,M001,Endurance,22561.5,18.39,49.23,2807.6,100.62,559.27,4.633,87.63,27.21,1.511,27.914,25.79,17.952,0.808,144.01,8.116,58.86,115.21,0.9834,0.8164,0.0762,92.38,0.0255,0,Normal,Normal,0.0103,1670.81,No action,95.52
2026-01-01T00:10:30,M001,Endurance,16208.5,12.47,48.71,2816.1,94.8,564.37,4.581,82.85,27.82,1.591,27.595,24.59,17.924,0.821,143.64,8.158,54.67,114.76,0.9841,0.8169,0.0698,93.02,0.0592,0,Normal,Normal,0.0102,1688.65,No action,99.18
2026-01-01T00:10:40,M001,Rapid Throttle,6556.4,30.09,53.49,2913.2,106.44,594.23,4.682,94.2,29.9,1.543,27.601,26.41,18.044,0.879,151.13,8.187,62.22,121.36,0.9894,0.822,0.063,93.7,0.0736,0,Normal,Normal,0.0102,1699.46,No action,96.35
2026-01-01T00:10:50,M001,Hot Weather,8802.5,36.54,75.46,3202.0,123.45,672.41,4.346,108.08,33.01,1.6,27.788,26.53,18.004,1.014,186.6,9.186,79.68,144.0,0.982,0.8145,0.0628,93.72,0.1284,0,Normal,Normal,0.0102,1672.49,No action,99.84
2026-01-01T00:11:00,M001,Hot Weather,13939.4,35.58,54.14,2840.1,108.15,600.87,4.655,96.68,29.74,1.727,27.666,24.72,17.855,0.859,150.41,8.549,58.74,120.3,0.9822,0.8146,0.061,93.9,0.0244,0,Normal,Normal,0.0102,1688.56,No action,98.62
2026-01-01T00:11:10,M001,Rapid Throttle,15722.9,26.24,70.42,3153.7,116.92,626.59,4.421,97.92,33.24,1.731,27.508,27.03,17.848,1.007,174.7,8.978,75.9,139.78,0.9861,0.8197,0.0911,90.89,0.0714,0,Normal,Normal,0.0105,1652.64,No action,95.39
2026-01-01T00:11:20,M001,Endurance,20736.7,19.49,64.17,3062.4,107.03,600.1,4.683,93.31,31.6,2.075,28.04,25.69,17.943,0.907,165.25,8.807,69.06,131.66,0.9821,0.8156,0.0866,91.34,0.0642,0,Normal,Normal,0.0105,1632.56,No action,97.33
2026-01-01T00:11:30,M001,Endurance,22028.2,11.26,64.17,3043.8,107.98,588.45,4.441,92.44,31.63,1.731,27.816,25.78,17.903,0.856,164.47,8.518,72.09,131.97,0.9837,0.8166,0.0735,92.65,0.01,0,Normal,Normal,0.0103,1669.06,No action,96.3
2026-01-01T00:11:40,M001,Hot Weather,17169.0,46.01,75.85,3187.6,124.14,662.76,4.333,116.61,35.8,1.967,27.733,26.41,18.052,0.99,179.88,8.963,79.53,143.89,0.9795,0.8128,0.0836,91.64,0.1339,0,Normal,Normal,0.0104,1650.15,No action,99.94
2026-01-01T00:11:50,M001,Rapid Throttle,15397.1,29.3,66.46,3077.6,116.05,622.09,4.537,99.23,32.49,1.734,27.918,25.99,18.154,1.022,174.52,8.724,71.46,135.72,0.988,0.821,0.0753,92.47,0.0358,0,Normal,Normal,0.0103,1671.08,No action,97.62
2026-01-01T00:12:00,M001,Cruise,16762.6,28.42,59.22,2943.8,108.4,611.6,4.488,94.62,31.74,1.622,27.668,25.82,17.922,0.891,161.11,8.561,63.47,128.29,0.9908,0.8239,0.0764,92.36,0.069,0,Normal,Normal,0.0103,1658.13,No action,97.18
2026-01-01T00:12:10,M001,Rapid Throttle,15884.8,26.56,85.32,3327.1,127.68,673.15,4.211,106.9,36.89,1.852,28.098,27.1,17.941,1.111,196.09,9.44,84.92,156.81,0.9872,0.8205,0.0818,91.82,0.1522,0,Normal,Normal,0.0104,1661.36,No action,96.01
2026-01-01T00:12:20,M001,Cruise,15693.4,15.08,64.0,3054.1,110.55,590.49,4.545,92.6,32.22,1.851,27.815,25.85,18.04,0.914,169.19,8.917,71.49,133.57,0.9901,0.8234,0.0821,91.79,0.1072,0,Normal,Normal,0.0104,1633.51,No action,97.14
2026-01-01T00:12:30,M001,High Altitude,24147.3,-11.52,64.08,2993.6,108.42,594.13,4.556,93.58,32.15,1.771,27.633,26.45,17.84,0.872,168.9,8.528,68.24,132.6,0.9863,0.8194,0.0766,92.34,0.0394,0,Normal,Normal,0.0103,1677.67,No action,96.52
2026-01-01T00:12:40,M001,Hot Weather,12910.1,40.11,81.64,3263.8,127.08,668.41,4.023,112.89,35.67,1.672,27.781,26.98,17.981,1.036,186.91,9.43,82.4,150.66,0.981,0.8138,0.0708,92.92,0.0836,0,Normal,Normal,0.0102,1672.7,No action,98.79
2026-01-01T00:12:50,M001,High Altitude,29925.6,-14.25,55.94,2954.5,101.63,574.95,4.567,88.74,29.38,1.527,27.868,26.91,18.034,0.849,152.03,8.31,59.47,123.46,0.9864,0.8194,0.0762,92.38,0.0467,0,Normal,Normal,0.0103,1663.58,No action,98.71
2026-01-01T00:13:00,M001,Rapid Throttle,12795.6,24.43,66.06,3084.0,111.14,617.8,4.378,94.1,33.04,1.761,27.586,26.1,17.981,0.932,166.11,8.768,71.67,135.16,0.9875,0.8206,0.0794,92.06,0.0487,0,Normal,Normal,0.0104,1654.52,No action,98.28
2026-01-01T00:13:10,M001,Cruise,17871.2,29.38,58.24,2946.3,109.17,596.01,4.439,95.25,30.46,1.634,27.652,25.7,17.719,0.892,158.57,8.466,64.52,127.14,0.9907,0.8238,0.0779,92.21,0.0373,0,Normal,Normal,0.0103,1671.57,No action,98.69
2026-01-01T00:13:20,M001,Hot Weather,11479.2,38.87,63.27,3047.9,116.87,635.02,4.533,105.32,32.74,1.562,27.729,26.4,18.035,0.934,169.41,8.541,67.14,130.27,0.9812,0.814,0.0692,93.08,0.0925,0,Normal,Normal,0.0102,1675.52,No action,97.55
2026-01-01T00:13:30,M001,High Altitude,28924.2,-18.15,80.41,3275.1,116.24,646.1,4.28,103.44,35.52,1.955,27.739,26.99,18.134,0.997,187.96,9.146,83.07,150.68,0.9851,0.8186,0.0867,91.33,0.0394,0,Normal,Normal,0.0105,1639.77,No action,97.28
2026-01-01T00:13:40,M001,Endurance,16185.4,22.5,54.93,2916.5,103.01,581.45,4.593,89.59,29.59,1.596,27.556,25.94,17.819,0.818,155.23,8.326,59.8,121.75,0.9843,0.817,0.0682,93.18,0.0611,0,Normal,Normal,0.0102,1662.63,No action,97.34
2026-01-01T00:13:50,M001,Rapid Throttle,15854.9,33.78,73.51,3254.2,120.16,658.78,4.349,108.94,35.23,1.885,27.554,26.51,17.816,0.973,179.13,8.901,78.25,143.68,0.988,0.821,0.0747,92.53,0.0451,0,Normal,Normal,0.0103,1647.19,No action,99.53
2026-01-01T00:14:00,M001,Rapid Throttle,14689.1,30.46,64.22,3079.5,110.01,600.78,4.503,102.82,31.55,1.674,27.814,25.83,17.916,0.955,162.41,8.848,68.46,133.03,0.9872,0.8204,0.0819,91.81,0.0836,0,Normal,Normal,0.0104,1657.36,No action,95.82
2026-01-01T00:14:10,M001,Cruise,13530.3,16.98,71.73,3137.5,111.84,606.55,4.406,100.2,34.48,1.741,27.891,26.63,18.099,0.978,177.19,8.877,76.25,142.04,0.9888,0.8225,0.0935,90.65,0.0556,0,Normal,Normal,0.0106,1649.57,No action,99.95
2026-01-01T00:14:20,M001,Endurance,14708.3,22.62,38.98,2661.9,92.91,542.53,4.72,82.88,26.41,1.432,27.612,24.14,17.76,0.751,132.37,7.466,47.18,103.44,0.9814,0.8151,0.0924,90.76,0.0598,0,Normal,Normal,0.0106,1636.48,No action,96.24
2026-01-01T00:14:30,M001,Rapid Throttle,8481.7,20.4,68.54,3148.5,107.65,613.75,4.438,98.34,33.73,1.629,27.559,26.49,17.849,0.939,174.36,8.792,73.05,137.89,0.9871,0.8204,0.0821,91.79,0.053,0,Normal,Normal,0.0104,1650.97,No action,98.19
2026-01-01T00:14:40,M001,Endurance,20829.4,6.35,68.25,3157.6,112.51,598.28,4.291,95.3,33.16,1.76,27.668,25.63,17.887,0.948,174.82,8.709,73.28,136.02,0.9812,0.815,0.0942,90.58,0.0611,0,Normal,Normal,0.0106,1616.59,No action,98.05
2026-01-01T00:14:50,M001,Cruise,17627.4,24.18,68.98,3133.5,113.39,628.0,4.327,98.35,33.86,1.799,27.644,25.85,18.079,0.993,170.09,9.086,76.0,139.26,0.9903,0.8235,0.0807,91.93,0.0365,0,Normal,Normal,0.0104,1665.77,No action,97.38
2026-01-01T00:15:00,M001,Endurance,17601.2,7.06,49.08,2821.4,101.68,574.74,4.628,87.22,29.37,1.53,27.772,25.92,17.835,0.747,142.52,8.003,56.35,114.92,0.9827,0.816,0.0817,91.83,0.0387,0,Normal,Normal,0.0104,1664.07,No action,96.4
2026-01-01T00:15:10,M001,Endurance,14526.7,22.54,49.91,2820.7,101.67,558.9,4.564,88.62,29.94,1.595,27.63,24.14,18.165,0.867,145.68,8.022,56.76,115.68,0.9818,0.8154,0.0894,91.06,0.0541,0,Normal,Normal,0.0105,1632.57,No action,95.34
2026-01-01T00:15:20,M001,Cruise,16716.6,27.74,68.42,3092.6,114.63,636.31,4.587,100.02,33.91,1.878,27.635,26.21,17.821,0.967,172.46,8.888,73.88,138.5,0.9897,0.8231,0.0857,91.43,0.0542,0,Normal,Normal,0.0104,1641.37,No action,97.16
2026-01-01T00:15:30,M001,Hot Weather,11929.5,47.27,61.84,3009.0,118.23,648.58,4.457,109.97,31.92,1.568,27.885,25.38,17.973,0.913,162.13,8.593,66.94,128.35,0.9795,0.8128,0.0831,91.69,0.0589,0,Normal,Normal,0.0104,1634.71,No action,98.92
2026-01-01T00:15:40,M001,Endurance,14489.5,22.09,66.86,3093.0,111.71,610.75,4.573,95.02,33.24,1.774,27.795,25.6,18.032,0.954,169.78,8.465,70.51,134.49,0.9813,0.815,0.0932,90.68,0.1263,0,Normal,Normal,0.0106,1650.83,No action,99.01
2026-01-01T00:15:50,M001,Hot Weather,17422.8,41.45,62.14,2980.9,117.79,637.47,4.416,104.43,31.84,1.582,27.612,25.56,17.817,0.933,161.22,8.683,69.18,128.58,0.979,0.8125,0.0874,91.26,0.0346,0,Normal,Normal,0.0105,1651.08,No action,96.01
2026-01-01T00:16:00,M001,High Altitude,29915.2,-7.62,58.77,2952.1,106.46,595.51,4.805,88.63,31.57,1.458,27.693,27.08,17.938,0.919,161.42,8.394,68.38,126.63,0.9863,0.8194,0.0767,92.33,0.0574,0,Normal,Normal,0.0103,1659.97,No action,95.02
2026-01-01T00:16:10,M001,High Altitude,29481.6,-12.86,58.87,2939.4,107.32,596.75,4.618,94.52,29.94,1.79,27.712,25.85,17.977,0.923,160.57,8.602,65.84,126.98,0.9875,0.8202,0.0666,93.34,0.0331,0,Normal,Normal,0.0102,1694.53,No action,95.97
2026-01-01T00:16:20,M001,Endurance,14219.1,22.21,42.65,2751.7,95.32,552.18,4.735,85.39,27.49,1.728,27.657,25.27,17.891,0.798,142.36,7.621,49.56,107.71,0.9825,0.8158,0.0835,91.65,0.0541,0,Normal,Normal,0.0104,1641.32,No action,97.06
2026-01-01T00:16:30,M001,High Altitude,23421.7,-11.88,75.88,3236.1,112.85,626.62,4.229,98.25,34.86,1.914,27.782,26.62,18.092,1.066,182.34,9.023,77.21,145.83,0.9861,0.8192,0.0782,92.18,0.0481,0,Normal,Normal,0.0103,1660.76,No action,98.95
2026-01-01T00:16:40,M001,Cruise,15763.3,21.21,71.94,3170.2,110.98,621.27,4.192,96.39,34.27,1.807,27.733,26.62,17.993,0.947,183.14,9.005,76.69,142.64,0.9904,0.8236,0.0797,92.03,0.1145,0,Normal,Normal,0.0104,1644.7,No action,98.31
2026-01-01T00:16:50,M001,Rapid Throttle,6535.6,33.88,68.2,3048.7,116.51,633.43,4.293,104.61,33.65,1.741,27.714,26.5,17.923,0.971,168.37,8.738,73.43,137.11,0.9852,0.8191,0.0982,90.18,0.0682,0,Normal,Normal,0.0107,1639.79,No action,95.11
2026-01-01T00:17:00,M001,Hot Weather,8911.4,40.8,60.0,2952.4,115.64,625.14,4.493,104.63,30.37,1.792,27.773,24.45,17.844,0.859,158.3,8.614,64.41,126.1,0.9784,0.8121,0.0926,90.74,0.0267,0,Normal,Normal,0.0106,1640.63,No action,95.67
2026-01-01T00:17:10,M001,Hot Weather,8347.3,36.92,62.74,2939.0,116.87,628.15,4.476,104.05,32.01,1.868,27.811,26.25,18.146,0.936,167.69,8.482,71.05,129.33,0.9794,0.8128,0.0839,91.61,0.0644,0,Normal,Normal,0.0104,1644.23,No action,97.22
2026-01-01T00:17:20,M001,Rapid Throttle,11225.6,31.38,91.38,3489.1,129.18,695.26,4.045,114.27,38.33,1.87,27.785,27.28,17.946,1.15,206.5,9.913,93.41,163.49,0.9866,0.8201,0.0866,91.34,0.1286,0,Normal,Normal,0.0105,1641.03,No action,95.55
2026-01-01T00:17:30,M001,Endurance,17724.4,22.16,55.93,2920.8,106.2,580.72,4.471,87.32,31.18,1.614,27.688,24.44,18.024,0.832,156.4,8.151,63.3,122.41,0.9818,0.8154,0.089,91.1,0.0915,0,Normal,Normal,0.0105,1647.2,No action,99.67
2026-01-01T00:17:40,M001,Rapid Throttle,8007.3,22.99,57.1,2902.5,105.87,596.28,4.54,90.35,31.22,1.36,27.83,24.98,17.961,0.838,161.12,8.336,67.14,125.08,0.9875,0.8207,0.0788,92.12,0.055,0,Normal,Normal,0.0103,1659.62,No action,99.75
2026-01-01T00:17:50,M001,Rapid Throttle,11132.8,21.98,70.22,3159.6,116.67,619.97,4.522,100.24,33.28,1.764,27.624,27.23,17.784,0.947,175.71,8.836,76.63,139.54,0.986,0.8197,0.0917,90.83,0.0359,0,Normal,Normal,0.0105,1623.8,No action,99.96
2026-01-01T00:18:00,M001,Endurance,18817.4,18.12,54.46,2912.6,104.87,573.55,4.677,89.39,29.08,1.541,27.787,25.48,17.956,0.825,152.55,8.366,61.37,120.95,0.9828,0.816,0.0811,91.89,0.0472,0,Normal,Normal,0.0104,1638.22,No action,95.03
2026-01-01T00:18:10,M001,High Altitude,27106.5,-29.9,77.22,3180.7,117.21,631.05,4.505,97.13,34.42,1.98,27.621,27.05,18.016,1.042,183.19,9.302,79.51,147.17,0.9854,0.8187,0.0844,91.56,0.0387,0,Normal,Normal,0.0104,1641.16,No action,99.41
2026-01-01T00:18:20,M001,Cruise,17554.4,20.73,55.1,2912.9,105.43,560.96,4.458,87.74,30.31,1.619,27.507,24.66,17.934,0.872,156.93,8.375,62.91,123.12,0.9881,0.8221,0.0989,90.11,0.0511,0,Normal,Normal,0.0107,1614.76,No action,96.18
2026-01-01T00:18:30,M001,Hot Weather,12290.3,47.35,53.12,2874.8,111.3,620.16,4.56,104.6,29.27,1.714,27.642,25.71,18.009,0.835,151.34,8.524,62.29,118.41,0.9781,0.8119,0.0952,90.48,0.0209,0,Normal,Normal,0.0106,1632.56,No action,97.38
2026-01-01T00:18:40,M001,Hot Weather,9884.3,44.45,50.12,2818.9,108.05,610.52,4.573,103.18,28.96,1.708,27.634,24.79,17.902,0.859,145.49,8.02,58.75,114.72,0.976,0.8105,0.1126,88.74,0.0404,0,Normal,Normal,0.011,1585.74,No action,98.1
2026-01-01T00:18:50,M001,Rapid Throttle,7009.8,33.48,65.7,3041.2,114.33,629.14,4.291,99.98,31.92,1.907,27.435,25.81,18.022,0.954,171.79,8.897,70.08,134.43,0.9859,0.8196,0.0927,90.73,0.0319,0,Normal,Normal,0.0106,1634.16,No action,99.94
2026-01-01T00:19:00,M001,Cruise,15352.2,16.52,54.66,2877.7,102.96,575.48,4.497,89.48,31.15,1.597,27.886,25.99,18.029,0.906,154.01,8.185,61.79,122.45,0.9873,0.8215,0.106,89.4,0.0332,0,Normal,Normal,0.0108,1619.27,No action,96.89
2026-01-01T00:19:10,M001,Cruise,10910.7,22.17,66.6,3062.3,104.83,611.12,4.515,95.12,32.4,1.633,27.666,25.55,17.795,0.895,166.13,8.92,70.33,136.37,0.9894,0.8229,0.0886,91.14,0.0723,0,Normal,Normal,0.0105,1631.86,No action,97.56
2026-01-01T00:19:20,M001,Hot Weather,13248.2,46.35,65.92,3047.6,118.63,639.08,4.277,111.41,32.72,1.706,27.665,26.65,17.702,0.932,168.64,8.877,70.76,132.68,0.9785,0.8122,0.0914,90.86,0.0421,0,Normal,Normal,0.0105,1638.2,No action,99.17
2026-01-01T00:19:30,M001,Hot Weather,11786.4,36.14,70.67,3097.5,125.47,644.76,4.347,105.87,33.8,1.578,27.65,26.82,17.629,0.93,171.03,8.711,74.43,137.94,0.9785,0.8122,0.0914,90.86,0.0878,0,Normal,Normal,0.0105,1638.49,No action,95.87
2026-01-01T00:19:40,M001,High Altitude,26799.6,-15.23,62.78,3030.7,105.08,592.75,4.547,93.5,31.51,1.819,27.533,25.58,17.971,0.916,165.69,8.64,68.18,130.61,0.9836,0.8176,0.0989,90.11,0.0573,0,Normal,Normal,0.0107,1615.1,No action,98.31
2026-01-01T00:19:50,M001,Hot Weather,12573.9,44.57,67.86,3049.0,123.17,665.39,4.52,108.46,32.64,1.893,27.9,26.8,18.022,0.928,169.85,8.901,72.07,134.46,0.9768,0.811,0.1061,89.39,0.067,0,Normal,Normal,0.0108,1597.42,No action,98.76
2026-01-01T00:20:00,M001,Hot Weather,15000.1,44.25,60.79,2967.0,116.44,629.55,4.38,105.38,32.3,1.917,27.675,26.25,17.87,0.885,158.56,8.588,68.49,126.41,0.9755,0.8102,0.1163,88.37,0.026,0,Normal,Normal,0.0111,1592.61,No action,96.66
2026-01-01T00:20:10,M001,Hot Weather,8127.7,38.47,51.82,2908.1,108.8,601.66,4.602,99.14,28.96,1.507,27.692,24.53,17.978,0.812,145.11,8.158,62.3,117.13,0.9789,0.8124,0.0882,91.18,0.0271,0,Normal,Normal,0.0105,1650.44,No action,96.02
2026-01-01T00:20:20,M001,Endurance,21881.1,9.06,55.97,2892.2,104.01,569.22,4.445,87.19,30.94,1.66,27.635,25.39,17.846,0.779,157.15,8.636,65.27,122.31,0.981,0.8149,0.0955,90.45,0.0488,0,Normal,Normal,0.0106,1622.1,No action,99.8
2026-01-01T00:20:30,M001,Endurance,17305.6,6.02,56.71,2906.1,101.73,572.74,4.547,89.04,30.0,1.683,27.792,26.05,17.985,0.834,157.44,8.415,64.69,123.2,0.9814,0.8151,0.0928,90.72,0.0551,0,Normal,Normal,0.0106,1643.49,No action,98.2
2026-01-01T00:20:40,M001,High Altitude,26490.7,-27.79,65.02,3118.9,110.31,590.92,4.48,96.38,32.79,1.764,27.677,25.16,17.892,0.891,167.01,8.541,70.98,132.89,0.9826,0.8169,0.1077,89.23,0.0373,0,Normal,Normal,0.0109,1597.57,No action,99.59
2026-01-01T00:20:50,M001,Cruise,14303.8,27.97,77.21,3291.0,119.75,635.98,4.28,100.82,34.95,1.773,27.731,27.01,17.935,1.029,181.33,9.082,80.14,147.86,0.9871,0.8214,0.1074,89.26,0.0758,0,Normal,Normal,0.0109,1618.5,No action,96.85
2026-01-01T00:21:00,M001,Hot Weather,8632.4,41.54,71.36,3128.0,119.93,652.78,4.222,114.32,34.64,1.872,27.728,26.68,18.12,0.993,171.18,8.881,77.89,138.62,0.9781,0.8119,0.0947,90.53,0.0626,0,Normal,Normal,0.0106,1653.54,No action,95.17
2026-01-01T00:21:10,M001,Endurance,14417.7,9.2,57.72,2959.1,109.23,584.91,4.567,89.51,31.53,1.687,27.77,25.24,17.784,0.92,158.58,8.554,64.86,124.17,0.9806,0.8145,0.0994,90.06,0.044,0,Normal,Normal,0.0107,1617.36,No action,96.64
2026-01-01T00:21:20,M001,Endurance,15282.2,11.36,64.51,3024.5,111.61,593.16,4.383,92.97,32.96,1.856,27.705,26.12,18.106,0.87,168.82,8.806,72.31,131.5,0.9794,0.8138,0.1091,89.09,0.0701,0,Normal,Normal,0.0109,1594.27,No action,98.21
2026-01-01T00:21:30,M001,Endurance,16806.2,17.53,58.27,2979.3,102.37,587.64,4.517,88.21,30.47,1.777,27.736,26.09,17.831,0.868,156.38,8.144,67.36,124.88,0.9811,0.8149,0.0952,90.48,0.0083,0,Normal,Normal,0.0106,1616.02,No action,99.33
2026-01-01T00:21:40,M001,Rapid Throttle,12140.4,34.23,74.56,3251.6,120.64,643.99,4.346,107.16,35.29,1.933,27.762,27.09,17.949,1.024,179.92,8.915,78.7,144.44,0.986,0.8197,0.0914,90.86,0.1495,0,Normal,Normal,0.0105,1645.22,No action,98.38
2026-01-01T00:21:50,M001,Rapid Throttle,9785.2,34.59,70.84,3144.7,121.46,645.55,4.419,103.75,32.56,2.048,27.724,26.14,17.956,0.947,175.77,8.969,76.14,140.13,0.9855,0.8194,0.0955,90.45,0.0566,0,Normal,Normal,0.0106,1614.86,No action,96.69
2026-01-01T00:22:00,M001,Hot Weather,9612.5,37.09,54.64,2937.6,111.11,610.95,4.65,99.75,31.46,1.545,27.615,26.09,17.938,0.836,150.26,8.373,63.39,119.89,0.9769,0.8111,0.1049,89.51,0.1002,0,Normal,Normal,0.0108,1610.0,No action,99.15
2026-01-01T00:22:10,M001,Hot Weather,10645.2,37.99,57.63,2960.4,113.47,620.19,4.471,99.25,30.86,1.782,27.797,25.48,17.906,0.881,153.49,8.494,65.97,123.54,0.9788,0.8124,0.0891,91.09,0.0732,0,Normal,Normal,0.0105,1651.6,No action,95.86
2026-01-01T00:22:20,M001,Hot Weather,16023.0,44.9,64.07,3053.1,120.35,637.7,4.495,108.56,31.82,1.823,27.63,26.31,18.1,0.931,162.4,8.648,70.12,130.58,0.9783,0.812,0.0933,90.67,0.0591,0,Normal,Normal,0.0106,1616.95,No action,98.42
2026-01-01T00:22:30,M001,Endurance,19361.0,9.07,62.58,3031.1,110.2,571.29,4.297,93.4,31.45,1.694,27.742,26.01,17.868,0.915,169.0,8.629,68.71,129.38,0.9796,0.8139,0.1079,89.21,0.0062,0,Normal,Normal,0.0109,1604.66,No action,96.0
2026-01-01T00:22:40,M001,Rapid Throttle,7453.3,21.2,37.27,2559.1,96.64,523.88,4.716,79.7,25.27,1.711,27.638,23.78,17.822,0.733,131.47,7.548,47.43,102.36,0.9853,0.8192,0.0976,90.24,0.0831,0,Normal,Normal,0.0107,1627.74,No action,97.42
2026-01-01T00:22:50,M001,High Altitude,27240.2,-14.91,61.06,2970.1,101.87,578.55,4.355,90.97,31.22,1.581,27.897,26.0,18.23,0.869,162.72,8.602,67.62,128.81,0.9843,0.8181,0.0931,90.69,0.0181,0,Normal,Normal,0.0106,1631.85,No action,97.48
2026-01-01T00:23:00,M001,Endurance,22131.5,20.4,53.88,2841.5,103.14,571.74,4.571,88.67,30.12,1.425,27.409,25.03,17.829,0.812,157.89,8.172,62.01,119.53,0.9786,0.8132,0.1161,88.39,0.0593,0,Normal,Normal,0.0111,1583.2,No action,99.53
2026-01-01T00:23:10,M001,Endurance,22943.2,14.98,65.45,3068.5,108.46,604.57,4.365,95.7,32.41,2.003,27.86,25.65,17.746,0.89,164.41,8.635,71.2,132.29,0.9782,0.813,0.1193,88.07,0.0159,0,Normal,Normal,0.0112,1587.18,No action,97.54
2026-01-01T00:23:20,M001,Rapid Throttle,11766.7,27.54,69.03,3066.2,117.14,635.42,4.339,105.3,32.79,1.801,27.684,26.45,18.066,0.938,176.8,8.822,75.99,137.75,0.9839,0.8182,0.1095,89.05,0.0645,0,Normal,Normal,0.0109,1616.39,No action,96.93
2026-01-01T00:23:30,M001,Endurance,17650.8,18.72,64.73,3059.0,106.35,603.92,4.476,92.78,31.49,1.748,27.707,25.76,17.945,0.958,164.3,8.527,70.36,131.79,0.9797,0.8139,0.107,89.3,0.0311,0,Normal,Normal,0.0109,1608.22,No action,95.71
2026-01-01T00:23:40,M001,Cruise,10480.3,20.02,68.39,3120.0,111.3,623.74,4.434,91.69,33.95,1.731,27.655,26.41,17.814,0.937,169.4,8.789,70.33,138.25,0.9887,0.8225,0.0941,90.59,0.0349,0,Normal,Normal,0.0106,1637.29,No action,96.84
2026-01-01T00:23:50,M001,High Altitude,25374.5,-24.69,60.63,2953.7,105.13,600.7,4.623,89.62,31.13,1.606,27.682,26.17,18.115,0.909,162.44,8.476,69.87,127.88,0.9821,0.8165,0.1121,88.79,0.05,0,Normal,Normal,0.011,1590.0,No action,98.01
2026-01-01T00:24:00,M001,Cruise,14387.5,18.94,67.61,3084.7,112.68,605.45,4.395,94.53,33.03,1.689,27.488,25.87,18.026,0.982,170.29,8.745,74.66,136.72,0.9856,0.8204,0.1198,88.02,0.088,0,Normal,Normal,0.0112,1580.74,No action,99.11
2026-01-01T00:24:10,M001,Rapid Throttle,15089.2,26.18,44.34,2784.6,99.19,558.68,4.643,86.56,28.38,1.503,27.588,24.66,17.825,0.779,132.3,7.587,52.68,110.42,0.9859,0.8196,0.0923,90.77,0.0346,0,Normal,Normal,0.0106,1631.56,No action,95.59
2026-01-01T00:24:20,M001,Hot Weather,10629.8,45.5,67.57,3075.6,125.72,656.79,4.435,108.52,32.75,1.739,27.874,25.93,17.854,0.933,169.79,8.824,72.93,134.25,0.9773,0.8114,0.1017,89.83,0.0956,0,Normal,Normal,0.0107,1615.24,No action,99.49
2026-01-01T00:24:30,M001,Endurance,14147.2,12.43,63.32,3072.9,109.92,600.92,4.34,94.43,32.59,1.866,27.931,25.87,18.028,0.995,165.44,8.56,68.11,130.1,0.9791,0.8135,0.1119,88.81,0.0686,0,Normal,Normal,0.011,1597.1,No action,95.03
2026-01-01T00:24:40,M001,High Altitude,29856.9,-16.13,70.93,3139.6,115.86,621.75,4.411,100.66,33.46,1.925,27.827,26.36,17.99,0.97,177.67,8.928,75.29,139.88,0.9843,0.8181,0.0929,90.71,0.0971,0,Normal,Normal,0.0106,1638.22,No action,97.62
2026-01-01T00:24:50,M001,Rapid Throttle,15696.5,28.05,84.94,3377.1,126.79,663.67,4.131,110.73,36.67,2.111,27.574,27.86,17.924,1.072,193.85,9.726,87.44,155.45,0.9833,0.8179,0.1143,88.57,0.1034,0,Normal,Normal,0.011,1588.75,No action,97.55
2026-01-01T00:25:00,M001,Rapid Throttle,11545.2,25.51,80.96,3336.9,121.57,649.12,4.432,105.82,36.31,1.93,27.614,26.99,17.739,1.017,189.7,9.161,83.39,151.12,0.9838,0.8182,0.1099,89.01,0.0549,0,Normal,Normal,0.0109,1596.98,No action,98.39
2026-01-01T00:25:10,M001,Endurance,15297.7,16.42,63.45,2969.3,107.71,597.21,4.404,95.17,32.03,1.841,27.662,24.82,17.922,0.962,167.53,8.774,70.39,130.18,0.9787,0.8133,0.1149,88.51,0.074,0,Normal,Normal,0.0111,1588.54,No action,98.15
2026-01-01T00:25:20,M001,Cruise,10325.2,16.46,57.08,2928.9,107.35,586.58,4.47,93.17,30.82,1.629,27.614,24.73,17.957,0.88,154.55,8.395,65.92,125.08,0.9867,0.8212,0.1106,88.94,0.0423,0,Normal,Normal,0.0109,1606.98,No action,95.01
2026-01-01T00:25:30,M001,Hot Weather,12123.4,42.09,58.87,2897.1,114.31,619.97,4.482,106.07,31.16,1.836,27.71,25.77,17.907,0.882,157.92,8.502,65.99,124.13,0.9746,0.8096,0.1239,87.61,0.033,0,Normal,Normal,0.0113,1595.88,No action,95.28
2026-01-01T00:25:40,M001,Endurance,14942.9,10.0,53.92,2838.6,101.14,573.42,4.49,89.49,30.6,1.428,27.714,24.92,17.694,0.878,153.51,8.46,62.71,119.56,0.9785,0.8131,0.1169,88.31,0.018,0,Normal,Normal,0.0111,1603.76,No action,95.39
2026-01-01T00:25:50,M001,Endurance,22697.9,20.55,68.54,3145.1,112.24,616.97,4.392,97.84,33.46,1.774,27.591,25.66,17.974,0.933,172.51,8.781,75.09,136.18,0.9805,0.8145,0.1004,89.96,0.057,0,Normal,Normal,0.0107,1622.98,No action,97.14
2026-01-01T00:26:00,M001,Cruise,13188.2,17.97,60.37,2954.0,106.01,588.38,4.426,93.81,30.68,1.813,27.788,25.49,17.976,0.868,164.31,8.485,66.22,128.96,0.9876,0.8217,0.1033,89.67,0.0228,0,Normal,Normal,0.0108,1632.07,No action,95.99
2026-01-01T00:26:10,M001,Rapid Throttle,14527.6,33.03,76.68,3224.9,121.97,653.93,4.264,106.49,35.23,1.917,27.844,26.99,18.051,1.012,187.63,9.144,79.41,146.29,0.9837,0.8181,0.1111,88.89,0.0883,0,Normal,Normal,0.011,1597.76,No action,97.08
2026-01-01T00:26:20,M001,Rapid Throttle,12547.6,29.9,76.15,3218.1,120.26,656.14,4.3,103.16,35.67,1.935,27.689,26.36,18.129,0.991,182.98,8.964,79.83,145.6,0.9832,0.8178,0.1147,88.53,0.0847,0,Normal,Normal,0.0111,1592.34,No action,98.76
2026-01-01T00:26:30,M001,Rapid Throttle,9023.3,23.87,82.64,3194.4,128.22,673.37,4.287,104.45,36.41,1.861,27.804,27.77,18.062,1.014,192.32,9.566,83.33,153.08,0.9841,0.8184,0.1073,89.27,0.0972,0,Normal,Normal,0.0109,1614.67,No action,97.87
2026-01-01T00:26:40,M001,Endurance,15385.8,19.1,54.64,2985.8,102.65,586.02,4.61,92.72,29.89,1.417,27.592,25.56,17.978,0.883,148.81,8.255,59.57,120.35,0.9785,0.8132,0.1168,88.32,0.0279,0,Normal,Normal,0.0111,1596.06,No action,97.78
2026-01-01T00:26:50,M001,Endurance,23859.6,9.62,61.69,3000.3,106.0,598.01,4.417,90.56,31.45,1.646,27.786,25.93,17.982,0.835,166.68,8.85,66.6,128.24,0.9788,0.8134,0.1142,88.58,0.0564,0,Normal,Normal,0.011,1612.14,No action,98.99
2026-01-01T00:27:00,M001,High Altitude,28937.0,-22.85,74.47,3166.4,117.99,625.93,4.096,95.96,34.58,1.922,27.543,25.68,17.965,1.091,183.28,8.901,78.42,142.92,0.9801,0.8152,0.1283,87.17,0.0641,0,Normal,Normal,0.0115,1553.78,No action,97.42
2026-01-01T00:27:10,M001,Cruise,17075.2,28.79,69.0,3141.0,117.05,632.28,4.469,103.6,32.98,1.734,27.762,26.8,17.928,1.007,169.12,8.877,73.68,138.41,0.9862,0.8208,0.1151,88.49,0.0455,0,Normal,Normal,0.0111,1608.3,No action,96.44
2026-01-01T00:27:20,M001,High Altitude,25595.2,-19.65,64.48,3048.1,104.05,589.33,4.543,92.55,33.37,1.852,27.87,25.58,17.961,0.926,163.24,8.589,69.94,132.2,0.9821,0.8166,0.1115,88.85,0.0614,0,Normal,Normal,0.011,1605.23,No action,96.89
2026-01-01T00:27:30,M001,Endurance,20079.8,13.84,58.63,2969.8,104.13,574.89,4.501,88.32,31.47,1.84,27.728,25.57,17.927,0.842,155.89,8.358,66.44,124.66,0.9779,0.8127,0.1221,87.79,0.1117,0,Normal,Normal,0.0113,1604.45,No action,99.19
2026-01-01T00:27:40,M001,Endurance,15774.2,10.99,51.1,2874.3,101.47,558.81,4.687,86.73,29.96,1.614,27.852,24.3,17.889,0.812,146.29,8.057,57.61,116.71,0.9801,0.8142,0.1037,89.63,0.0787,0,Normal,Normal,0.0108,1612.27,No action,96.56
2026-01-01T00:27:50,M001,Endurance,20232.4,14.95,64.01,3038.4,110.29,600.01,4.265,94.36,32.45,1.739,27.629,25.6,17.838,0.947,166.81,8.664,69.03,131.17,0.9806,0.8145,0.0995,90.05,0.0257,0,Normal,Normal,0.0107,1606.63,No action,98.73
2026-01-01T00:28:00,M001,Cruise,12591.4,24.24,69.78,3082.6,109.73,624.86,4.225,96.06,33.7,1.932,27.607,25.89,18.092,0.92,176.74,8.929,73.62,139.4,0.9867,0.8212,0.1105,88.95,0.0466,0,Normal,Normal,0.0109,1590.85,No action,97.32
2026-01-01T00:28:10,M001,High Altitude,28366.3,-23.74,65.06,3055.7,110.21,602.92,4.519,92.3,31.77,1.762,27.754,26.36,17.833,0.939,165.16,8.576,70.77,132.94,0.9826,0.8169,0.1079,89.21,0.0451,0,Normal,Normal,0.0109,1608.19,No action,98.99
2026-01-01T00:28:20,M001,Cruise,13861.3,22.85,62.54,3058.6,107.71,608.87,4.293,96.9,32.19,1.744,27.697,26.51,17.834,0.897,162.94,8.514,69.03,131.19,0.9865,0.821,0.1129,88.71,0.0136,0,Normal,Normal,0.011,1594.49,No action,98.44
2026-01-01T00:28:30,M001,Rapid Throttle,13727.9,34.37,65.02,3031.3,115.33,617.74,4.384,101.98,33.96,1.834,27.548,26.18,17.999,0.955,164.86,8.696,71.06,133.11,0.9831,0.8178,0.1156,88.44,0.0585,0,Normal,Normal,0.0111,1589.74,No action,98.08
2026-01-01T00:28:40,M001,Cruise,14769.0,19.69,63.96,3089.6,107.93,594.58,4.518,93.7,31.02,1.634,27.726,25.61,17.738,0.897,166.22,8.669,72.99,132.83,0.9867,0.8211,0.1109,88.91,0.009,0,Normal,Normal,0.011,1582.67,No action,98.04
2026-01-01T00:28:50,M001,Endurance,18753.3,17.09,43.94,2755.0,92.62,541.57,4.687,86.5,26.99,1.498,27.765,24.02,17.8,0.797,136.08,7.625,56.43,108.43,0.9781,0.8129,0.1197,88.03,0.0132,0,Normal,Normal,0.0112,1573.11,No action,97.82
2026-01-01T00:29:00,M001,Endurance,23308.6,16.1,56.58,2933.9,103.74,590.92,4.53,92.25,29.99,1.521,27.707,26.18,18.031,0.913,150.84,8.308,64.13,122.65,0.9792,0.8137,0.1105,88.95,0.0586,0,Normal,Normal,0.0109,1606.58,No action,97.34
2026-01-01T00:29:10,M001,Hot Weather,15943.5,46.9,59.94,2929.8,116.64,621.19,4.5,107.42,31.16,1.982,27.518,26.29,17.913,0.903,159.74,8.444,67.2,125.62,0.9763,0.8107,0.11,89.0,0.029,0,Normal,Normal,0.0109,1608.69,No action,96.87
2026-01-01T00:29:20,M001,Hot Weather,13554.2,46.35,69.17,3160.5,123.85,669.95,4.224,115.05,32.09,1.852,27.75,26.63,17.689,0.994,170.45,9.029,73.32,135.82,0.9763,0.8107,0.1098,89.02,0.0754,0,Normal,Normal,0.0109,1605.97,No action,95.9
2026-01-01T00:29:30,M001,Hot Weather,10367.5,47.72,68.54,3094.8,122.85,648.44,4.478,112.68,34.09,2.153,27.662,26.33,17.777,1.008,175.31,8.954,74.64,135.02,0.9758,0.8104,0.1141,88.59,0.1126,0,Normal,Normal,0.011,1564.15,No action,99.61
2026-01-01T00:29:40,M001,Rapid Throttle,11126.6,31.97,52.35,2932.6,107.9,590.26,4.525,91.93,29.56,1.603,27.705,26.51,18.021,0.846,144.84,8.113,61.45,118.83,0.9826,0.8174,0.1197,88.03,0.0012,0,Normal,Normal,0.0112,1583.71,No action,98.61
2026-01-01T00:29:50,M001,High Altitude,27931.4,-23.91,64.26,3053.7,111.19,622.1,4.558,94.83,32.18,1.871,27.492,25.94,17.786,0.888,169.1,8.618,69.42,131.92,0.9819,0.8164,0.1132,88.68,0.0076,0,Normal,Normal,0.011,1585.38,No action,99.73
2026-01-01T00:30:00,M001,Endurance,17013.7,19.11,54.53,2892.0,102.51,582.21,4.423,88.04,28.75,1.678,27.662,25.84,17.821,0.878,151.06,8.477,61.11,120.19,0.9783,0.813,0.1185,88.15,0.04,0,Normal,Normal,0.0112,1594.78,No action,99.51
2026-01-01T00:30:10,M001,Rapid Throttle,9374.1,32.48,82.62,3328.1,125.78,676.55,4.234,111.22,37.02,1.937,27.727,28.23,18.068,1.027,188.1,9.609,84.3,153.02,0.984,0.8184,0.1081,89.19,0.1083,0,Normal,Normal,0.0109,1599.56,No action,95.72
2026-01-01T00:30:20,M001,High Altitude,28425.6,-15.19,76.36,3224.5,112.87,624.15,4.282,96.44,36.15,1.866,27.744,25.53,18.169,1.009,189.23,9.166,80.47,145.53,0.9824,0.8167,0.1095,89.05,0.0666,0,Normal,Normal,0.0109,1601.88,No action,98.04
2026-01-01T00:30:30,M001,Hot Weather,12415.8,45.1,70.5,3074.8,124.07,663.51,4.299,111.8,34.07,1.793,27.79,27.08,17.903,0.971,171.54,8.685,76.79,136.85,0.9742,0.8093,0.1273,87.27,0.1055,0,Normal,Normal,0.0114,1566.65,No action,98.87
2026-01-01T00:30:40,M001,Hot Weather,11589.2,36.18,61.33,3000.3,114.16,608.32,4.407,102.94,31.48,1.894,27.708,25.9,18.065,0.93,158.95,8.455,68.62,126.6,0.9734,0.8088,0.1341,86.59,0.0226,0,Normal,Normal,0.0117,1544.16,No action,99.3
2026-01-01T00:30:50,M001,High Altitude,25110.1,-10.65,71.73,3109.9,116.64,615.14,4.246,98.23,33.63,2.121,27.579,25.49,17.838,0.974,177.51,8.909,74.82,139.39,0.9779,0.8138,0.1468,85.32,0.1301,0,Normal,Normal,0.0122,1538.91,No action,96.91
2026-01-01T00:31:00,M001,High Altitude,22399.7,-17.27,64.47,3044.7,107.45,603.08,4.526,91.8,30.85,1.737,27.597,26.56,17.881,0.959,170.67,8.704,68.07,132.0,0.9812,0.8159,0.1194,88.06,0.0312,0,Normal,Normal,0.0112,1579.08,No action,99.4
2026-01-01T00:31:10,M001,High Altitude,23320.0,-16.03,63.76,3029.7,108.63,609.65,4.358,92.05,32.0,1.706,27.491,25.6,17.912,0.931,167.13,8.499,70.32,131.16,0.9809,0.8158,0.1213,87.87,0.0675,0,Normal,Normal,0.0112,1598.06,No action,97.02
2026-01-01T00:31:20,M001,Hot Weather,13577.1,46.22,63.05,2977.1,119.73,639.92,4.482,107.85,32.19,1.906,27.879,26.32,17.831,0.947,170.02,8.712,69.87,128.85,0.9752,0.81,0.1188,88.12,0.0818,0,Normal,Normal,0.0112,1594.96,No action,96.92
2026-01-01T00:31:30,M001,Hot Weather,12850.6,39.24,68.09,3074.0,118.2,645.91,4.5,105.42,33.9,1.921,27.594,26.2,18.026,0.884,171.93,8.99,76.27,134.02,0.9734,0.8087,0.1345,86.55,0.0445,0,Normal,Normal,0.0117,1561.26,No action,99.32
2026-01-01T00:31:40,M001,High Altitude,23017.7,-21.24,53.93,2833.0,99.94,565.47,4.677,86.54,31.33,1.699,27.663,25.6,17.805,0.884,151.16,8.264,60.97,120.51,0.9826,0.8169,0.1075,89.25,0.0449,0,Normal,Normal,0.0109,1587.1,No action,98.77
2026-01-01T00:31:50,M001,Endurance,23137.5,19.67,59.99,2920.3,108.6,587.37,4.43,90.76,31.39,1.743,27.51,25.32,17.953,0.874,161.6,8.476,66.93,126.28,0.9784,0.8131,0.1174,88.26,0.0428,0,Normal,Normal,0.0111,1582.48,No action,97.7
2026-01-01T00:32:00,M001,Rapid Throttle,13898.6,21.06,88.61,3393.9,124.89,659.32,4.257,106.74,37.74,2.065,27.486,28.49,18.022,1.101,200.26,9.859,89.11,159.3,0.9822,0.8172,0.1229,87.71,0.1246,0,Normal,Normal,0.0113,1574.96,No action,98.17
2026-01-01T00:32:10,M001,Rapid Throttle,7384.1,31.28,87.27,3359.2,124.71,680.56,4.243,109.82,37.3,1.972,27.701,27.07,17.99,1.035,199.13,9.405,89.2,157.58,0.9813,0.8165,0.1307,86.93,0.1299,0,Normal,Normal,0.0116,1541.79,No action,97.74
2026-01-01T00:32:20,M001,Endurance,14656.3,10.77,41.94,2688.0,98.4,525.6,4.531,83.13,27.19,1.513,27.989,24.03,17.88,0.733,136.15,7.607,51.61,106.02,0.9769,0.8121,0.1297,87.03,0.0968,0,Normal,Normal,0.0115,1575.97,No action,98.84
2026-01-01T00:32:30,M001,Rapid Throttle,12968.6,31.84,69.31,3122.7,118.76,612.99,4.367,103.73,33.35,1.746,27.798,26.83,18.141,0.952,170.97,9.122,73.92,137.83,0.9827,0.8175,0.119,88.1,0.0585,0,Normal,Normal,0.0112,1569.09,No action,99.23
2026-01-01T00:32:40,M001,High Altitude,25527.1,-5.66,82.95,3291.0,120.34,667.11,4.217,103.54,35.35,2.053,27.64,27.71,17.857,1.015,192.5,9.308,88.57,151.95,0.9783,0.814,0.1434,85.66,0.129,0,Normal,Normal,0.0121,1538.06,No action,95.03
2026-01-01T00:32:50,M001,High Altitude,24709.5,-31.49,57.24,2907.0,106.05,577.56,4.323,89.55,30.64,1.743,27.605,26.2,18.014,0.833,148.91,8.475,64.6,123.72,0.98,0.8152,0.1288,87.12,0.0161,0,Normal,Normal,0.0115,1569.1,No action,97.44
2026-01-01T00:33:00,M001,Cruise,11183.6,20.27,58.4,2840.1,107.75,587.39,4.571,89.56,29.59,1.522,27.799,25.86,18.017,0.892,158.36,8.076,66.25,126.08,0.9842,0.8195,0.1316,86.84,0.0592,0,Normal,Normal,0.0116,1562.76,No action,95.2
2026-01-01T00:33:10,M001,Hot Weather,15102.5,42.2,68.79,3129.3,118.0,648.33,4.337,111.68,33.52,1.938,27.682,27.06,17.832,0.91,173.11,8.931,73.12,134.83,0.9736,0.8089,0.1326,86.74,0.029,0,Normal,Normal,0.0116,1562.26,No action,98.78
2026-01-01T00:33:20,M002,Cruise,17765.0,18.87,53.88,2875.7,102.01,572.23,4.603,91.38,30.56,1.661,27.58,25.58,17.936,0.792,145.19,8.305,62.49,121.1,0.9848,0.8199,0.1269,87.31,0.0436,0,Normal,Normal,0.0114,1567.97,No action,99.03
2026-01-01T00:33:30,M002,High Altitude,24580.9,-14.06,58.58,2958.6,106.28,582.39,4.289,94.42,31.82,1.787,27.757,24.52,17.893,0.887,153.96,8.247,62.44,125.24,0.9802,0.8153,0.1274,87.26,0.0724,0,Normal,Normal,0.0114,1555.12,No action,96.49
2026-01-01T00:33:40,M002,Cruise,10932.5,17.09,69.73,3132.2,113.78,613.61,4.471,95.25,34.26,1.778,27.605,26.68,18.238,0.917,176.43,8.884,74.87,139.33,0.9866,0.8211,0.1113,88.87,0.0236,0,Normal,Normal,0.011,1600.92,No action,99.02
2026-01-01T00:33:50,M002,Cruise,10474.1,26.32,53.9,2889.1,107.18,597.4,4.761,94.66,29.52,1.665,27.741,24.32,17.895,0.843,154.72,8.346,63.31,121.07,0.9844,0.8196,0.1297,87.03,0.0674,0,Normal,Normal,0.0115,1567.27,No action,99.04
2026-01-01T00:34:00,M002,Endurance,23242.3,8.7,68.34,3141.7,106.09,602.08,4.222,96.84,33.94,1.79,27.803,25.53,17.876,0.933,173.57,8.779,73.13,135.13,0.9764,0.8118,0.1338,86.62,0.0254,0,Normal,Normal,0.0117,1559.55,No action,97.72
2026-01-01T00:34:10,M002,Endurance,23849.6,23.78,45.61,2729.7,96.04,550.34,4.612,88.49,27.83,1.472,27.804,25.4,17.875,0.794,137.8,7.777,56.22,110.23,0.9779,0.8127,0.122,87.8,0.0648,0,Normal,Normal,0.0113,1602.43,No action,97.98
2026-01-01T00:34:20,M002,High Altitude,27708.0,-22.99,58.43,2914.5,105.48,585.32,4.476,90.04,31.82,1.711,27.632,25.55,17.915,0.916,159.17,8.518,65.57,124.9,0.9793,0.8147,0.135,86.5,0.0438,0,Normal,Normal,0.0117,1550.69,No action,96.89
2026-01-01T00:34:30,M002,Cruise,14159.6,22.57,51.72,2852.9,95.56,574.9,4.372,88.59,29.91,1.655,27.695,25.3,18.054,0.836,141.54,8.177,61.78,118.63,0.9845,0.8196,0.1294,87.06,0.0405,0,Normal,Normal,0.0115,1578.07,No action,96.18
2026-01-01T00:34:40,M002,Rapid Throttle,11066.9,25.29,93.67,3470.5,129.92,700.41,3.984,112.07,39.97,2.303,27.731,27.82,17.947,1.124,210.92,9.729,95.7,164.94,0.9822,0.8171,0.1237,87.63,0.1794,0,Normal,Normal,0.0113,1594.67,No action,97.04
2026-01-01T00:34:50,M002,Cruise,11358.2,22.72,59.47,2940.5,109.77,590.83,4.314,93.92,31.41,1.798,27.816,25.78,17.729,0.895,161.04,8.517,66.44,127.27,0.9841,0.8194,0.1321,86.79,0.0054,0,Normal,Normal,0.0116,1537.83,No action,99.62
2026-01-01T00:35:00,M002,Rapid Throttle,15579.4,28.5,66.86,3041.2,115.23,635.24,4.298,101.84,33.02,1.771,27.593,25.7,17.942,0.894,169.16,8.434,71.63,134.78,0.9813,0.8165,0.1312,86.88,0.0304,0,Normal,Normal,0.0116,1553.42,No action,99.07
2026-01-01T00:35:10,M002,Hot Weather,13327.2,43.15,82.43,3289.7,131.54,696.07,4.168,118.86,37.24,1.877,27.884,27.41,17.924,1.007,195.01,9.311,84.1,149.76,0.9733,0.8087,0.1349,86.51,0.124,0,Normal,Normal,0.0117,1549.9,No action,99.43
2026-01-01T00:35:20,M002,High Altitude,25883.1,-26.82,70.17,3068.5,111.67,627.97,4.341,97.53,33.66,1.96,27.607,26.13,17.926,1.023,172.36,8.713,72.54,137.71,0.9781,0.8139,0.1446,85.54,0.0118,0,Normal,Normal,0.0121,1553.52,No action,95.79
2026-01-01T00:35:30,M002,High Altitude,26175.7,-8.46,75.37,3173.2,118.42,618.83,4.287,101.28,35.67,1.964,27.732,27.1,17.863,1.0,185.76,8.936,79.51,143.59,0.9786,0.8142,0.1409,85.91,0.0902,0,Normal,Normal,0.012,1543.11,No action,97.88
2026-01-01T00:35:40,M002,High Altitude,24904.0,-16.83,64.71,3011.3,105.69,602.15,4.304,96.62,34.03,1.69,27.834,26.52,18.049,0.939,163.86,8.756,70.14,131.59,0.9778,0.8137,0.1473,85.27,0.069,0,Normal,Normal,0.0122,1533.52,No action,99.55
2026-01-01T00:35:50,M002,High Altitude,25510.8,-26.78,81.26,3280.5,114.38,639.9,4.26,103.71,36.19,1.997,27.765,27.53,17.949,1.042,186.79,9.229,86.07,150.51,0.9803,0.8153,0.127,87.3,0.0527,0,Normal,Normal,0.0114,1554.18,No action,99.08
2026-01-01T00:36:00,M002,Hot Weather,8822.3,44.92,61.34,2962.4,114.72,633.41,4.437,109.4,31.31,1.692,27.473,25.73,17.817,0.88,162.52,8.754,65.61,126.63,0.9735,0.8088,0.1332,86.68,0.0633,0,Normal,Normal,0.0117,1554.59,No action,95.26
2026-01-01T00:36:10,M002,Rapid Throttle,7687.6,25.52,91.83,3487.4,130.78,664.96,3.956,112.05,39.01,2.18,27.815,28.16,18.122,1.131,203.48,9.702,92.5,162.83,0.9819,0.8169,0.1257,87.43,0.1913,0,Normal,Normal,0.0114,1561.0,No action,95.02
2026-01-01T00:36:20,M002,Endurance,14287.7,16.66,53.51,2800.1,103.1,579.99,4.559,88.29,30.54,1.563,27.756,25.66,17.962,0.904,152.45,8.03,62.12,118.77,0.9766,0.8119,0.1321,86.79,0.0208,0,Normal,Normal,0.0116,1551.16,No action,95.99
2026-01-01T00:36:30,M002,Cruise,13047.5,15.62,62.28,2983.7,107.94,592.96,4.421,90.83,32.56,1.943,27.653,26.05,17.87,0.882,165.18,8.626,68.29,130.17,0.9829,0.8186,0.1427,85.73,0.0774,0,Normal,Normal,0.012,1519.07,No action,97.42
2026-01-01T00:36:40,M002,Hot Weather,16530.3,37.99,61.19,2979.6,118.58,600.46,4.468,105.68,31.69,1.67,27.823,25.01,17.902,0.929,156.26,8.534,68.53,126.33,0.9728,0.8084,0.139,86.1,0.0811,0,Normal,Normal,0.0119,1544.14,No action,99.16
2026-01-01T00:36:50,M002,Rapid Throttle,13668.5,21.41,66.91,3055.4,112.81,613.61,4.215,95.82,34.07,1.921,27.741,26.54,17.913,0.929,166.22,8.645,71.78,134.65,0.9804,0.8159,0.1385,86.15,0.0378,0,Normal,Normal,0.0119,1541.69,No action,99.78
2026-01-01T00:37:00,M002,Rapid Throttle,8113.7,21.06,73.12,3194.2,114.3,621.08,4.499,99.46,34.26,2.097,27.798,26.86,18.065,0.973,183.37,8.943,77.0,141.51,0.9801,0.8157,0.1411,85.89,0.0367,0,Normal,Normal,0.012,1546.72,No action,95.97
2026-01-01T00:37:10,M002,Endurance,17674.6,17.01,52.59,2837.7,102.79,567.48,4.269,87.6,29.68,1.64,27.516,24.7,17.615,0.787,147.92,8.268,62.07,117.49,0.9753,0.811,0.1437,85.63,0.0895,0,Normal,Normal,0.0121,1551.66,No action,98.5
2026-01-01T00:37:20,M002,High Altitude,25421.9,-19.68,62.58,3018.2,105.96,583.86,4.594,91.21,32.16,1.583,27.73,25.8,17.864,0.866,165.71,8.455,71.34,129.58,0.9796,0.8149,0.1324,86.76,0.0513,0,Normal,Normal,0.0116,1548.56,No action,95.96
2026-01-01T00:37:30,M002,Endurance,21470.3,5.12,55.06,2834.9,103.83,590.59,4.411,85.67,30.01,1.514,27.444,24.62,18.017,0.837,149.31,8.196,63.99,120.05,0.9743,0.8104,0.1513,84.87,0.0621,0,Normal,Normal,0.0124,1528.08,No action,99.92
2026-01-01T00:37:40,M002,High Altitude,27197.9,-25.97,64.29,3039.6,110.07,594.16,4.211,88.91,32.69,1.746,27.634,24.94,17.792,0.922,165.82,8.455,68.81,131.31,0.9788,0.8144,0.1393,86.07,0.0982,0,Normal,Normal,0.0119,1546.18,No action,96.31
2026-01-01T00:37:50,M002,Rapid Throttle,15352.8,20.29,49.12,2764.1,98.35,559.84,4.624,89.55,28.77,1.544,27.56,24.27,17.935,0.831,147.93,7.825,58.66,114.93,0.9811,0.8164,0.1327,86.73,0.0168,0,Normal,Normal,0.0116,1560.33,No action,96.58
2026-01-01T00:38:00,M002,Rapid Throttle,10168.6,34.56,66.17,3069.0,118.01,630.19,4.319,102.72,32.98,1.918,27.786,26.23,17.608,0.91,168.43,8.159,70.1,133.68,0.9797,0.8155,0.1443,85.57,0.0549,0,Normal,Normal,0.0121,1547.47,No action,96.62
2026-01-01T00:38:10,M002,High Altitude,22509.3,-27.27,54.9,2907.1,101.99,583.06,4.362,91.86,30.27,1.666,27.405,24.61,17.935,0.855,150.78,8.381,64.35,120.75,0.9781,0.8139,0.145,85.5,0.0622,0,Normal,Normal,0.0121,1510.47,No action,95.88
2026-01-01T00:38:20,M002,Cruise,10944.5,26.43,61.81,3001.5,109.25,611.48,4.441,101.5,31.81,1.851,27.564,25.59,17.966,0.896,166.96,8.334,69.58,129.88,0.9841,0.8194,0.1326,86.74,0.0512,0,Normal,Normal,0.0116,1581.44,No action,97.35
2026-01-01T00:38:30,M002,High Altitude,29184.5,-21.72,73.65,3197.7,115.65,613.42,4.204,100.35,34.9,2.17,27.734,26.82,18.013,1.071,178.04,9.1,75.15,141.61,0.9783,0.814,0.1433,85.67,0.1029,0,Normal,Normal,0.0121,1540.0,No action,95.57
2026-01-01T00:38:40,M002,Rapid Throttle,12104.0,29.37,72.09,3114.5,118.81,641.92,4.343,100.58,33.09,2.028,27.743,25.7,18.004,1.002,174.39,8.839,76.59,140.21,0.9793,0.8152,0.1471,85.29,0.054,0,Normal,Normal,0.0122,1534.42,No action,98.3
2026-01-01T00:38:50,M002,High Altitude,24069.5,-13.04,70.16,3155.5,115.33,623.97,4.318,95.98,33.89,1.849,27.735,26.12,17.718,0.945,167.04,8.707,72.87,137.43,0.9769,0.8131,0.1552,84.48,0.0541,0,Normal,Normal,0.0126,1530.75,No action,96.67
2026-01-01T00:39:00,M002,Rapid Throttle,14228.4,21.23,38.73,2678.2,92.02,528.59,4.573,82.9,26.44,1.455,27.666,24.0,18.034,0.699,130.26,7.705,49.32,103.34,0.981,0.8164,0.133,86.7,0.0959,0,Normal,Normal,0.0116,1556.88,No action,99.28
2026-01-01T00:39:10,M002,High Altitude,26105.5,-30.29,68.74,3108.6,110.81,607.08,4.312,97.12,33.42,1.801,27.792,26.13,17.923,0.985,176.43,8.498,75.7,136.48,0.9798,0.8151,0.1305,86.95,0.0431,0,Normal,Normal,0.0116,1574.33,No action,99.08
2026-01-01T00:39:20,M002,Hot Weather,11097.0,45.84,65.12,3071.4,123.59,649.97,4.485,106.85,33.5,1.983,27.755,25.46,17.797,0.946,165.12,8.859,71.93,130.38,0.9715,0.8075,0.1498,85.02,0.0802,0,Normal,Normal,0.0124,1533.83,No action,99.56
2026-01-01T00:39:30,M002,High Altitude,27659.2,-16.44,59.21,2968.6,108.13,590.19,4.524,90.77,31.16,1.976,27.702,25.48,18.078,0.905,156.27,8.476,64.54,125.71,0.979,0.8145,0.1373,86.27,0.0438,0,Normal,Normal,0.0118,1554.98,No action,95.69
2026-01-01T00:39:40,M002,Cruise,10192.5,23.13,65.73,3101.9,110.28,628.56,4.457,98.23,33.67,1.809,27.728,26.57,18.088,0.926,174.97,8.718,71.4,134.16,0.9835,0.819,0.1377,86.23,0.0522,0,Normal,Normal,0.0118,1568.22,No action,98.82
2026-01-01T00:39:50,M002,Rapid Throttle,10841.7,34.45,68.1,3074.3,116.38,622.96,4.327,103.16,33.94,2.0,27.759,26.44,18.189,0.886,177.43,8.813,71.78,135.92,0.9801,0.8157,0.1409,85.91,0.009,0,Normal,Normal,0.012,1558.49,No action,97.74
2026-01-01T00:40:00,M002,Cruise,14965.8,19.1,45.53,2761.2,101.52,550.72,4.577,86.06,28.17,1.82,27.765,24.83,17.712,0.838,138.28,7.866,57.34,111.26,0.9821,0.8181,0.149,85.1,0.0667,0,Normal,Normal,0.0123,1508.18,No action,95.27
2026-01-01T00:40:10,M002,Endurance,17216.4,7.67,56.6,2915.3,104.33,585.26,4.445,92.51,30.13,1.733,27.692,25.71,17.755,0.798,152.77,8.35,63.02,121.69,0.974,0.8102,0.154,84.6,0.0978,0,Normal,Normal,0.0126,1545.22,No action,98.12
2026-01-01T00:40:20,M002,Rapid Throttle,15362.5,33.82,56.47,2953.1,111.97,600.58,4.508,101.38,31.38,1.681,27.749,25.91,17.783,0.865,156.3,8.354,62.93,123.0,0.9803,0.8159,0.1388,86.12,0.0722,0,Normal,Normal,0.0119,1538.76,No action,97.53
2026-01-01T00:40:30,M002,Rapid Throttle,13459.7,30.93,85.76,3339.4,131.49,696.84,4.093,111.52,36.72,1.917,27.442,27.8,17.884,1.058,192.86,9.594,86.73,155.43,0.9794,0.8152,0.1469,85.31,0.1585,0,Normal,Normal,0.0122,1525.45,No action,99.39
2026-01-01T00:40:40,M002,Rapid Throttle,10200.6,28.58,76.38,3268.4,120.87,655.33,4.338,104.47,35.45,1.97,27.767,26.51,17.853,0.955,184.0,8.951,79.03,145.3,0.9808,0.8162,0.1353,86.47,0.074,0,Normal,Normal,0.0117,1564.31,No action,99.46
2026-01-01T00:40:50,M002,High Altitude,26157.4,-32.13,64.61,3059.3,108.25,610.94,4.396,92.16,32.44,1.863,27.62,25.33,17.792,0.927,166.46,8.896,71.89,131.23,0.9766,0.8129,0.1577,84.23,0.0218,0,Normal,Normal,0.0127,1525.74,No action,97.94
2026-01-01T00:41:00,M002,Rapid Throttle,7012.8,28.82,65.48,3050.0,113.95,616.88,4.504,97.13,31.7,1.938,27.77,25.5,17.992,0.913,165.99,8.692,71.89,132.87,0.9795,0.8153,0.1461,85.39,0.073,0,Normal,Normal,0.0122,1548.47,No action,97.43
2026-01-01T00:41:10,M002,Endurance,17086.7,18.57,71.5,3173.4,109.69,614.28,4.392,97.9,35.38,1.902,27.569,25.94,17.729,1.013,175.74,8.824,78.02,138.53,0.976,0.8115,0.1376,86.24,0.0837,0,Normal,Normal,0.0118,1548.47,No action,97.91
2026-01-01T00:41:20,M002,High Altitude,25967.4,-28.61,76.76,3224.0,114.85,620.9,4.264,102.14,35.44,1.862,27.777,26.92,17.975,0.965,178.6,8.87,83.81,144.69,0.9766,0.8129,0.1572,84.28,0.0564,0,Normal,Normal,0.0127,1526.41,No action,98.91
2026-01-01T00:41:30,M002,Endurance,14214.9,12.58,51.74,2867.8,100.49,568.58,4.421,91.47,28.41,2.123,27.611,25.66,17.719,0.839,148.12,8.325,59.32,116.57,0.9753,0.811,0.1432,85.68,0.0756,0,Normal,Normal,0.0121,1553.16,No action,98.13
2026-01-01T00:41:40,M002,Rapid Throttle,8941.8,21.9,65.5,3013.7,109.25,604.68,4.431,92.05,31.94,1.877,27.782,26.53,17.757,0.902,170.12,8.772,73.61,133.17,0.9808,0.8162,0.1347,86.53,0.0216,0,Normal,Normal,0.0117,1555.3,No action,95.22
2026-01-01T00:41:50,M002,Hot Weather,10195.3,46.55,72.04,3175.6,124.93,664.19,4.407,113.19,34.62,1.799,27.798,25.64,17.921,0.946,178.37,8.711,78.25,138.1,0.9722,0.8079,0.1444,85.56,0.0967,0,Normal,Normal,0.0121,1550.74,No action,99.1
2026-01-01T00:42:00,M002,High Altitude,24356.1,-28.17,70.77,3098.8,115.89,617.19,4.349,100.29,32.85,1.944,27.821,26.86,18.063,0.958,171.32,8.867,78.34,138.36,0.978,0.8139,0.1454,85.46,0.0505,0,Normal,Normal,0.0122,1549.04,No action,95.02
2026-01-01T00:42:10,M002,Hot Weather,17514.9,38.04,54.39,2840.7,110.25,610.11,4.676,98.32,30.87,1.49,27.787,24.58,17.942,0.847,150.54,8.389,65.07,118.58,0.9713,0.8073,0.152,84.8,0.036,0,Normal,Normal,0.0125,1544.82,No action,97.5
2026-01-01T00:42:20,M002,Endurance,21786.4,23.44,64.17,3003.1,113.18,597.42,4.593,94.21,31.22,1.853,27.787,25.47,17.87,0.947,167.94,8.306,71.42,130.32,0.9755,0.8111,0.1421,85.79,0.0598,0,Normal,Normal,0.012,1547.41,No action,97.24
2026-01-01T00:42:30,M002,Cruise,10214.7,19.37,53.56,2829.8,106.7,553.86,4.592,92.59,30.53,1.735,27.544,25.27,17.832,0.854,148.05,8.25,60.04,120.19,0.9818,0.8178,0.1519,84.81,0.0677,0,Normal,Normal,0.0125,1539.72,No action,98.45
2026-01-01T00:42:40,M002,High Altitude,22059.5,-19.22,67.83,3032.9,109.48,605.45,4.219,99.52,33.53,1.816,27.58,25.38,17.749,0.956,172.95,8.965,71.91,135.36,0.9793,0.8147,0.1351,86.49,0.0,0,Normal,Normal,0.0117,1563.69,No action,99.08
2026-01-01T00:42:50,M002,Rapid Throttle,11377.4,33.63,59.68,2957.0,111.28,604.06,4.271,102.39,31.49,1.745,27.696,25.43,17.909,0.924,159.4,8.336,65.51,126.13,0.9781,0.8144,0.1579,84.21,0.036,0,Normal,Normal,0.0128,1525.89,No action,99.03
2026-01-01T00:43:00,M002,Cruise,17337.1,23.23,62.23,3007.1,108.12,604.62,4.386,94.98,32.79,1.781,27.694,25.66,17.699,0.918,164.82,8.531,69.39,129.9,0.9818,0.8178,0.152,84.8,0.0421,0,Normal,Normal,0.0125,1518.97,No action,96.52
2026-01-01T00:43:10,M002,Rapid Throttle,6046.7,23.58,66.39,3091.5,113.15,619.39,4.434,96.88,33.81,1.882,27.918,26.22,17.671,0.943,170.32,8.642,72.6,134.03,0.9802,0.8158,0.1404,85.96,0.035,0,Normal,Normal,0.0119,1560.95,No action,99.05
2026-01-01T00:43:20,M002,High Altitude,23859.3,-34.64,65.19,3030.0,112.69,653.94,4.238,95.52,36.82,2.286,27.66,25.58,17.669,0.958,164.88,8.643,72.07,131.9,0.9768,0.813,0.1561,72.39,0.3234,0,Injector Abnormality,Normal,0.2627,1534.06,No action,98.06
2026-01-01T00:43:30,M002,High Altitude,24543.7,-17.45,76.65,3124.8,113.24,668.66,4.329,102.55,38.54,2.719,27.469,26.52,17.856,0.993,185.34,9.192,81.3,144.94,0.9783,0.814,0.1436,73.64,0.4539,0,Injector Abnormality,Normal,0.2621,1547.98,No action,97.01
2026-01-01T00:43:40,M002,Hot Weather,13208.7,46.01,58.76,2946.3,120.07,677.74,4.464,105.22,35.68,2.551,27.505,25.04,17.952,0.873,157.64,8.418,65.79,123.43,0.9716,0.8076,0.1491,73.09,0.4173,0,Injector Abnormality,Normal,0.2623,1547.58,No action,99.29
2026-01-01T00:43:50,M002,High Altitude,28361.9,-30.08,71.07,3112.6,116.01,658.41,4.392,96.92,37.09,2.808,27.628,25.8,17.971,0.931,177.21,8.813,76.44,138.49,0.9771,0.8132,0.1534,72.66,0.4444,0,Injector Abnormality,Normal,0.2625,1519.9,No action,96.19
2026-01-01T00:44:00,M002,Hot Weather,15266.5,42.88,55.63,2920.5,115.93,657.22,4.609,104.61,34.14,2.549,27.519,26.16,17.745,0.88,152.27,8.027,63.91,119.79,0.9705,0.8068,0.1585,72.15,0.3589,0,Injector Abnormality,Normal,0.2628,1508.17,No action,99.81
2026-01-01T00:44:10,M002,Cruise,11553.8,22.64,67.99,3135.2,110.89,649.77,4.415,97.75,36.07,2.572,27.505,25.81,17.812,0.902,172.26,8.764,75.57,136.56,0.9828,0.8186,0.143,73.7,0.4245,0,Injector Abnormality,Normal,0.262,1535.8,No action,99.94
2026-01-01T00:44:20,M002,Cruise,13181.3,21.34,49.7,2791.8,98.73,596.78,4.688,89.57,31.95,2.63,27.764,24.86,17.779,0.84,148.44,8.14,58.24,116.13,0.9832,0.8188,0.1401,73.99,0.3603,0,Injector Abnormality,Normal,0.2619,1580.88,No action,95.92
2026-01-01T00:44:30,M002,Cruise,13342.7,17.8,68.9,3070.7,111.4,651.76,4.359,99.38,36.8,2.939,27.628,24.98,17.966,0.983,174.68,8.852,74.73,137.08,0.9805,0.817,0.1628,71.72,0.4355,0,Injector Abnormality,Normal,0.263,1510.09,No action,99.85
2026-01-01T00:44:40,M002,High Altitude,22488.5,-32.09,69.45,3165.8,111.87,656.89,4.291,95.38,37.72,2.489,27.857,27.08,17.887,0.998,171.57,8.796,75.03,137.03,0.9787,0.8143,0.14,74.0,0.3535,0,Injector Abnormality,Normal,0.2619,1556.45,No action,99.5
2026-01-01T00:44:50,M002,Hot Weather,9228.9,40.87,59.84,2987.0,113.83,661.3,4.289,104.22,33.96,2.532,27.811,26.33,17.647,0.879,154.43,8.437,68.85,124.42,0.9706,0.8069,0.1578,72.22,0.3702,0,Injector Abnormality,Normal,0.2628,1494.69,No action,98.26
2026-01-01T00:45:00,M002,Hot Weather,9950.8,41.56,63.86,3024.4,116.86,668.86,4.432,104.53,35.77,2.605,27.668,25.44,17.789,0.924,169.44,8.546,69.89,128.56,0.9693,0.806,0.1683,71.17,0.3574,0,Injector Abnormality,Normal,0.2633,1504.58,No action,99.2
2026-01-01T00:45:10,M002,Endurance,18763.0,19.51,51.15,2882.4,97.35,602.7,4.479,85.0,32.63,2.5,27.461,24.23,17.985,0.763,143.97,8.088,59.23,115.47,0.9728,0.8094,0.1641,71.59,0.3767,0,Injector Abnormality,Normal,0.2631,1507.95,No action,99.55
2026-01-01T00:45:20,M002,Rapid Throttle,11769.2,34.7,54.18,2836.4,112.02,638.76,4.446,95.66,33.54,2.451,27.742,24.69,17.884,0.893,148.57,8.011,62.67,119.86,0.9771,0.8138,0.1656,71.44,0.3507,0,Injector Abnormality,Normal,0.2632,1497.98,No action,96.67
2026-01-01T00:45:30,M002,Cruise,17922.7,27.43,58.5,2907.7,112.37,636.91,4.524,98.72,33.83,2.806,27.745,25.6,18.007,0.807,162.59,8.211,63.53,125.8,0.9822,0.8181,0.1481,73.19,0.4422,0,Injector Abnormality,Normal,0.2623,1532.48,No action,98.31
2026-01-01T00:45:40,M002,Hot Weather,14963.8,44.78,64.28,3045.5,116.32,678.2,4.413,106.76,36.4,2.63,27.555,25.88,17.932,0.915,160.3,8.84,70.91,129.04,0.9694,0.8061,0.1676,71.24,0.3607,0,Injector Abnormality,Normal,0.2633,1490.11,No action,95.06
2026-01-01T00:45:50,M002,High Altitude,23345.8,-31.48,81.96,3328.2,122.75,681.27,4.136,103.31,40.35,2.712,27.634,27.02,17.682,1.096,191.11,9.501,85.57,150.99,0.9789,0.8144,0.1382,74.18,0.4524,0,Injector Abnormality,Normal,0.2618,1540.48,No action,96.84
2026-01-01T00:46:00,M002,Hot Weather,13097.5,44.69,67.62,3093.2,124.55,683.36,4.317,108.65,36.69,2.909,27.765,26.06,17.805,0.944,169.76,8.574,72.67,133.07,0.9712,0.8073,0.1522,72.78,0.4906,0,Injector Abnormality,Normal,0.2625,1513.26,No action,97.41
2026-01-01T00:46:10,M002,Rapid Throttle,7173.3,24.71,71.86,3187.1,116.5,661.46,4.311,99.61,38.74,2.74,27.705,25.93,18.185,1.014,183.93,8.872,75.67,140.11,0.9801,0.8157,0.1409,73.91,0.4681,0,Injector Abnormality,Normal,0.262,1554.64,No action,95.48
2026-01-01T00:46:20,M002,Endurance,19226.7,6.98,51.61,2847.6,102.92,612.48,4.487,83.47,32.87,2.481,27.713,24.72,17.846,0.821,150.06,8.202,59.63,116.26,0.9744,0.8104,0.151,72.9,0.3828,0,Injector Abnormality,Normal,0.2624,1532.88,No action,97.87
2026-01-01T00:46:30,M002,High Altitude,29962.9,-10.38,67.4,3110.0,110.9,654.35,4.406,95.86,36.91,2.783,27.759,26.61,17.947,0.923,172.03,8.695,76.14,134.43,0.9771,0.8133,0.153,72.7,0.4082,0,Injector Abnormality,Normal,0.2625,1526.2,No action,98.11
2026-01-01T00:46:40,M002,High Altitude,23405.9,-19.13,70.28,3057.6,109.87,660.35,4.256,101.06,37.79,2.677,27.347,25.49,17.845,0.982,171.37,8.874,75.6,137.6,0.9771,0.8132,0.1537,72.63,0.3785,0,Injector Abnormality,Normal,0.2625,1522.79,No action,99.37
2026-01-01T00:46:50,M002,Hot Weather,15775.3,39.6,62.73,2983.3,122.21,654.06,4.479,104.52,35.48,2.588,27.626,25.34,18.073,0.929,159.72,8.642,69.9,127.73,0.9714,0.8074,0.151,72.9,0.4492,0,Injector Abnormality,Normal,0.2624,1536.86,No action,99.58
2026-01-01T00:47:00,M002,Endurance,18239.8,24.96,55.28,2851.9,107.39,632.13,4.468,90.79,33.04,2.55,27.577,25.04,17.587,0.877,146.95,8.03,63.05,120.36,0.9747,0.8106,0.1484,73.16,0.3251,0,Injector Abnormality,Normal,0.2623,1513.55,No action,96.63
2026-01-01T00:47:10,M002,Rapid Throttle,10955.1,32.48,72.53,3188.5,116.38,677.31,4.294,107.66,38.03,2.646,27.566,27.29,17.742,1.013,176.35,9.225,75.14,140.32,0.9776,0.8141,0.1616,71.84,0.4346,0,Injector Abnormality,Normal,0.263,1494.51,No action,99.71
2026-01-01T00:47:20,M002,Cruise,12831.1,16.52,57.85,2958.5,106.87,625.31,4.485,93.26,35.16,2.541,27.784,25.66,18.078,0.894,158.17,8.386,64.75,124.98,0.9817,0.8178,0.1526,72.74,0.3583,0,Injector Abnormality,Normal,0.2625,1535.53,No action,98.2
2026-01-01T00:47:30,M002,High Altitude,25368.4,-6.21,71.67,3081.3,113.84,664.23,4.322,99.94,37.21,2.693,27.458,26.32,17.813,1.023,174.59,9.009,77.63,138.9,0.9759,0.8124,0.1633,71.67,0.4331,0,Injector Abnormality,Normal,0.2631,1507.57,No action,99.74
2026-01-01T00:47:40,M002,Endurance,16822.2,8.74,62.04,2988.7,111.06,625.32,4.252,90.99,35.68,2.766,27.783,25.35,17.831,0.926,158.93,8.561,69.43,127.8,0.9746,0.8106,0.1489,73.11,0.3891,0,Injector Abnormality,Normal,0.2623,1537.51,No action,99.04
2026-01-01T00:47:50,M002,High Altitude,22407.6,-24.91,72.33,3138.4,115.68,654.92,4.23,99.59,38.14,2.738,27.676,27.1,17.944,0.986,180.49,9.006,76.68,140.0,0.9776,0.8136,0.1492,73.08,0.4295,0,Injector Abnormality,Normal,0.2623,1558.33,No action,98.18
2026-01-01T00:48:00,M002,Endurance,15303.1,17.09,64.71,3015.6,108.99,645.81,4.356,95.99,36.12,2.913,27.599,25.82,17.794,0.906,166.25,8.811,70.37,130.28,0.9723,0.809,0.1685,71.15,0.4165,0,Injector Abnormality,Normal,0.2634,1509.54,No action,96.2
2026-01-01T00:48:10,M002,Rapid Throttle,14534.4,30.76,89.65,3438.1,130.65,729.57,4.233,111.61,42.03,2.857,27.597,28.1,17.916,1.119,197.69,9.661,89.49,159.39,0.9779,0.8142,0.1594,72.06,0.4871,0,Injector Abnormality,Normal,0.2628,1490.87,No action,95.14
2026-01-01T00:48:20,M002,High Altitude,25122.0,-17.24,71.18,3074.0,113.26,652.54,4.295,101.13,38.08,2.761,27.722,25.82,17.858,0.923,169.99,8.885,76.95,138.67,0.9773,0.8134,0.1514,72.86,0.4103,0,Injector Abnormality,Normal,0.2624,1524.74,No action,95.1
2026-01-01T00:48:30,M002,High Altitude,26841.3,-13.34,67.92,3139.0,112.82,647.64,4.41,94.46,36.84,2.83,27.629,26.81,17.844,0.946,169.2,8.753,72.15,134.83,0.9763,0.8127,0.1602,71.98,0.3855,0,Injector Abnormality,Normal,0.2629,1491.75,No action,96.83
2026-01-01T00:48:40,M002,Rapid Throttle,9954.6,27.19,82.28,3254.5,123.61,697.44,3.964,105.81,39.63,2.86,27.742,26.56,18.101,1.07,187.19,9.389,85.9,151.1,0.9774,0.8139,0.1633,71.67,0.4472,0,Injector Abnormality,Normal,0.263,1511.94,No action,96.77
2026-01-01T00:48:50,M002,Hot Weather,11778.8,35.57,70.04,3125.1,120.4,677.94,4.563,105.91,37.14,2.872,27.769,25.64,18.024,0.969,176.8,8.69,74.76,135.29,0.9692,0.806,0.1692,71.08,0.4624,0,Injector Abnormality,Normal,0.2634,1504.56,No action,99.23
2026-01-01T00:49:00,M002,Cruise,14348.9,28.3,60.51,2944.1,111.85,636.54,4.376,101.51,34.36,2.553,27.408,23.93,17.894,0.9,167.35,8.436,68.24,127.88,0.9813,0.8175,0.1556,72.44,0.3641,0,Injector Abnormality,Normal,0.2626,1529.66,No action,95.38
2026-01-01T00:49:10,M002,Cruise,11424.5,25.01,56.18,2944.6,104.83,637.17,4.466,91.68,34.04,2.875,27.65,25.51,18.004,0.842,156.09,8.21,61.72,122.7,0.9795,0.8163,0.1707,70.93,0.4111,0,Injector Abnormality,Normal,0.2635,1493.28,No action,97.11
2026-01-01T00:49:20,M002,Endurance,17526.1,17.73,62.88,3031.8,107.3,622.68,4.278,92.59,35.83,2.656,27.7,25.43,17.723,0.914,157.77,8.553,70.27,128.3,0.9725,0.8092,0.1668,71.32,0.3793,0,Injector Abnormality,Normal,0.2632,1505.9,No action,95.75
2026-01-01T00:49:30,M002,Endurance,17493.5,7.88,51.69,2861.6,100.35,603.83,4.713,87.22,34.28,2.477,27.558,26.17,17.936,0.791,150.72,8.054,60.0,116.49,0.9752,0.811,0.1441,73.59,0.392,0,Injector Abnormality,Normal,0.2621,1519.96,No action,99.85
2026-01-01T00:49:40,M002,Endurance,18164.9,23.98,62.07,2942.0,110.7,641.09,4.544,95.43,35.93,2.584,27.605,25.78,17.968,0.834,165.37,8.28,69.66,127.41,0.9725,0.8091,0.167,71.3,0.3786,0,Injector Abnormality,Normal,0.2633,1514.97,No action,98.47
2026-01-01T00:49:50,M002,High Altitude,26172.0,-28.43,69.89,3143.5,109.21,643.41,4.209,97.0,36.5,2.81,27.843,25.9,17.81,0.968,174.23,8.608,73.43,137.02,0.9764,0.8127,0.1595,72.05,0.4315,0,Injector Abnormality,Normal,0.2628,1514.66,No action,97.29
2026-01-01T00:50:00,M002,Cruise,17277.5,16.28,63.01,3018.9,108.67,624.36,4.405,98.63,34.3,2.542,27.652,25.23,17.94,0.937,166.68,8.392,72.51,130.47,0.9803,0.8169,0.1643,71.57,0.345,0,Injector Abnormality,Normal,0.2631,1503.97,No action,96.12
2026-01-01T00:50:10,M002,Cruise,14690.9,28.28,58.42,2903.0,106.11,611.19,4.299,100.48,31.13,1.633,27.433,24.82,18.051,0.857,159.28,8.458,64.75,125.5,0.9811,0.8174,0.1577,84.23,0.0833,0,Normal,Normal,0.0127,1503.05,No action,98.06
2026-01-01T00:50:20,M002,High Altitude,26535.2,-25.71,67.82,3034.8,111.47,613.43,4.458,97.25,33.8,1.881,27.679,25.73,17.73,1.024,169.45,8.756,72.05,134.33,0.9744,0.8114,0.1757,82.43,0.1027,0,Normal,Normal,0.0138,1470.71,No action,95.14
2026-01-01T00:50:30,M002,Hot Weather,9289.8,43.87,68.41,3075.3,127.08,650.22,4.226,107.88,32.86,1.93,27.86,26.86,17.867,0.941,172.65,8.718,74.52,133.23,0.9678,0.8051,0.1805,81.95,0.0978,0,Normal,Normal,0.0141,1483.76,No action,99.53
2026-01-01T00:50:40,M002,Hot Weather,9083.5,35.84,66.7,3042.4,116.8,635.15,4.246,103.63,33.33,1.929,27.638,26.04,18.027,0.986,168.52,8.96,73.65,131.97,0.9708,0.807,0.1558,84.42,0.0774,0,Normal,Normal,0.0126,1487.29,No action,98.93
2026-01-01T00:50:50,M002,High Altitude,24158.8,-26.05,55.25,2870.8,102.2,579.3,4.555,89.0,30.29,1.803,27.567,24.67,17.958,0.801,152.59,8.336,65.6,120.37,0.974,0.8112,0.1792,82.08,0.0265,0,Normal,Normal,0.014,1491.95,No action,98.05
2026-01-01T00:51:00,M002,Cruise,11588.5,27.35,56.46,2974.2,104.42,586.38,4.527,94.57,29.87,1.749,27.856,26.39,17.858,0.885,150.84,8.154,62.87,123.47,0.9819,0.818,0.1506,84.94,0.0903,0,Normal,Normal,0.0124,1533.5,No action,99.06
2026-01-01T00:51:10,M002,Rapid Throttle,15551.0,32.29,65.62,3071.4,117.39,634.71,4.257,102.04,33.84,1.587,27.794,25.17,18.101,0.897,167.87,8.571,71.55,132.49,0.9768,0.8135,0.1683,83.17,0.0448,0,Normal,Normal,0.0133,1500.89,No action,96.7
2026-01-01T00:51:20,M002,Hot Weather,8876.2,36.35,56.87,2882.1,109.95,604.45,4.528,98.46,30.04,1.831,27.591,25.29,17.723,0.905,158.5,8.426,64.34,121.14,0.9704,0.8068,0.1588,84.12,0.0576,0,Normal,Normal,0.0128,1501.34,No action,95.46
2026-01-01T00:51:30,M002,Hot Weather,10645.0,46.7,65.32,3056.2,122.04,641.38,4.425,113.22,32.17,1.731,27.903,26.07,17.856,0.942,166.24,8.465,69.44,129.99,0.9685,0.8055,0.1752,82.48,0.1006,0,Normal,Normal,0.0138,1469.76,No action,99.36
2026-01-01T00:51:40,M002,Hot Weather,8995.8,45.96,64.39,3019.8,123.77,653.05,4.469,109.26,33.03,1.762,27.528,26.42,17.895,0.926,164.67,8.418,72.55,129.03,0.9688,0.8057,0.1727,82.73,0.1189,0,Normal,Normal,0.0136,1498.8,No action,96.84
2026-01-01T00:51:50,M002,Endurance,22404.6,6.03,67.38,3167.7,112.08,611.59,4.392,94.83,33.23,1.959,27.717,25.94,17.906,0.975,164.1,8.744,73.95,133.11,0.9718,0.8087,0.1727,82.73,0.0573,0,Normal,Normal,0.0136,1477.25,No action,97.57
2026-01-01T00:52:00,M002,Cruise,17117.7,28.55,69.08,3075.7,117.74,639.58,4.449,101.4,33.76,1.91,27.708,25.5,17.772,0.901,171.52,8.829,76.03,137.08,0.9795,0.8164,0.1706,82.94,0.0706,0,Normal,Normal,0.0135,1491.13,No action,99.31
2026-01-01T00:52:10,M002,Cruise,12140.7,19.41,45.56,2749.5,98.85,545.69,4.582,81.18,28.9,1.516,27.548,24.02,18.065,0.808,137.08,7.931,54.72,110.95,0.98,0.8167,0.1663,83.37,0.0492,0,Normal,Normal,0.0132,1478.59,No action,96.89
2026-01-01T00:52:20,M002,Rapid Throttle,14894.5,33.16,92.02,3404.4,131.88,707.52,4.01,117.62,39.16,2.112,27.735,27.42,17.916,1.122,205.84,9.676,90.74,161.85,0.9772,0.8138,0.1654,83.46,0.1691,0,Normal,Normal,0.0132,1517.49,No action,98.39
2026-01-01T00:52:30,M002,High Altitude,26218.1,-9.2,65.39,3041.5,107.92,601.33,4.414,95.72,32.19,1.99,27.646,25.98,17.922,0.911,169.5,8.54,71.04,131.97,0.976,0.8125,0.1624,83.76,0.0195,0,Normal,Normal,0.013,1489.15,No action,95.06
2026-01-01T00:52:40,M002,Hot Weather,8391.2,44.4,78.13,3231.0,126.53,674.22,4.15,114.71,35.41,1.943,27.525,27.39,17.611,1.04,187.29,9.154,81.59,144.18,0.9695,0.8062,0.1668,83.32,0.1193,0,Normal,Normal,0.0132,1500.29,No action,99.47
2026-01-01T00:52:50,M002,Endurance,21241.1,18.76,49.41,2807.0,100.25,560.29,4.48,88.44,28.27,1.613,27.767,25.15,17.785,0.822,145.22,8.087,60.55,113.24,0.9711,0.8082,0.1787,82.13,0.0813,0,Normal,Normal,0.014,1457.67,No action,96.82
2026-01-01T00:53:00,M002,Cruise,13823.4,16.38,61.29,2980.6,110.49,600.6,4.525,90.15,32.24,1.874,27.825,24.98,17.892,0.866,161.12,8.575,66.02,128.53,0.9802,0.8168,0.165,83.5,0.0284,0,Normal,Normal,0.0131,1502.16,No action,95.28
2026-01-01T00:53:10,M002,Hot Weather,11855.8,35.89,53.75,2832.1,104.79,598.65,4.464,98.04,30.24,1.777,27.668,24.57,17.893,0.8,150.56,8.115,62.91,117.65,0.97,0.8065,0.1625,83.75,0.0278,0,Normal,Normal,0.013,1503.98,No action,98.94
2026-01-01T00:53:20,M002,Hot Weather,14486.2,42.72,64.89,2995.5,119.84,638.33,4.45,105.29,32.63,1.89,27.665,25.71,17.914,0.938,167.44,8.455,69.57,129.83,0.9701,0.8065,0.1621,83.79,0.0687,0,Normal,Normal,0.013,1511.75,No action,96.33
2026-01-01T00:53:30,M002,Endurance,21058.5,17.44,58.13,2922.1,104.13,582.8,4.402,89.97,31.78,1.98,27.608,25.14,17.877,0.93,155.29,8.462,68.07,123.08,0.9725,0.8091,0.1671,83.29,0.0733,0,Normal,Normal,0.0133,1499.94,No action,97.63
2026-01-01T00:53:40,M002,Cruise,10875.1,22.88,62.39,2990.9,106.9,598.74,4.402,88.81,32.87,1.831,27.665,25.06,18.018,0.941,159.2,8.722,66.71,129.72,0.98,0.8167,0.1663,83.37,0.0399,0,Normal,Normal,0.0132,1497.26,No action,96.57
2026-01-01T00:53:50,M002,Cruise,11762.0,25.44,67.76,3060.0,114.61,618.2,4.126,101.81,33.11,2.156,27.621,26.35,18.093,0.925,172.25,8.433,71.71,135.44,0.9787,0.8158,0.1777,82.23,0.0688,0,Normal,Normal,0.0139,1487.91,No action,97.1
2026-01-01T00:54:00,M002,Endurance,21925.3,7.94,54.9,2868.7,106.17,581.43,4.564,91.55,30.7,1.711,27.666,25.08,17.805,0.841,151.48,8.03,65.6,119.35,0.9715,0.8085,0.1752,82.48,0.0629,0,Normal,Normal,0.0138,1486.68,No action,95.61
2026-01-01T00:54:10,M002,Rapid Throttle,7967.3,25.32,64.67,3047.3,108.92,592.93,4.445,99.84,32.98,1.832,27.748,25.0,17.796,0.901,169.32,8.576,70.16,131.48,0.977,0.8137,0.1666,83.34,0.0709,0,Normal,Normal,0.0132,1511.69,No action,98.49
2026-01-01T00:54:20,M002,Cruise,13689.2,22.9,77.32,3193.7,120.55,648.59,4.254,101.5,35.55,1.988,27.597,27.26,18.067,1.022,180.23,9.0,82.7,146.33,0.9798,0.8165,0.1685,83.15,0.1231,0,Normal,Normal,0.0133,1482.2,No action,99.73
2026-01-01T00:54:30,M002,Hot Weather,16392.0,42.73,72.41,3091.4,123.24,665.88,4.177,110.91,34.2,1.924,27.453,25.52,17.838,0.991,176.38,9.101,76.08,137.54,0.9676,0.8049,0.1826,81.74,0.1169,0,Normal,Normal,0.0143,1485.21,No action,96.4
2026-01-01T00:54:40,M002,Cruise,11605.6,18.71,52.81,2873.9,101.33,566.14,4.527,88.73,31.2,1.768,27.804,24.12,17.923,0.84,149.53,8.193,61.78,118.76,0.9786,0.8157,0.1785,82.15,0.0494,0,Normal,Normal,0.014,1469.86,No action,97.44
2026-01-01T00:54:50,M002,Rapid Throttle,8751.8,22.22,52.01,2860.9,104.16,571.28,4.433,89.29,29.14,1.524,27.73,24.58,17.91,0.847,144.97,8.165,61.08,117.18,0.9757,0.8128,0.1778,82.22,0.0003,0,Normal,Normal,0.0139,1479.81,No action,98.95
2026-01-01T00:55:00,M002,Rapid Throttle,13151.8,25.91,89.97,3385.4,126.13,666.82,3.882,110.46,37.93,2.127,27.499,27.74,17.939,1.134,201.57,9.562,90.33,159.34,0.9762,0.8131,0.1732,82.68,0.1928,0,Normal,Normal,0.0136,1494.82,No action,99.2
2026-01-01T00:55:10,M002,Cruise,15434.6,26.93,54.9,2958.8,105.7,594.62,4.652,94.29,30.72,1.676,27.688,24.91,17.842,0.851,152.81,8.127,63.54,121.27,0.9795,0.8163,0.171,82.9,0.0293,0,Normal,Normal,0.0135,1480.57,No action,99.02
2026-01-01T00:55:20,M002,Hot Weather,16086.7,37.65,67.2,3091.3,117.67,631.79,4.407,107.41,33.47,1.861,27.385,25.49,17.754,0.956,165.99,8.582,73.35,132.16,0.9691,0.8059,0.1701,82.99,0.0418,0,Normal,Normal,0.0134,1483.43,No action,99.31
2026-01-01T00:55:30,M002,Cruise,16991.8,22.48,65.68,3027.3,115.16,603.06,4.411,97.37,32.68,1.838,27.795,25.8,18.012,0.906,165.57,8.52,70.59,133.4,0.9801,0.8167,0.1661,83.39,0.0766,0,Normal,Normal,0.0132,1490.97,No action,95.32
2026-01-01T00:55:40,M002,Endurance,22880.3,20.15,56.53,2840.7,104.68,571.0,4.561,89.38,29.94,1.781,27.68,24.37,17.958,0.913,151.11,8.19,64.73,121.12,0.9714,0.8084,0.1757,82.43,0.048,0,Normal,Normal,0.0138,1478.1,No action,97.52
2026-01-01T00:55:50,M002,High Altitude,28798.7,-10.66,61.97,2983.1,105.02,607.82,4.372,94.05,31.52,1.792,27.674,24.49,17.959,0.926,161.44,8.555,70.46,127.95,0.9748,0.8117,0.1723,82.77,0.067,0,Normal,Normal,0.0136,1492.93,No action,97.06
2026-01-01T00:56:00,M002,High Altitude,26289.7,-33.29,74.08,3151.0,118.01,648.12,4.342,94.22,35.31,1.853,27.504,27.4,17.998,1.002,183.93,9.136,75.64,141.49,0.9755,0.8122,0.1663,83.37,0.0843,0,Normal,Normal,0.0132,1490.67,No action,98.49
2026-01-01T00:56:10,M002,Endurance,16675.4,19.11,52.28,2844.8,102.99,575.6,4.511,88.13,29.51,1.622,27.797,25.63,18.114,0.81,143.46,8.017,61.47,116.38,0.971,0.8082,0.1793,82.07,0.0434,0,Normal,Normal,0.014,1477.25,No action,98.61
2026-01-01T00:56:20,M002,Hot Weather,8188.5,43.58,82.23,3285.8,130.5,691.56,4.317,112.13,36.23,1.916,27.838,26.83,18.063,1.051,191.83,9.319,83.09,148.52,0.9689,0.8057,0.172,82.8,0.1676,0,Normal,Normal,0.0136,1474.77,No action,95.36
2026-01-01T00:56:30,M002,Cruise,17619.8,21.36,53.68,2752.3,104.76,577.33,4.467,94.21,31.15,1.726,28.071,24.9,17.754,0.827,149.2,8.127,63.58,119.65,0.9781,0.8154,0.1824,81.76,0.0499,0,Normal,Normal,0.0142,1489.13,No action,96.14
2026-01-01T00:56:40,M002,Cruise,12567.9,22.0,68.39,3156.4,114.66,613.69,4.309,100.04,33.86,2.02,27.817,25.69,18.089,0.974,173.84,8.886,75.86,135.91,0.9776,0.8151,0.1866,81.34,0.0645,0,Normal,Normal,0.0145,1466.0,No action,99.81
2026-01-01T00:56:50,M002,Rapid Throttle,8590.5,30.77,67.92,3046.0,115.24,637.74,4.256,103.38,33.52,1.875,27.735,26.05,17.739,0.902,165.36,8.824,74.87,134.58,0.9746,0.8121,0.1863,81.37,0.0567,0,Normal,Normal,0.0145,1454.09,No action,97.96
2026-01-01T00:57:00,M002,Endurance,14446.1,21.16,61.45,2936.0,107.75,592.26,4.437,94.46,31.79,1.806,27.541,25.71,17.872,0.957,164.53,8.514,70.19,126.93,0.9734,0.8098,0.1588,84.12,0.0219,0,Normal,Normal,0.0128,1507.4,No action,97.91
2026-01-01T00:57:10,M002,Cruise,10411.5,27.54,54.99,2853.3,108.82,590.59,4.487,93.23,31.55,1.894,27.555,24.56,17.965,0.881,149.15,8.069,62.47,121.02,0.9777,0.8151,0.186,81.4,0.0217,0,Normal,Normal,0.0145,1472.84,No action,95.87
2026-01-01T00:57:20,M002,High Altitude,27392.8,-31.46,65.64,2965.8,110.35,606.37,4.298,96.0,33.13,1.729,27.733,25.53,17.72,0.972,170.42,8.662,71.71,131.67,0.9732,0.8106,0.1861,81.39,0.0549,0,Normal,Normal,0.0145,1469.11,No action,97.43
2026-01-01T00:57:30,M002,Rapid Throttle,7190.3,34.91,37.71,2614.3,97.61,551.43,4.489,91.07,27.01,1.64,27.756,23.87,17.9,0.72,119.5,7.524,49.5,101.01,0.9735,0.8113,0.1962,80.38,0.0766,0,Normal,Normal,0.0153,1437.0,No action,98.15
2026-01-01T00:57:40,M002,Hot Weather,8969.0,42.54,70.17,3081.1,123.91,654.77,4.426,111.57,34.88,1.895,27.283,26.18,18.001,0.922,171.71,8.942,76.26,135.28,0.9685,0.8055,0.1752,82.48,0.1156,0,Normal,Normal,0.0138,1491.08,No action,97.81
2026-01-01T00:57:50,M002,High Altitude,28027.8,-9.84,83.19,3345.7,120.31,650.48,4.171,102.95,36.9,2.134,27.914,26.2,17.774,1.0,191.69,9.367,86.67,151.25,0.9742,0.8113,0.1776,82.24,0.0857,0,Normal,Normal,0.0139,1458.06,No action,97.78
2026-01-01T00:58:00,M002,Hot Weather,17684.4,37.04,65.13,2977.5,118.51,632.45,4.287,104.04,31.7,1.944,27.652,25.5,17.717,0.935,169.78,8.738,69.74,129.69,0.968,0.8052,0.1788,82.12,0.1034,0,Normal,Normal,0.014,1472.81,No action,98.77
2026-01-01T00:58:10,M002,Rapid Throttle,13335.6,32.86,86.76,3359.2,128.75,691.77,4.142,113.59,38.16,1.986,27.694,26.75,17.973,1.061,195.14,9.491,87.97,155.91,0.9767,0.8135,0.169,83.1,0.123,0,Normal,Normal,0.0134,1504.14,No action,98.54
2026-01-01T00:58:20,M002,Hot Weather,10189.3,40.81,65.61,3021.7,120.04,653.14,4.309,106.38,33.44,2.054,27.824,26.27,17.66,0.888,164.32,8.769,72.07,130.38,0.9689,0.8058,0.1717,82.83,0.0969,0,Normal,Normal,0.0135,1513.72,No action,97.95
2026-01-01T00:58:30,M002,Rapid Throttle,15123.7,24.63,69.6,3059.4,116.25,626.06,4.14,100.65,32.9,1.858,27.564,25.87,17.838,0.944,167.28,9.01,76.41,136.49,0.9749,0.8123,0.1842,81.58,0.0935,0,Normal,Normal,0.0144,1457.66,No action,97.24
2026-01-01T00:58:40,M002,Cruise,11587.5,27.02,61.22,2983.1,110.31,624.54,4.494,97.43,32.33,1.781,27.648,25.29,17.941,0.895,158.36,8.455,69.15,128.19,0.9789,0.8159,0.1762,82.38,0.0577,0,Normal,Normal,0.0138,1465.68,No action,99.34
2026-01-01T00:58:50,M002,Endurance,21326.4,6.91,55.87,2925.5,100.33,581.18,4.464,88.07,30.27,1.766,27.646,25.62,17.821,0.828,154.89,8.261,65.69,120.17,0.9702,0.8076,0.1862,81.38,0.0463,0,Normal,Normal,0.0145,1474.49,No action,96.49
2026-01-01T00:59:00,M002,Rapid Throttle,7083.0,25.55,68.79,3066.1,113.08,630.89,4.371,94.56,33.95,2.025,27.529,25.89,17.919,0.922,169.15,8.746,72.6,135.59,0.9749,0.8122,0.1846,81.54,0.0581,0,Normal,Normal,0.0144,1488.14,No action,98.74
2026-01-01T00:59:10,M002,Endurance,19987.3,14.77,44.75,2728.7,99.65,540.28,4.587,85.04,27.24,1.827,27.574,24.44,17.882,0.803,136.89,7.841,55.96,108.03,0.9704,0.8078,0.184,81.6,0.0584,0,Normal,Normal,0.0144,1464.5,No action,95.57
2026-01-01T00:59:20,M002,Hot Weather,11994.1,43.8,76.09,3168.0,126.02,672.3,4.164,113.25,35.4,1.868,27.502,25.99,17.835,0.933,183.49,9.295,79.35,141.29,0.9664,0.8041,0.1922,80.78,0.121,0,Normal,Normal,0.015,1448.91,No action,97.38
2026-01-01T00:59:30,M002,Hot Weather,11118.4,35.79,65.45,3051.3,118.94,627.53,4.194,103.73,32.03,1.885,27.845,26.06,17.728,0.907,170.35,8.538,72.57,129.67,0.9662,0.804,0.1939,80.61,0.037,0,Normal,Normal,0.0151,1446.41,No action,99.61
2026-01-01T00:59:40,M002,High Altitude,26509.3,-17.73,70.95,3112.7,110.48,623.27,4.364,96.65,34.28,2.02,27.899,25.81,17.803,0.962,174.45,9.216,78.15,137.4,0.9726,0.8103,0.1905,80.95,0.0824,0,Normal,Normal,0.0148,1473.61,No action,97.87
2026-01-01T00:59:50,M002,Hot Weather,11855.3,46.48,72.3,3220.1,124.73,675.97,4.351,111.14,33.89,1.749,27.649,25.9,17.714,0.949,177.65,9.069,77.52,137.43,0.9677,0.8049,0.182,81.8,0.0692,0,Normal,Normal,0.0142,1476.12,No action,96.36
2026-01-01T01:00:00,M002,High Altitude,23527.9,-24.17,58.4,2998.4,103.01,584.4,4.427,91.25,32.16,1.746,27.549,26.0,17.855,0.869,157.56,8.315,65.96,123.96,0.9745,0.8115,0.1747,82.53,0.0444,0,Normal,Normal,0.0137,1472.33,No action,96.96
2026-01-01T01:00:10,M002,Hot Weather,8381.9,46.32,65.48,2978.5,123.93,662.25,4.405,111.45,33.06,1.562,27.546,25.93,18.013,0.98,167.34,8.719,70.74,130.1,0.9681,0.8052,0.1781,82.19,0.0873,0,Normal,Normal,0.014,1454.12,No action,97.07
2026-01-01T01:00:20,M002,Endurance,20696.4,6.68,56.3,2915.4,106.73,586.25,4.48,93.14,30.75,1.777,27.758,24.75,17.996,0.843,149.93,8.191,64.56,121.03,0.9723,0.809,0.1687,83.13,0.0841,0,Normal,Normal,0.0134,1506.88,No action,99.07
2026-01-01T01:00:30,M002,Rapid Throttle,14772.0,32.97,73.99,3162.2,117.6,646.93,4.24,108.42,35.42,1.87,27.583,26.45,17.768,1.012,186.86,8.986,80.3,141.28,0.9746,0.8121,0.1868,81.32,0.0845,0,Normal,Normal,0.0146,1469.91,No action,98.18
2026-01-01T01:00:40,M002,Rapid Throttle,11379.5,31.94,78.07,3241.1,126.49,643.35,4.231,107.8,35.59,2.018,27.548,26.45,17.864,1.051,187.92,9.205,82.64,146.04,0.9757,0.8128,0.1776,82.24,0.0975,0,Normal,Normal,0.0139,1474.34,No action,98.11
2026-01-01T01:00:50,M002,Rapid Throttle,10755.0,22.44,71.41,3066.6,113.86,614.06,4.155,100.14,33.88,1.957,27.49,26.06,18.037,0.938,173.0,8.848,76.93,138.23,0.9737,0.8114,0.1944,80.56,0.0665,0,Normal,Normal,0.0151,1446.22,No action,95.33
2026-01-01T01:01:00,M002,Rapid Throttle,7663.8,34.27,79.62,3228.0,124.85,659.72,4.229,107.14,36.38,2.067,27.56,26.31,17.943,0.985,188.01,9.255,84.14,147.26,0.9735,0.8113,0.1956,80.44,0.1099,0,Normal,Normal,0.0152,1455.01,No action,95.71
2026-01-01T01:01:10,M002,Hot Weather,12773.4,46.87,67.81,3095.4,120.69,659.25,4.442,111.14,34.31,2.079,27.779,26.52,17.712,0.935,166.7,8.686,74.17,132.23,0.9662,0.8039,0.1945,80.55,0.0524,0,Normal,Normal,0.0152,1451.31,No action,97.07
2026-01-01T01:01:20,M002,High Altitude,24898.2,-32.68,65.11,3023.3,110.84,599.79,4.406,95.45,33.36,1.853,27.503,25.5,18.143,0.932,168.66,8.548,71.56,130.9,0.9723,0.81,0.1936,80.64,0.058,0,Normal,Normal,0.0151,1441.12,No action,96.34
2026-01-01T01:01:30,M002,Hot Weather,12546.9,38.94,63.96,2980.1,115.47,637.42,4.292,103.33,33.15,1.824,27.756,24.94,18.006,0.947,163.87,8.405,72.2,128.14,0.9666,0.8042,0.1906,80.94,0.066,0,Normal,Normal,0.0148,1465.68,No action,95.33
2026-01-01T01:01:40,M002,Rapid Throttle,6398.4,25.54,60.54,2933.5,106.2,607.8,4.383,95.95,32.48,1.773,27.662,25.52,17.861,0.881,155.69,8.355,68.52,126.34,0.9742,0.8118,0.1901,80.99,0.0373,0,Normal,Normal,0.0148,1456.41,No action,99.28
2026-01-01T01:01:50,M002,Hot Weather,16255.7,35.99,67.35,3122.0,123.25,627.27,4.13,102.07,34.55,2.163,27.764,25.79,17.726,1.009,170.36,8.708,75.54,131.96,0.9673,0.8047,0.1852,81.48,0.1548,0,Normal,Normal,0.0144,1451.38,No action,97.83
2026-01-01T01:02:00,M002,Cruise,17959.3,15.73,53.23,2841.6,101.25,570.23,4.441,88.91,30.44,1.807,27.637,24.99,18.047,0.817,146.69,7.862,62.76,118.89,0.9767,0.8145,0.1942,80.58,0.0425,0,Normal,Normal,0.0151,1446.41,No action,98.88
2026-01-01T01:02:10,M002,Endurance,18606.4,16.15,67.47,3072.4,110.25,615.41,4.269,93.88,33.41,1.843,27.703,25.41,17.713,0.967,170.98,8.78,73.46,132.68,0.9693,0.807,0.1937,80.63,0.0496,0,Normal,Normal,0.0151,1436.55,No action,98.48
2026-01-01T01:02:20,M002,Endurance,20242.7,10.68,60.36,2928.7,108.82,576.88,4.49,95.63,32.22,1.869,27.691,25.06,18.086,0.893,150.61,8.613,67.5,125.14,0.9705,0.8078,0.1836,81.64,0.0395,0,Normal,Normal,0.0143,1476.34,No action,95.5
2026-01-01T01:02:30,M002,Endurance,23602.4,22.18,64.03,3030.7,108.06,609.0,4.342,94.79,33.39,1.831,27.745,26.05,18.08,0.879,167.35,8.728,70.49,129.03,0.9698,0.8074,0.1893,81.07,0.0273,0,Normal,Normal,0.0147,1446.68,No action,99.31
2026-01-01T01:02:40,M002,Rapid Throttle,7664.6,29.02,82.39,3256.3,126.35,670.83,4.006,112.43,37.15,2.073,27.765,26.74,17.77,1.056,191.87,9.54,85.81,150.49,0.9742,0.8118,0.1896,81.04,0.0882,0,Normal,Normal,0.0148,1463.33,No action,97.78
2026-01-01T01:02:50,M002,High Altitude,22889.3,-21.13,50.01,2769.1,96.64,580.33,4.619,87.29,29.77,1.777,27.81,25.13,17.984,0.783,140.96,8.151,59.86,114.16,0.9716,0.8095,0.1995,80.05,0.0469,0,Normal,Normal,0.0156,1431.06,No action,98.01
2026-01-01T01:03:00,M002,Cruise,14092.5,18.94,70.41,3082.6,114.18,629.33,4.312,95.24,34.38,1.919,27.597,26.47,17.769,0.96,176.09,8.8,77.37,138.19,0.9778,0.8152,0.1853,81.47,0.059,0,Normal,Normal,0.0145,1448.3,No action,97.16
2026-01-01T01:03:10,M002,Rapid Throttle,13138.0,30.7,75.86,3178.9,120.3,652.27,4.074,105.23,34.7,2.016,27.708,26.71,17.713,1.002,181.8,8.949,81.62,143.03,0.9732,0.8111,0.1983,80.17,0.1031,0,Normal,Normal,0.0155,1432.52,No action,97.62
2026-01-01T01:03:20,M002,High Altitude,26008.8,-8.88,66.26,3036.3,110.03,607.67,4.414,96.59,33.93,1.938,27.555,25.8,17.969,0.888,165.57,8.907,72.85,131.87,0.9708,0.809,0.2057,79.43,0.0685,0,Normal,Normal,0.0161,1410.52,No action,95.51
2026-01-01T01:03:30,M002,High Altitude,29616.2,-18.87,69.37,3066.2,112.32,616.1,4.489,95.44,33.46,1.979,27.815,26.5,18.145,0.949,174.51,8.787,72.61,135.59,0.9723,0.81,0.1934,80.66,0.0972,0,Normal,Normal,0.0151,1438.89,No action,99.34
2026-01-01T01:03:40,M002,Endurance,18642.7,8.93,59.88,2962.2,109.33,592.11,4.291,94.4,31.44,1.917,27.575,25.84,17.704,0.897,163.32,8.27,66.42,124.23,0.9684,0.8065,0.2005,79.95,0.0919,0,Normal,Normal,0.0156,1439.17,No action,96.99
2026-01-01T01:03:50,M002,Hot Weather,10642.0,43.14,60.41,2959.5,116.0,649.83,4.295,106.39,31.81,1.956,27.811,25.17,17.8,0.902,157.07,8.315,65.28,124.28,0.9666,0.8042,0.1907,80.93,0.0599,0,Normal,Normal,0.0149,1462.16,No action,98.84
2026-01-01T01:04:00,M002,Endurance,17000.6,20.33,57.93,2906.0,104.76,607.08,4.342,89.81,30.4,1.86,27.537,25.63,17.793,0.881,153.6,8.403,66.92,122.36,0.9698,0.8074,0.1889,81.11,0.0249,0,Normal,Normal,0.0147,1475.75,No action,97.75
2026-01-01T01:04:10,M002,Hot Weather,12087.9,45.64,60.4,2946.0,117.02,638.11,4.329,107.28,32.07,1.672,27.564,25.51,17.694,0.862,160.16,8.506,68.19,124.43,0.9674,0.8048,0.1838,81.62,0.0514,0,Normal,Normal,0.0143,1441.0,No action,97.04
2026-01-01T01:04:20,M002,Cruise,17677.9,15.89,55.17,2869.6,106.22,580.11,4.628,89.34,30.54,1.943,27.404,24.32,17.758,0.814,150.21,8.11,65.39,120.95,0.9762,0.8141,0.1982,80.18,0.033,0,Normal,Normal,0.0155,1430.23,No action,95.91
2026-01-01T01:04:30,M002,Cruise,16965.8,26.59,71.27,3102.5,117.91,637.78,4.091,101.33,33.58,2.101,27.748,25.15,17.931,0.981,169.23,9.291,78.34,138.61,0.9753,0.8135,0.2058,79.42,0.0579,0,Normal,Normal,0.0161,1440.68,No action,95.02
2026-01-01T01:04:40,M002,Rapid Throttle,6755.5,27.7,70.54,3134.7,114.51,620.36,4.301,102.47,34.45,1.89,27.415,24.9,17.892,0.976,173.58,8.795,76.88,137.07,0.9727,0.8108,0.2024,79.76,0.0255,0,Normal,Normal,0.0158,1429.64,No action,96.09
2026-01-01T01:04:50,M002,Hot Weather,8085.4,44.98,60.46,2942.5,117.15,644.56,4.526,103.33,31.33,1.822,27.58,25.47,17.919,0.913,161.19,8.457,67.85,124.02,0.965,0.8032,0.204,79.6,0.0784,0,Normal,Normal,0.0159,1440.69,No action,99.65
2026-01-01T01:05:00,M002,Endurance,23910.0,22.55,53.54,2858.5,103.86,588.97,4.486,87.79,30.54,1.763,27.642,24.79,17.674,0.887,154.47,7.927,62.42,117.13,0.9674,0.8058,0.2088,79.12,0.0352,0,Normal,Normal,0.0164,1423.5,No action,98.95
2026-01-01T01:05:10,M002,Hot Weather,8907.9,35.21,58.42,2848.4,115.35,619.74,4.416,101.66,31.63,2.027,27.564,25.2,18.026,0.836,151.7,8.354,66.13,121.94,0.9657,0.8036,0.1981,80.19,0.0951,0,Normal,Normal,0.0154,1439.03,No action,95.51
2026-01-01T01:05:20,M002,Cruise,14516.6,15.92,66.1,3023.1,111.26,615.11,4.498,99.29,33.0,1.968,27.547,25.79,17.798,0.944,170.19,8.582,74.47,132.96,0.9757,0.8138,0.2028,79.72,0.0665,0,Normal,Normal,0.0158,1429.87,No action,98.39
2026-01-01T01:05:30,M002,Cruise,10273.8,23.98,74.79,3261.3,121.27,642.72,4.442,103.1,35.03,1.935,27.613,25.71,17.744,0.979,183.13,9.091,78.91,142.9,0.9771,0.8147,0.1911,80.89,0.0726,0,Normal,Normal,0.0149,1446.47,No action,96.93
2026-01-01T01:05:40,M002,Cruise,16815.7,18.38,63.62,3027.4,109.9,604.2,4.25,96.53,33.99,1.818,27.505,24.6,17.735,0.909,162.3,8.365,71.43,130.6,0.9776,0.8151,0.1866,81.34,0.0,0,Normal,Normal,0.0145,1450.8,No action,99.83
2026-01-01T01:05:50,M002,Hot Weather,16353.8,46.15,55.83,2953.3,111.63,605.6,4.39,109.32,30.93,1.642,27.702,24.62,17.728,0.797,161.17,8.284,65.45,119.29,0.9666,0.8043,0.1905,80.95,0.0798,0,Normal,Normal,0.0148,1442.26,No action,97.72
2026-01-01T01:06:00,M002,Cruise,14152.6,16.89,56.42,2877.0,108.85,578.03,4.495,92.47,30.94,1.938,27.517,24.01,18.014,0.873,153.25,8.309,63.82,122.37,0.9764,0.8143,0.1969,80.31,0.0904,0,Normal,Normal,0.0153,1447.68,No action,98.23
2026-01-01T01:06:10,M002,Rapid Throttle,12936.9,29.52,66.15,3057.5,113.7,635.11,4.096,99.55,32.85,1.868,27.655,26.87,17.934,0.902,169.01,8.501,72.33,132.22,0.9727,0.8108,0.2028,79.72,0.0282,0,Normal,Normal,0.0158,1436.54,No action,96.39
2026-01-01T01:06:20,M002,Endurance,23230.5,7.88,58.01,2948.5,100.57,586.06,4.367,94.81,30.9,1.954,27.827,26.19,17.966,0.854,161.64,8.488,67.79,122.03,0.9676,0.8059,0.2073,79.27,0.0635,0,Normal,Normal,0.0162,1424.45,No action,97.78
2026-01-01T01:06:30,M002,Endurance,15026.1,7.5,56.97,2992.1,107.55,588.75,4.402,89.78,32.88,1.67,27.79,25.41,17.926,0.804,150.86,8.176,62.7,121.02,0.9683,0.8064,0.2017,79.83,0.0509,0,Normal,Normal,0.0157,1428.4,No action,99.48
2026-01-01T01:06:40,M003,Rapid Throttle,10324.8,30.99,89.28,3365.0,128.52,683.67,4.05,111.65,38.7,2.142,27.47,26.86,17.782,1.076,201.5,9.9,91.12,157.27,0.9709,0.8096,0.2175,78.25,0.1127,0,Normal,Normal,0.0172,1409.74,No action,97.17
2026-01-01T01:06:50,M003,Rapid Throttle,15540.7,30.09,89.23,3361.5,130.37,683.94,4.132,110.33,37.3,1.986,27.569,28.18,17.772,1.065,197.31,9.62,90.56,158.19,0.9749,0.8123,0.1843,81.57,0.1328,0,Normal,Normal,0.0144,1467.2,No action,95.27
2026-01-01T01:07:00,M003,Cruise,10227.0,20.29,68.96,3068.7,109.53,614.78,4.12,95.5,33.43,1.844,27.461,25.84,17.63,0.964,174.5,8.895,75.51,136.19,0.9759,0.814,0.2006,79.94,0.0061,0,Normal,Normal,0.0157,1433.76,No action,95.17
2026-01-01T01:07:10,M003,Endurance,17129.2,19.15,55.15,2922.6,101.59,584.74,4.563,89.46,31.22,2.001,27.515,24.06,17.761,0.814,150.56,8.16,62.82,118.97,0.9679,0.8061,0.2049,79.51,0.0786,0,Normal,Normal,0.016,1439.92,No action,95.62
2026-01-01T01:07:20,M003,Hot Weather,11852.4,42.97,61.85,2965.1,119.74,639.48,4.56,105.58,33.81,1.992,27.629,25.18,17.756,0.916,158.69,8.506,68.35,125.48,0.9648,0.803,0.2062,79.38,0.0584,0,Normal,Normal,0.0161,1458.51,No action,95.71
2026-01-01T01:07:30,M003,Hot Weather,16479.0,44.71,58.83,2993.2,116.81,631.37,4.607,108.44,30.74,1.835,27.715,25.34,17.817,0.926,149.79,8.35,68.6,122.16,0.9645,0.8028,0.2082,79.18,0.1089,0,Normal,Normal,0.0163,1449.61,No action,96.08
2026-01-01T01:07:40,M003,Rapid Throttle,13021.4,32.55,66.63,3012.6,117.15,627.8,4.354,102.53,33.33,1.778,27.674,26.11,17.756,0.927,166.93,8.45,75.87,132.77,0.9728,0.8109,0.2017,79.83,0.0592,0,Normal,Normal,0.0157,1445.93,No action,95.52
2026-01-01T01:07:50,M003,Cruise,15633.7,23.08,54.08,2879.0,104.13,568.87,4.472,90.48,30.52,1.685,27.497,24.61,17.885,0.876,149.18,7.911,62.43,119.64,0.9757,0.8138,0.2026,79.74,0.0479,0,Normal,Normal,0.0158,1426.38,No action,96.99
2026-01-01T01:08:00,M003,High Altitude,27829.3,-14.44,66.53,3059.2,109.75,605.64,4.261,96.54,33.53,2.028,27.665,25.77,17.941,0.921,166.77,8.607,73.07,132.16,0.9708,0.809,0.206,79.4,0.0513,0,Normal,Normal,0.0161,1453.77,No action,99.7
2026-01-01T01:08:10,M003,Rapid Throttle,9847.5,34.34,46.31,2725.4,103.9,582.34,4.711,96.12,27.76,1.651,27.517,24.79,17.711,0.79,137.03,7.982,58.98,110.15,0.9715,0.81,0.2126,78.74,0.0569,0,Normal,Normal,0.0167,1417.92,No action,97.31
2026-01-01T01:08:20,M003,Cruise,12331.4,22.46,56.34,2932.7,104.5,578.81,4.541,93.38,31.51,1.801,27.71,24.96,18.054,0.863,155.77,8.031,67.33,122.01,0.975,0.8133,0.2082,79.18,0.0901,0,Normal,Normal,0.0163,1414.77,No action,95.45
2026-01-01T01:08:30,M003,Rapid Throttle,11319.3,26.72,79.93,3272.4,127.3,646.97,4.189,106.85,36.52,2.205,27.701,26.2,17.764,1.08,186.8,9.259,81.35,147.09,0.9713,0.8099,0.2141,78.59,0.1413,0,Normal,Normal,0.0169,1414.08,No action,95.27
2026-01-01T01:08:40,M003,Endurance,17136.5,12.04,50.71,2791.4,99.03,551.08,4.353,87.66,29.7,1.905,27.628,24.16,17.847,0.813,147.22,7.96,58.6,113.86,0.9665,0.8051,0.2169,78.31,0.0189,0,Normal,Normal,0.0171,1402.43,No action,99.77
2026-01-01T01:08:50,M003,Hot Weather,16136.4,39.83,75.3,3195.5,125.63,666.39,4.304,114.49,34.95,1.819,27.508,25.98,17.774,1.029,177.01,9.004,82.19,139.95,0.9643,0.8027,0.2103,78.97,0.0884,0,Normal,Normal,0.0165,1427.75,No action,98.61
2026-01-01T01:09:00,M003,High Altitude,27012.3,-28.31,60.6,2934.0,107.36,583.24,4.389,96.8,32.9,2.014,27.559,24.79,17.809,0.87,158.46,8.623,70.07,125.53,0.9702,0.8086,0.2111,78.89,0.0976,0,Normal,Normal,0.0166,1400.47,No action,97.23
2026-01-01T01:09:10,M003,Hot Weather,8380.3,40.67,73.06,3140.5,121.91,663.2,3.981,108.01,34.82,2.038,27.419,26.14,17.837,1.011,182.01,8.942,79.06,137.52,0.9642,0.8026,0.2106,78.94,0.0448,0,Normal,Normal,0.0165,1426.95,No action,99.72
2026-01-01T01:09:20,M003,Hot Weather,14580.1,41.87,69.77,3149.7,127.24,666.82,4.184,111.16,34.5,1.934,27.56,26.26,17.783,0.961,173.45,8.818,76.97,133.92,0.9641,0.8025,0.2119,78.81,0.0776,0,Normal,Normal,0.0167,1410.17,No action,96.16
2026-01-01T01:09:30,M003,Cruise,10281.6,23.57,52.72,2839.7,106.58,578.26,4.406,96.57,29.69,1.949,27.526,24.86,17.768,0.813,152.27,8.229,61.57,117.82,0.974,0.8126,0.2169,78.31,0.0493,0,Normal,Normal,0.0171,1416.66,No action,96.3
2026-01-01T01:09:40,M003,Hot Weather,10269.9,40.47,61.33,2963.4,114.55,625.13,4.341,106.42,32.7,1.896,27.53,25.31,17.908,0.91,165.88,8.337,66.99,124.82,0.9643,0.8027,0.2104,78.96,0.0755,0,Normal,Normal,0.0165,1412.48,No action,96.18
2026-01-01T01:09:50,M003,Hot Weather,12523.2,37.59,69.24,3127.1,118.42,654.05,4.321,106.4,33.9,2.013,27.766,26.5,18.14,0.927,167.07,8.662,73.51,133.54,0.965,0.8031,0.2044,79.56,0.0758,0,Normal,Normal,0.016,1425.6,No action,98.42
2026-01-01T01:10:00,M003,High Altitude,24529.7,-14.71,65.27,3033.4,109.62,608.54,4.395,93.43,32.84,1.997,27.676,25.76,17.734,0.952,163.67,8.694,70.41,130.62,0.97,0.8085,0.2125,78.75,0.0441,0,Normal,Normal,0.0167,1408.07,No action,99.49
2026-01-01T01:10:10,M003,Rapid Throttle,11616.6,23.74,87.18,3416.8,128.95,671.25,4.283,107.13,38.45,2.022,27.626,27.08,17.666,1.11,197.25,9.348,90.2,154.92,0.9707,0.8095,0.2188,78.12,0.128,0,Normal,Normal,0.0173,1406.88,No action,97.54
2026-01-01T01:10:20,M003,Rapid Throttle,12773.7,22.96,80.3,3233.6,119.4,652.38,3.997,100.37,37.86,1.906,27.62,25.28,17.635,1.016,189.44,8.825,83.53,147.71,0.9722,0.8105,0.2063,79.37,0.0801,0,Normal,Normal,0.0161,1427.17,No action,98.41
2026-01-01T01:10:30,M003,High Altitude,25591.4,-21.26,69.66,3139.3,112.5,615.72,4.128,96.56,34.99,1.971,27.628,25.43,17.663,0.923,176.76,8.955,73.37,135.33,0.9695,0.8082,0.2163,78.37,0.0309,0,Normal,Normal,0.0171,1416.64,No action,95.29
2026-01-01T01:10:40,M003,Endurance,23187.8,7.27,55.38,2890.9,104.49,575.2,4.517,90.82,29.76,1.853,27.605,25.77,17.856,0.874,148.63,8.321,65.67,119.27,0.9682,0.8063,0.2023,79.77,0.0692,0,Normal,Normal,0.0158,1426.13,No action,95.63
2026-01-01T01:10:50,M003,Cruise,11109.7,16.37,60.45,2917.3,109.17,596.99,4.367,95.94,31.27,1.863,27.482,25.11,17.673,0.903,156.4,8.352,68.01,126.54,0.9749,0.8132,0.2094,79.06,0.0693,0,Normal,Normal,0.0164,1421.51,No action,95.61
2026-01-01T01:11:00,M003,Rapid Throttle,15919.8,27.6,52.12,2767.4,107.36,583.23,4.335,90.7,28.81,1.848,27.799,24.69,17.838,0.791,150.59,7.853,59.6,116.3,0.9701,0.8091,0.2241,77.59,0.0873,0,Normal,Normal,0.0179,1406.42,No action,96.42
2026-01-01T01:11:10,M003,Cruise,12547.2,29.39,60.5,2964.1,109.57,606.25,4.228,100.45,31.75,1.936,27.671,24.93,17.706,0.901,156.87,8.51,64.73,126.25,0.9731,0.8121,0.2241,77.59,0.0087,0,Normal,Normal,0.0179,1410.39,No action,97.68
2026-01-01T01:11:20,M003,High Altitude,22195.8,-23.02,77.08,3222.9,120.17,636.72,4.154,101.36,36.05,2.056,27.623,25.96,17.887,1.042,181.74,9.129,83.15,143.34,0.969,0.8078,0.221,77.9,0.0829,0,Normal,Normal,0.0176,1389.59,No action,95.26
2026-01-01T01:11:30,M003,High Altitude,22848.1,-19.44,68.82,3129.7,111.45,609.72,4.206,97.91,33.28,1.842,27.533,25.55,17.937,0.94,169.72,8.614,73.99,134.8,0.9714,0.8094,0.2012,79.88,0.0739,0,Normal,Normal,0.0157,1439.1,No action,98.77
2026-01-01T01:11:40,M003,Endurance,23018.4,18.97,43.77,2713.9,93.98,559.02,4.45,82.8,27.4,1.746,27.768,24.37,17.769,0.779,132.74,7.793,55.73,106.51,0.9677,0.806,0.2068,79.32,0.0226,0,Normal,Normal,0.0162,1425.39,No action,95.5
2026-01-01T01:11:50,M003,Endurance,21119.1,5.06,60.84,2900.7,106.03,601.92,4.303,92.13,33.24,1.991,27.809,25.58,18.075,0.864,157.7,8.712,69.6,124.8,0.966,0.8048,0.221,77.9,0.0207,0,Normal,Normal,0.0176,1400.04,No action,98.76
2026-01-01T01:12:00,M003,Hot Weather,8252.8,46.83,71.02,3083.7,123.72,656.15,4.345,111.72,34.64,1.95,27.804,25.68,17.86,1.014,179.78,9.077,78.54,135.55,0.9654,0.8034,0.2011,79.89,0.0771,0,Normal,Normal,0.0157,1434.33,No action,98.42
2026-01-01T01:12:10,M003,Hot Weather,16360.7,46.48,61.95,2974.4,118.81,645.98,4.455,109.34,32.86,1.986,27.584,25.36,17.516,0.878,163.79,8.48,67.44,125.64,0.965,0.8032,0.2038,79.62,0.0425,0,Normal,Normal,0.0159,1429.01,No action,96.79
2026-01-01T01:12:20,M003,Hot Weather,15627.6,35.31,56.71,2884.7,109.37,622.67,4.676,100.77,30.64,1.938,27.69,24.37,17.941,0.826,155.6,8.247,65.37,119.78,0.9641,0.8026,0.2115,78.85,0.0443,0,Normal,Normal,0.0166,1407.21,No action,99.66
2026-01-01T01:12:30,M003,High Altitude,22057.2,-30.07,65.44,3027.9,108.47,595.81,4.375,94.06,33.44,1.863,27.543,25.35,17.914,0.938,167.77,8.823,72.41,130.85,0.9702,0.8086,0.2107,78.93,0.0326,0,Normal,Normal,0.0165,1409.09,No action,97.97
2026-01-01T01:12:40,M003,High Altitude,29464.7,-14.31,72.51,3082.9,115.45,625.52,4.289,102.53,34.44,2.048,27.603,26.44,17.614,0.991,183.14,8.81,78.64,138.31,0.9689,0.8078,0.2217,77.83,0.0929,0,Normal,Normal,0.0176,1399.34,No action,99.17
2026-01-01T01:12:50,M003,Hot Weather,8776.7,35.15,66.17,3079.2,117.49,631.11,4.413,99.23,33.58,1.75,27.362,25.58,17.72,0.918,171.54,8.644,72.96,130.18,0.9649,0.8031,0.2054,79.46,0.0743,0,Normal,Normal,0.0161,1434.89,No action,97.72
2026-01-01T01:13:00,M003,High Altitude,28342.1,-13.26,74.83,3165.2,116.66,626.84,4.196,99.21,34.95,1.962,27.668,26.63,17.85,0.971,179.86,9.327,79.93,140.78,0.9685,0.8075,0.2247,77.53,0.0244,0,Normal,Normal,0.0179,1370.2,No action,95.62
2026-01-01T01:13:10,M003,Endurance,23631.9,5.88,53.38,2795.9,101.58,576.84,4.47,86.07,29.86,1.945,27.666,24.93,17.691,0.784,153.13,8.085,60.58,116.79,0.9666,0.8052,0.2158,78.42,0.0347,0,Normal,Normal,0.017,1427.08,No action,97.96
2026-01-01T01:13:20,M003,Rapid Throttle,10945.1,33.27,54.97,2847.3,111.64,601.79,4.476,93.84,30.84,1.614,27.602,24.32,17.717,0.786,149.51,8.327,65.92,119.74,0.9718,0.8102,0.2099,79.01,0.0794,0,Normal,Normal,0.0165,1439.2,No action,98.97
2026-01-01T01:13:30,M003,Hot Weather,9038.2,37.95,68.58,3063.7,121.34,643.95,4.197,103.72,33.72,1.933,27.498,24.94,17.727,0.908,162.15,8.778,76.8,132.32,0.9625,0.8015,0.2248,77.52,0.1077,0,Normal,Normal,0.018,1410.6,No action,96.23
2026-01-01T01:13:40,M003,Cruise,16399.5,26.34,50.51,2801.3,104.42,576.35,4.564,93.0,28.99,1.973,27.643,25.25,18.009,0.803,143.65,7.868,59.49,114.99,0.9719,0.8112,0.2345,76.55,0.035,0,Normal,Normal,0.019,1385.13,No action,96.9
2026-01-01T01:13:50,M003,Hot Weather,11515.0,45.01,57.95,2854.8,114.51,641.87,4.523,105.34,31.36,2.078,27.563,25.33,17.878,0.882,156.45,8.41,64.2,121.13,0.9641,0.8026,0.2113,78.87,0.081,0,Normal,Normal,0.0166,1426.28,No action,98.31
2026-01-01T01:14:00,M003,Rapid Throttle,10106.1,34.03,74.81,3128.2,123.36,642.6,4.05,108.59,36.19,2.027,27.57,25.47,17.728,0.924,179.87,8.986,80.48,141.29,0.9705,0.8093,0.2208,77.92,0.0959,0,Normal,Normal,0.0175,1412.94,No action,99.45
2026-01-01T01:14:10,M003,High Altitude,23992.3,-23.7,67.45,3020.9,110.31,606.98,4.355,92.39,33.53,2.018,27.655,26.29,17.8,0.968,169.32,8.743,72.21,132.76,0.9688,0.8077,0.2222,77.78,0.0386,0,Normal,Normal,0.0177,1375.22,No action,98.16
2026-01-01T01:14:20,M003,Rapid Throttle,8627.8,33.6,79.91,3254.7,124.69,672.7,4.106,112.32,35.95,2.22,27.594,26.45,17.863,1.031,184.93,9.056,84.74,146.73,0.9698,0.8089,0.2266,77.34,0.1373,0,Normal,Normal,0.0181,1398.86,No action,99.33
2026-01-01T01:14:30,M003,Hot Weather,13855.7,46.19,65.17,3036.9,124.29,647.86,4.226,110.68,33.65,1.756,27.544,25.61,17.872,0.857,165.12,8.768,72.67,128.68,0.9628,0.8017,0.2227,77.73,0.1353,0,Normal,Normal,0.0177,1397.97,No action,98.76
2026-01-01T01:14:40,M003,Hot Weather,12318.7,47.1,59.39,2879.7,116.07,638.1,4.266,107.3,31.08,2.048,27.487,25.05,17.75,0.853,155.64,8.383,65.73,122.4,0.9626,0.8016,0.2243,77.57,0.0719,0,Normal,Normal,0.0179,1397.13,No action,99.58
2026-01-01T01:14:50,M003,High Altitude,24246.7,-16.84,66.02,2976.4,110.98,612.21,4.184,92.98,32.95,1.799,27.478,25.81,17.906,0.894,159.14,8.437,72.16,131.23,0.969,0.8078,0.2209,77.91,0.0825,0,Normal,Normal,0.0176,1408.8,No action,95.33
2026-01-01T01:15:00,M003,Endurance,16394.1,18.52,55.19,2862.8,102.7,567.57,4.502,87.71,29.91,1.932,27.775,24.63,17.679,0.852,154.33,8.114,63.78,118.75,0.9666,0.8052,0.2162,78.38,0.0465,0,Normal,Normal,0.0171,1400.97,No action,98.76
2026-01-01T01:15:10,M003,Rapid Throttle,10843.4,29.09,62.23,2975.7,118.21,621.98,4.43,93.6,32.45,2.195,27.487,23.76,17.923,0.873,159.97,8.387,69.17,127.36,0.97,0.809,0.2251,77.49,0.1201,0,Normal,Normal,0.018,1398.77,No action,95.09
2026-01-01T01:15:20,M003,Rapid Throttle,15941.9,21.91,79.71,3286.1,122.17,643.7,4.143,103.27,36.3,2.358,27.807,26.36,17.721,1.026,188.59,9.012,82.08,146.46,0.9696,0.8087,0.2284,77.16,0.1611,0,Normal,Normal,0.0183,1383.91,No action,98.82
2026-01-01T01:15:30,M003,Cruise,11759.0,29.32,59.98,2930.1,111.19,610.64,4.34,96.72,31.96,1.945,27.681,25.41,17.883,0.864,161.77,8.27,66.84,125.87,0.9741,0.8128,0.2156,78.44,0.0526,0,Normal,Normal,0.017,1417.38,No action,99.59
2026-01-01T01:15:40,M003,Hot Weather,13412.6,41.81,69.05,3034.9,122.33,659.18,4.189,107.38,34.6,1.829,27.501,25.15,17.979,0.954,173.86,8.68,75.56,133.19,0.9643,0.8027,0.2103,78.97,0.0873,0,Normal,Normal,0.0165,1429.96,No action,97.0
2026-01-01T01:15:50,M003,Hot Weather,15130.7,40.67,62.39,2943.8,118.95,630.92,4.422,107.29,32.28,2.007,27.659,24.68,17.738,0.875,160.86,8.623,70.12,125.39,0.9613,0.8007,0.2347,76.53,0.0907,0,Normal,Normal,0.0191,1380.08,No action,96.46
2026-01-01T01:16:00,M003,High Altitude,22634.0,-26.64,73.92,3125.2,115.49,629.52,4.126,99.47,34.3,2.336,27.508,26.29,17.948,1.041,175.71,8.988,81.72,139.54,0.9675,0.8068,0.2336,76.64,0.1123,0,Normal,Normal,0.0189,1397.37,No action,99.66
2026-01-01T01:16:10,M003,Cruise,14271.6,23.0,74.15,3147.8,121.09,616.11,4.183,100.93,35.39,1.817,27.645,26.12,17.987,0.949,182.41,8.821,79.48,141.38,0.9734,0.8122,0.222,77.8,0.075,0,Normal,Normal,0.0177,1382.04,No action,99.19
2026-01-01T01:16:20,M003,Rapid Throttle,12775.3,34.43,91.6,3388.9,135.46,696.43,4.03,112.93,38.46,2.087,27.676,26.39,17.821,1.125,207.69,9.628,94.0,159.62,0.9701,0.8091,0.2241,77.59,0.1584,0,Normal,Normal,0.0179,1389.03,No action,98.12
2026-01-01T01:16:30,M003,Endurance,21750.7,7.8,59.21,2976.8,110.26,594.11,4.267,91.19,32.35,1.874,27.648,25.84,18.035,0.871,158.33,8.302,66.7,122.73,0.9645,0.8038,0.2336,76.64,0.0337,0,Normal,Normal,0.0189,1387.52,No action,95.45
2026-01-01T01:16:40,M003,Hot Weather,17813.6,41.59,67.75,3105.1,123.73,647.49,4.157,108.82,33.69,1.912,27.687,25.24,17.958,0.92,171.28,8.525,76.04,131.27,0.9618,0.801,0.2307,76.93,0.0553,0,Normal,Normal,0.0186,1372.01,No action,96.21
2026-01-01T01:16:50,M003,Hot Weather,8672.9,40.72,63.11,2988.2,119.46,639.38,4.281,105.85,33.04,2.05,27.624,25.61,17.797,0.872,161.13,8.555,69.52,126.39,0.9625,0.8015,0.2254,77.46,0.064,0,Normal,Normal,0.018,1391.66,No action,95.42
2026-01-01T01:17:00,M003,Cruise,10299.7,17.48,61.76,2937.8,111.1,589.41,4.493,94.88,32.15,1.701,27.516,25.14,17.646,0.882,161.96,8.357,67.09,127.5,0.9724,0.8116,0.2303,76.97,0.0299,0,Normal,Normal,0.0186,1384.18,No action,97.03
2026-01-01T01:17:10,M003,High Altitude,24625.2,-6.44,69.47,3100.4,114.13,619.04,4.283,92.89,35.41,2.176,27.513,25.22,17.815,0.917,173.94,8.748,76.45,134.87,0.9684,0.8074,0.2262,77.38,0.0306,0,Normal,Normal,0.0181,1372.44,No action,96.69
2026-01-01T01:17:20,M003,Endurance,18142.2,14.73,56.93,2877.4,106.05,577.74,4.431,91.55,32.32,1.818,27.733,24.03,17.687,0.864,154.16,8.247,64.52,120.36,0.965,0.8042,0.2288,77.12,0.002,0,Normal,Normal,0.0184,1399.31,No action,95.33
2026-01-01T01:17:30,M003,High Altitude,23067.9,-24.28,67.98,3058.1,112.51,591.06,4.158,93.26,33.04,2.024,27.664,24.39,18.059,0.969,171.99,8.582,72.98,133.22,0.9682,0.8073,0.2272,77.28,0.0634,0,Normal,Normal,0.0182,1382.46,No action,99.68
2026-01-01T01:17:40,M003,Rapid Throttle,8837.0,26.79,92.1,3406.4,133.0,690.03,4.18,109.98,38.88,2.322,27.447,27.43,17.945,1.115,203.62,10.016,94.62,160.0,0.9694,0.8086,0.2299,77.01,0.2504,0,Normal,Normal,0.0185,1420.39,No action,99.37
2026-01-01T01:17:50,M003,Cruise,12559.6,25.02,68.17,3106.5,112.37,616.01,4.279,100.82,33.97,2.115,27.415,24.94,17.96,0.862,171.55,8.79,71.42,134.66,0.9729,0.8119,0.226,77.4,0.0221,0,Normal,Normal,0.0181,1400.07,No action,96.27
2026-01-01T01:18:00,M003,Hot Weather,16691.7,39.35,50.21,2825.6,111.61,593.69,4.529,99.28,29.99,1.836,27.609,24.14,17.911,0.784,142.1,8.183,61.48,112.63,0.9635,0.8022,0.2169,78.31,0.0665,0,Normal,Normal,0.0171,1408.08,No action,99.26
2026-01-01T01:18:10,M003,Rapid Throttle,13697.1,24.35,81.89,3310.3,122.5,655.42,3.919,105.88,36.14,2.331,27.682,26.11,17.885,1.071,187.06,9.555,84.01,148.89,0.9698,0.8088,0.2271,77.29,0.1519,0,Normal,Normal,0.0182,1400.58,No action,95.54
2026-01-01T01:18:20,M003,Cruise,14636.5,27.32,52.5,2843.4,103.14,600.13,4.672,90.43,30.37,1.847,27.386,24.71,17.614,0.802,143.92,7.903,60.97,117.21,0.972,0.8113,0.2334,76.66,0.0088,0,Normal,Normal,0.0189,1373.07,No action,95.72
2026-01-01T01:18:30,M003,Hot Weather,8796.8,44.74,62.67,2955.8,117.03,627.37,4.38,110.68,32.87,2.169,27.76,25.05,17.962,0.887,161.53,8.802,69.59,125.99,0.9628,0.8017,0.2224,77.76,0.0861,0,Normal,Normal,0.0177,1398.98,No action,98.8
2026-01-01T01:18:40,M003,Endurance,21660.0,10.57,57.25,2879.6,107.1,591.16,4.383,95.58,30.03,1.681,27.373,25.0,17.442,0.87,156.16,8.038,65.35,120.62,0.9645,0.8038,0.2332,76.68,0.0764,0,Normal,Normal,0.0189,1414.89,No action,96.21
2026-01-01T01:18:50,M003,Endurance,22072.8,14.67,60.55,3004.2,106.96,602.27,4.394,88.76,31.4,1.86,27.607,24.28,17.993,0.898,158.83,8.371,68.28,123.92,0.9631,0.8029,0.2451,75.49,0.0377,0,Normal,Normal,0.0203,1348.78,No action,98.31
2026-01-01T01:19:00,M003,Cruise,10681.8,17.04,59.35,2922.5,106.37,593.29,4.312,90.71,32.91,1.888,27.807,25.32,17.838,0.886,156.27,8.338,68.91,124.48,0.9705,0.8103,0.2458,75.42,0.063,0,Normal,Normal,0.0204,1366.62,No action,97.94
2026-01-01T01:19:10,M003,Cruise,13986.3,17.77,60.96,2968.8,108.34,607.24,4.349,92.39,32.49,1.813,27.513,25.22,17.828,0.864,163.81,8.428,65.36,126.43,0.9714,0.811,0.238,76.2,0.0846,0,Normal,Normal,0.0194,1380.67,No action,95.32
2026-01-01T01:19:20,M003,Rapid Throttle,15188.4,21.03,83.49,3339.6,121.13,661.07,4.026,105.7,37.45,2.048,27.57,26.16,17.734,1.057,190.76,9.476,88.5,150.61,0.9697,0.8088,0.2279,77.21,0.0461,0,Normal,Normal,0.0183,1379.63,No action,96.85
2026-01-01T01:19:30,M003,Cruise,11013.3,21.12,64.1,3029.1,107.84,604.12,4.274,97.08,32.45,1.994,27.514,26.28,18.07,0.875,166.09,8.536,73.09,130.36,0.9738,0.8125,0.2186,78.14,0.0801,0,Normal,Normal,0.0173,1394.57,No action,98.73
2026-01-01T01:19:40,M003,Rapid Throttle,7843.6,20.6,75.28,3234.7,116.58,630.0,4.274,96.95,35.67,2.186,27.572,25.76,17.677,0.996,179.95,9.116,80.54,142.1,0.9719,0.8102,0.2096,79.04,0.1093,0,Normal,Normal,0.0164,1437.96,No action,96.07
2026-01-01T01:19:50,M003,Endurance,18434.1,22.4,64.42,2923.9,111.18,601.19,4.284,96.54,33.1,2.012,27.372,25.36,17.671,0.914,165.69,8.54,72.55,128.51,0.9651,0.8042,0.2283,77.17,0.0706,0,Normal,Normal,0.0183,1407.53,No action,97.63
2026-01-01T01:20:00,M003,Rapid Throttle,14394.7,22.0,81.86,3246.7,119.86,661.83,4.093,103.96,36.77,2.133,27.698,26.52,17.862,1.063,186.61,9.238,86.83,148.48,0.9681,0.8078,0.2405,75.95,0.1539,0,Normal,Normal,0.0197,1378.75,No action,99.46
2026-01-01T01:20:10,M003,Endurance,22558.5,24.55,63.24,2965.4,114.09,597.95,4.414,95.85,32.71,2.044,27.655,25.3,17.723,0.914,158.75,8.362,68.84,127.13,0.9646,0.8039,0.2327,76.73,0.0874,0,Normal,Normal,0.0188,1377.35,No action,98.22
2026-01-01T01:20:20,M003,Hot Weather,12713.8,35.21,65.81,3012.8,117.0,631.49,4.201,104.63,33.43,1.976,27.539,26.1,17.808,0.917,164.25,8.659,73.88,129.25,0.9621,0.8013,0.228,77.2,0.0652,0,Normal,Normal,0.0183,1390.1,No action,97.06
2026-01-01T01:20:30,M003,Cruise,17118.4,16.4,61.45,2962.7,110.56,594.35,4.367,94.4,31.39,2.094,27.517,25.97,17.794,0.897,158.8,8.326,69.1,126.8,0.9706,0.8104,0.245,75.5,0.0626,0,Normal,Normal,0.0203,1358.92,No action,96.52
2026-01-01T01:20:40,M003,Endurance,23807.0,9.68,49.08,2788.5,99.01,561.96,4.378,87.88,29.72,2.029,27.627,24.19,17.7,0.797,136.88,8.002,57.76,111.72,0.9644,0.8038,0.2341,76.59,0.036,0,Normal,Normal,0.019,1357.54,No action,99.2
2026-01-01T01:20:50,M003,Hot Weather,9085.2,37.98,65.32,3015.1,121.18,626.22,4.538,104.82,32.8,2.215,27.423,26.4,17.782,0.972,173.96,8.408,71.8,128.38,0.9605,0.8001,0.242,75.8,0.1401,0,Normal,Normal,0.0199,1360.7,No action,96.95
2026-01-01T01:21:00,M003,Hot Weather,8200.3,46.37,70.34,3071.1,120.9,667.08,4.312,116.3,34.26,1.769,27.624,25.04,17.718,0.978,175.52,8.709,75.88,134.0,0.9615,0.8008,0.2335,76.65,0.122,0,Normal,Normal,0.0189,1398.32,No action,97.46
2026-01-01T01:21:10,M003,Rapid Throttle,8611.4,32.57,74.26,3195.3,124.54,649.7,4.287,105.99,35.76,1.913,27.671,26.78,17.912,0.94,179.6,9.116,79.2,140.38,0.9692,0.8084,0.232,76.8,0.1082,0,Normal,Normal,0.0187,1382.71,No action,99.86
2026-01-01T01:21:20,M003,Cruise,10669.1,25.32,53.49,2834.2,104.9,569.68,4.508,88.72,30.58,1.825,27.674,25.36,17.981,0.796,144.2,8.096,63.37,118.07,0.9707,0.8105,0.2438,75.62,0.063,0,Normal,Normal,0.0201,1346.17,No action,97.12
2026-01-01T01:21:30,M003,Hot Weather,10889.8,40.65,73.28,3138.6,124.5,662.4,4.181,112.7,35.47,1.963,27.7,25.46,17.79,0.956,176.2,9.008,79.45,137.16,0.9615,0.8008,0.2336,76.64,0.1073,0,Normal,Normal,0.0189,1390.05,No action,96.69
2026-01-01T01:21:40,M003,Endurance,19525.4,17.04,61.97,2892.6,114.65,598.24,4.55,89.95,32.08,1.895,27.579,26.0,17.893,0.945,158.02,8.459,71.29,125.72,0.9644,0.8037,0.2344,76.56,0.0928,0,Normal,Normal,0.019,1361.12,No action,96.31
2026-01-01T01:21:50,M003,Endurance,23484.5,20.28,54.16,2852.0,104.83,587.74,4.392,91.02,30.28,1.957,27.728,24.24,17.644,0.818,150.31,8.142,64.75,117.28,0.9646,0.8039,0.2322,76.78,0.0451,0,Normal,Normal,0.0188,1370.75,No action,96.37
2026-01-01T01:22:00,M003,Rapid Throttle,9901.8,25.6,76.38,3169.4,124.08,649.29,4.179,106.91,35.17,2.01,27.569,26.54,18.038,0.994,177.13,8.942,81.22,142.67,0.969,0.8083,0.2336,76.64,0.1163,0,Normal,Normal,0.0189,1356.5,No action,97.44
2026-01-01T01:22:10,M003,Rapid Throttle,11009.7,26.99,74.49,3168.6,118.4,640.23,4.216,102.97,35.04,2.097,27.532,26.41,17.783,0.989,176.26,9.052,78.33,140.96,0.9707,0.8094,0.2195,78.05,0.0671,0,Normal,Normal,0.0174,1422.28,No action,98.03
2026-01-01T01:22:20,M003,High Altitude,27690.4,-33.55,56.12,2863.5,102.43,588.87,4.451,92.79,31.12,1.891,27.599,24.9,17.829,0.847,146.93,7.828,64.92,119.9,0.9664,0.8061,0.2428,75.72,0.0612,0,Normal,Normal,0.02,1362.72,No action,95.2
2026-01-01T01:22:30,M003,Hot Weather,10087.0,40.4,54.01,2872.4,110.3,624.6,4.377,102.1,31.36,1.701,27.587,24.88,17.663,0.895,147.37,8.393,61.58,116.23,0.9607,0.8003,0.2404,75.96,0.0394,0,Normal,Normal,0.0197,1356.44,No action,96.95
2026-01-01T01:22:40,M003,Endurance,15231.7,9.52,59.8,2961.4,104.51,591.11,4.459,90.34,32.8,2.1,27.525,24.79,17.806,0.849,158.21,8.31,68.09,123.22,0.9637,0.8033,0.2403,75.97,0.099,0,Normal,Normal,0.0197,1359.94,No action,95.71
2026-01-01T01:22:50,M003,Endurance,17668.4,13.57,64.33,2987.9,109.73,602.46,4.461,92.49,31.86,2.226,27.494,26.25,17.889,0.888,166.16,8.338,69.7,128.0,0.963,0.8028,0.2456,75.44,0.0831,0,Normal,Normal,0.0204,1346.02,No action,96.58
2026-01-01T01:23:00,M003,Cruise,10799.6,27.26,72.46,3149.7,116.17,620.62,4.033,101.15,33.64,2.098,27.503,26.15,17.799,0.957,179.46,9.022,73.65,139.21,0.972,0.8113,0.2336,76.64,0.0745,0,Normal,Normal,0.0189,1368.76,No action,98.81
2026-01-01T01:23:10,M003,Rapid Throttle,7241.4,32.33,66.45,2926.5,116.33,627.65,4.275,102.61,34.24,2.178,27.51,25.09,17.836,0.935,164.2,8.488,71.94,131.65,0.9683,0.8079,0.2388,76.12,0.1066,0,Normal,Normal,0.0195,1365.74,No action,96.88
2026-01-01T01:23:20,M003,Hot Weather,15460.2,41.79,57.52,2910.4,112.62,617.45,4.48,102.45,32.09,1.882,27.775,25.28,17.7,0.872,148.23,8.569,65.09,119.84,0.9597,0.7997,0.248,75.2,0.0871,0,Normal,Normal,0.0207,1368.06,No action,95.96
2026-01-01T01:23:30,M003,High Altitude,25233.7,-5.3,71.71,3124.0,108.5,630.2,4.246,98.51,34.17,2.232,27.517,25.47,17.798,0.944,171.11,8.796,78.14,136.99,0.9668,0.8064,0.2392,76.08,0.0949,0,Normal,Normal,0.0196,1367.48,No action,95.51
2026-01-01T01:23:40,M003,Cruise,16624.1,17.14,45.11,2725.0,96.97,546.47,4.495,84.4,28.06,1.814,27.782,23.54,17.877,0.753,136.5,7.755,55.87,108.67,0.9697,0.8098,0.2523,74.77,0.0238,0,Normal,Normal,0.0212,1347.22,No action,96.64
2026-01-01T01:23:50,M003,High Altitude,24694.8,-23.04,55.37,2886.2,102.85,591.94,4.461,87.95,30.64,1.911,27.576,24.37,17.681,0.788,147.05,7.766,67.69,119.08,0.9664,0.8061,0.2426,75.74,0.1018,0,Normal,Normal,0.02,1385.67,No action,98.06
2026-01-01T01:24:00,M003,High Altitude,24678.7,-19.17,72.72,3073.6,112.41,620.82,4.254,100.65,33.8,1.842,27.54,26.51,17.745,0.963,175.22,8.758,79.77,137.76,0.9652,0.8053,0.2521,74.79,0.0433,0,Normal,Normal,0.0212,1371.52,No action,97.8
2026-01-01T01:24:10,M003,Rapid Throttle,14630.2,21.38,87.35,3339.7,120.64,680.92,4.193,104.33,38.21,2.236,27.565,26.93,17.782,1.122,195.57,9.492,93.77,154.46,0.9681,0.8077,0.241,75.9,0.1235,0,Normal,Normal,0.0198,1378.78,No action,99.55
2026-01-01T01:24:20,M003,High Altitude,23370.0,-32.63,66.27,3040.2,111.96,607.6,4.428,95.52,34.14,2.031,27.72,25.27,17.745,0.883,166.72,8.591,73.64,130.82,0.9656,0.8056,0.2489,75.11,0.0561,0,Normal,Normal,0.0208,1356.53,No action,96.66
2026-01-01T01:24:30,M003,Endurance,19788.1,21.35,66.78,3078.3,112.71,605.06,4.204,93.1,34.0,2.241,27.471,25.45,17.668,0.861,166.98,8.915,74.63,130.82,0.9638,0.8034,0.2389,76.11,0.0502,0,Normal,Normal,0.0195,1351.11,No action,95.53
2026-01-01T01:24:40,M003,Rapid Throttle,11725.2,26.57,74.0,3153.9,114.33,641.17,4.223,106.82,35.51,1.921,27.571,26.5,17.806,0.961,181.33,8.731,79.87,139.94,0.9684,0.808,0.2381,76.19,0.0111,0,Normal,Normal,0.0194,1372.27,No action,97.28
2026-01-01T01:24:50,M003,Hot Weather,16609.0,46.18,74.19,3158.8,125.48,682.31,4.259,117.22,35.58,1.951,27.74,26.48,17.879,1.004,176.42,9.011,77.34,138.28,0.9621,0.8012,0.2284,77.16,0.0987,0,Normal,Normal,0.0183,1390.68,No action,98.68
2026-01-01T01:25:00,M003,Rapid Throttle,9273.9,28.86,77.21,3200.6,120.1,642.17,4.148,107.26,36.72,2.183,27.586,26.28,17.783,1.001,183.22,8.904,80.24,143.25,0.9675,0.8074,0.2456,75.44,0.0879,0,Normal,Normal,0.0204,1345.09,No action,95.12
2026-01-01T01:25:10,M003,Rapid Throttle,14461.4,25.2,69.8,3057.0,113.69,639.15,4.407,99.54,34.46,2.269,27.73,25.73,17.955,0.917,172.94,8.397,74.8,135.21,0.9678,0.8076,0.2429,75.71,0.1096,0,Normal,Normal,0.02,1388.54,No action,97.74
2026-01-01T01:25:20,M003,Hot Weather,12949.0,46.9,47.31,2743.6,110.18,610.44,4.416,101.07,28.8,1.848,27.364,23.33,17.765,0.823,139.15,7.728,55.41,108.84,0.9597,0.7996,0.2484,75.16,0.0238,0,Normal,Normal,0.0207,1366.39,No action,95.58
2026-01-01T01:25:30,M003,Endurance,18566.4,8.52,51.04,2801.8,103.0,559.31,4.436,87.89,30.17,1.953,27.433,24.49,17.887,0.852,143.24,7.977,57.9,113.62,0.9631,0.8029,0.2452,75.48,0.0616,0,Normal,Normal,0.0203,1336.7,No action,98.89
2026-01-01T01:25:40,M003,High Altitude,22824.8,-29.4,63.69,3035.0,114.08,584.48,4.46,97.55,34.07,1.995,27.776,24.94,17.954,0.899,161.95,8.765,68.05,128.49,0.968,0.8072,0.2288,77.12,0.0809,0,Normal,Normal,0.0184,1399.83,No action,98.15
2026-01-01T01:25:50,M003,Cruise,12102.8,26.34,59.57,2912.9,112.7,614.08,4.392,93.24,31.76,2.1,27.34,24.65,17.754,0.889,162.18,8.294,68.64,124.51,0.9695,0.8096,0.2546,74.54,0.0667,0,Normal,Normal,0.0215,1336.9,No action,98.18
2026-01-01T01:26:00,M003,Hot Weather,9072.2,41.19,70.81,3075.7,123.13,643.61,4.496,112.15,34.94,2.028,27.812,25.5,17.642,1.014,177.94,8.838,76.21,134.25,0.9603,0.8,0.2436,75.64,0.0836,0,Normal,Normal,0.0201,1372.11,No action,96.92
2026-01-01T01:26:10,M003,Cruise,14491.9,20.41,53.96,2788.5,106.25,585.77,4.595,88.84,30.09,1.64,27.732,25.0,17.686,0.787,151.41,8.002,62.82,118.6,0.9708,0.8105,0.2432,75.68,0.0589,0,Normal,Normal,0.0201,1357.23,No action,96.47
2026-01-01T01:26:20,M003,Rapid Throttle,15645.4,22.67,84.82,3373.0,127.72,678.33,4.135,103.2,37.12,2.139,27.64,27.35,17.608,1.114,195.1,9.343,88.55,151.72,0.9682,0.8078,0.24,76.0,0.1309,0,Normal,Normal,0.0197,1361.06,No action,95.21
2026-01-01T01:26:30,M003,High Altitude,22925.9,-20.58,57.78,2903.3,102.4,584.07,4.27,93.0,31.38,1.799,27.696,24.8,17.744,0.904,153.44,8.429,65.52,121.82,0.967,0.8065,0.2379,76.21,0.0855,0,Normal,Normal,0.0194,1359.26,No action,96.4
2026-01-01T01:26:40,M003,Endurance,19153.1,24.17,54.88,2882.4,126.3,645.88,4.449,101.57,31.05,1.931,27.643,24.65,17.792,0.833,151.41,8.144,63.99,117.78,0.9631,0.8029,0.2448,60.52,0.3804,0,Overheating,Normal,0.2703,1364.23,No action,98.69
2026-01-01T01:26:50,M003,High Altitude,26260.1,-29.69,76.51,3178.8,141.35,683.63,4.22,111.88,36.11,2.087,27.561,26.24,17.84,1.023,176.04,9.055,79.75,141.91,0.9654,0.8054,0.2509,59.91,0.4524,0,Overheating,Normal,0.2711,1340.97,No action,99.49
2026-01-01T01:27:00,M003,Cruise,13516.3,17.97,60.65,3034.6,124.4,654.39,4.431,104.02,32.86,1.808,27.513,24.97,17.558,0.927,157.2,8.468,66.38,125.95,0.9708,0.8105,0.2435,60.65,0.323,0,Overheating,Normal,0.2701,1352.88,No action,98.82
2026-01-01T01:27:10,M003,Rapid Throttle,14557.0,21.83,86.72,3329.8,140.24,719.1,4.111,116.21,38.75,2.222,27.59,26.28,18.001,1.009,192.6,9.249,89.48,153.25,0.9659,0.8063,0.2593,59.07,0.5141,0,Overheating,Normal,0.2722,1350.25,No action,96.98
2026-01-01T01:27:20,M003,Rapid Throttle,15010.7,27.35,76.69,3213.9,137.62,694.03,4.249,115.71,35.63,2.235,27.757,26.15,17.75,1.009,178.89,9.15,78.41,142.71,0.9677,0.8075,0.2444,60.56,0.4469,0,Overheating,Normal,0.2702,1357.97,No action,95.58
2026-01-01T01:27:30,M003,Endurance,18656.0,18.87,49.91,2769.8,117.15,621.09,4.648,102.17,29.24,2.062,27.476,24.3,17.768,0.882,143.77,7.959,61.41,112.29,0.9625,0.8025,0.2501,59.99,0.3492,0,Overheating,Normal,0.271,1357.46,No action,96.03
2026-01-01T01:27:40,M003,Endurance,16100.5,7.98,59.65,2925.8,122.1,644.61,4.338,104.76,32.63,1.854,27.412,25.16,17.953,0.873,157.23,8.208,68.59,122.78,0.9622,0.8023,0.2522,59.78,0.3488,0,Overheating,Normal,0.2712,1361.7,No action,99.54
2026-01-01T01:27:50,M003,Cruise,11207.5,25.51,63.74,2947.6,127.77,669.5,4.285,110.18,33.1,2.027,27.629,25.11,17.67,0.895,158.54,8.752,69.87,129.16,0.9698,0.8099,0.2518,59.82,0.3919,0,Overheating,Normal,0.2712,1343.47,No action,96.89
2026-01-01T01:28:00,M003,High Altitude,24698.5,-10.66,70.1,3083.1,132.54,669.97,4.191,112.92,33.66,2.143,27.649,26.34,17.801,0.967,171.76,8.77,76.93,134.69,0.9642,0.8046,0.2608,58.92,0.4379,0,Overheating,Normal,0.2724,1317.04,No action,96.5
2026-01-01T01:28:10,M003,Endurance,22104.6,16.38,57.78,2845.6,121.84,641.86,4.339,102.12,31.68,2.061,27.829,24.16,17.747,0.819,157.43,8.47,68.41,120.61,0.9615,0.8018,0.2584,59.16,0.3469,0,Overheating,Normal,0.2721,1339.53,No action,96.29
2026-01-01T01:28:20,M003,High Altitude,25379.7,-33.19,71.41,3138.6,131.95,677.83,4.229,109.88,35.11,2.077,27.723,25.99,17.716,0.954,179.57,8.941,75.32,135.73,0.9625,0.8035,0.2754,57.46,0.3963,0,Overheating,Normal,0.2746,1297.68,No action,96.45
2026-01-01T01:28:30,M003,Endurance,23051.0,13.46,58.49,2881.6,126.43,643.99,4.344,102.04,32.85,2.045,27.54,24.97,17.742,0.876,152.13,8.349,66.84,121.47,0.962,0.8021,0.2545,59.55,0.3832,0,Overheating,Normal,0.2715,1344.09,No action,96.08
2026-01-01T01:28:40,M003,Cruise,17291.7,26.45,62.39,2908.7,129.19,660.23,4.357,107.69,32.74,1.932,27.253,24.94,17.668,0.896,161.73,8.36,70.27,127.62,0.9695,0.8097,0.254,59.6,0.3636,0,Overheating,Normal,0.2715,1344.91,No action,99.6
2026-01-01T01:28:50,M003,Cruise,17759.8,16.71,56.68,2919.8,120.63,626.2,4.311,104.01,30.91,1.987,27.718,23.67,18.219,0.867,147.69,8.159,64.84,121.32,0.9694,0.8096,0.2551,59.49,0.3539,0,Overheating,Normal,0.2716,1314.48,No action,95.39
2026-01-01T01:29:00,M003,Hot Weather,10405.5,38.46,60.21,3011.5,137.06,679.21,4.408,115.47,32.27,1.852,27.612,23.83,17.847,0.924,158.79,8.364,69.34,122.46,0.9584,0.7987,0.2595,59.05,0.4297,0,Overheating,Normal,0.2722,1317.77,No action,95.9
2026-01-01T01:29:10,M003,Rapid Throttle,15974.9,27.53,61.19,2964.7,127.63,670.39,4.446,106.41,32.08,1.697,27.347,24.55,17.664,0.896,162.95,8.308,66.46,125.54,0.9665,0.8067,0.254,59.6,0.3486,0,Overheating,Normal,0.2715,1353.08,No action,98.54
2026-01-01T01:29:20,M003,Hot Weather,12850.2,40.68,55.47,2848.6,129.4,666.83,4.365,114.03,30.99,1.792,27.417,25.38,17.875,0.833,156.75,8.384,61.48,117.13,0.9571,0.7979,0.2704,57.96,0.3934,0,Overheating,Normal,0.2738,1319.69,No action,99.75
2026-01-01T01:29:30,M003,Hot Weather,9583.6,36.24,57.1,2969.2,128.72,670.14,4.333,111.56,30.51,1.808,27.497,25.36,17.655,0.836,153.68,8.556,68.39,119.15,0.9585,0.7988,0.2583,59.17,0.4178,0,Overheating,Normal,0.2721,1330.53,No action,97.31
2026-01-01T01:29:40,M003,Rapid Throttle,15280.8,26.77,87.81,3323.1,147.74,740.82,3.925,120.97,38.82,2.236,27.562,27.21,17.976,1.081,198.35,9.357,90.7,154.06,0.9643,0.8052,0.2723,57.77,0.5689,1,Overheating,Warning,0.2741,1322.62,Inspect affected subsystem,95.79
2026-01-01T01:29:50,M003,Hot Weather,17341.5,37.15,62.71,2939.9,133.63,671.37,4.014,116.89,31.6,2.111,27.518,24.89,17.73,0.877,160.3,8.725,72.35,125.4,0.9597,0.7996,0.2486,60.14,0.4497,0,Overheating,Normal,0.2708,1360.87,No action,99.44
2026-01-01T01:30:00,M003,Hot Weather,16937.6,36.39,69.1,3008.1,136.27,693.92,4.311,116.5,35.03,2.289,27.374,25.36,17.689,0.918,168.42,8.74,76.63,131.71,0.9569,0.7978,0.2717,57.83,0.4569,0,Overheating,Normal,0.274,1309.17,No action,97.73
2026-01-01T01:30:10,M003,Endurance,17859.4,17.61,64.18,3089.3,127.89,671.07,4.306,105.77,33.67,1.992,27.484,25.71,17.824,0.935,163.09,8.797,75.05,127.48,0.9612,0.8017,0.2606,58.94,0.3402,0,Overheating,Normal,0.2724,1328.15,No action,99.66
2026-01-01T01:30:20,M003,Cruise,12399.2,25.87,60.23,3011.1,127.97,656.91,4.403,107.28,33.05,2.06,27.504,25.1,17.793,0.875,161.58,8.489,68.97,125.24,0.9695,0.8097,0.2539,59.61,0.385,0,Overheating,Normal,0.2715,1340.78,No action,99.17
2026-01-01T01:30:30,M003,Endurance,18289.2,20.75,49.81,2726.6,119.95,636.25,4.595,97.35,30.03,1.834,27.416,23.64,17.728,0.834,143.58,7.948,59.84,112.05,0.9617,0.802,0.2564,59.36,0.2899,0,Overheating,Normal,0.2718,1351.81,No action,99.27
2026-01-01T01:30:40,M003,Endurance,21872.8,23.94,60.67,2883.0,126.54,655.75,4.245,112.76,32.77,1.734,27.665,24.62,17.861,0.889,157.43,8.328,69.62,123.65,0.961,0.8015,0.2623,58.77,0.3517,0,Overheating,Normal,0.2726,1344.1,No action,99.45
2026-01-01T01:30:50,M003,Rapid Throttle,8464.0,27.12,60.35,2935.7,127.17,649.52,4.264,107.19,32.0,1.913,27.605,25.62,17.762,0.908,160.07,8.281,70.19,124.38,0.9653,0.8059,0.2643,58.57,0.3673,0,Overheating,Normal,0.2729,1325.35,No action,99.88
2026-01-01T01:31:00,M003,Rapid Throttle,9763.4,28.35,61.09,2941.2,129.7,666.03,4.531,108.62,32.43,1.938,27.686,24.44,17.947,0.849,164.33,8.176,67.79,125.39,0.9663,0.8065,0.2561,59.39,0.3761,0,Overheating,Normal,0.2718,1348.81,No action,98.9
2026-01-01T01:31:10,M003,Rapid Throttle,14758.9,30.51,73.41,3169.6,139.05,694.94,4.216,119.72,35.37,2.039,27.398,26.02,17.858,0.986,179.02,9.189,78.18,138.75,0.966,0.8063,0.2585,59.15,0.3963,0,Overheating,Normal,0.2721,1345.47,No action,96.53
2026-01-01T01:31:20,M003,Hot Weather,8790.7,46.07,68.49,3062.7,146.18,699.43,4.486,119.45,34.09,1.997,27.556,24.31,17.615,0.903,170.1,8.63,74.49,131.43,0.9587,0.799,0.2566,59.34,0.507,0,Overheating,Normal,0.2718,1345.56,No action,95.59
2026-01-01T01:31:30,M003,Endurance,18461.2,21.24,62.23,2982.2,126.75,648.75,4.357,106.07,31.86,1.993,27.689,24.71,17.741,0.892,159.87,8.085,68.4,125.73,0.963,0.8029,0.2454,60.46,0.3513,0,Overheating,Normal,0.2703,1349.55,No action,98.68
2026-01-01T01:31:40,M003,Rapid Throttle,8532.2,34.17,78.26,3207.3,146.18,717.75,4.141,124.08,35.1,2.175,27.526,26.38,17.852,1.09,180.32,9.089,84.51,143.98,0.9657,0.8061,0.2609,58.91,0.5062,0,Overheating,Normal,0.2724,1311.02,No action,97.54
2026-01-01T01:31:50,M003,Rapid Throttle,12645.0,22.87,55.08,2883.6,121.12,633.17,4.499,100.57,30.62,2.082,27.581,24.63,17.752,0.854,142.74,8.213,63.1,118.81,0.9662,0.8064,0.257,59.3,0.3427,0,Overheating,Normal,0.2719,1329.7,No action,98.07
2026-01-01T01:32:00,M003,High Altitude,24134.1,-33.93,75.83,3184.2,135.56,693.78,4.066,110.64,35.69,2.232,27.622,26.44,17.789,0.992,184.83,8.958,81.61,141.06,0.9649,0.8051,0.2552,59.48,0.4784,0,Overheating,Normal,0.2716,1345.51,No action,95.9
2026-01-01T01:32:10,M003,Endurance,21842.8,19.52,50.64,2826.4,121.36,631.6,4.471,99.51,30.68,1.766,27.679,22.95,17.624,0.753,142.91,8.164,58.88,112.94,0.9617,0.802,0.2567,59.33,0.319,0,Overheating,Normal,0.2718,1331.95,No action,95.07
2026-01-01T01:32:20,M003,Hot Weather,9375.3,42.78,63.22,2964.6,138.64,694.1,4.401,124.12,32.07,1.946,27.53,25.2,17.949,0.964,167.0,8.721,70.43,125.77,0.9587,0.799,0.2568,59.32,0.4102,0,Overheating,Normal,0.2718,1337.83,No action,95.92
2026-01-01T01:32:30,M003,Rapid Throttle,8120.9,22.64,79.17,3234.7,138.38,692.54,4.121,115.11,36.65,2.384,27.607,25.41,17.652,1.057,182.9,9.151,82.69,144.94,0.9655,0.806,0.2621,58.79,0.4424,0,Overheating,Normal,0.2726,1321.64,No action,99.05
2026-01-01T01:32:40,M003,Hot Weather,17285.6,35.62,59.47,2874.9,115.75,625.61,4.398,99.51,32.48,2.089,27.444,25.28,17.605,0.889,156.93,8.344,67.41,121.59,0.9579,0.7984,0.2632,73.68,0.0796,0,Normal,Normal,0.0228,1315.75,No action,99.09
2026-01-01T01:32:50,M003,Endurance,17791.9,13.66,52.84,2824.9,103.73,579.81,4.306,88.09,31.35,1.877,27.381,25.31,17.608,0.822,146.84,7.935,62.82,115.15,0.9608,0.8014,0.2643,73.57,0.0129,0,Normal,Normal,0.0229,1337.38,No action,95.42
2026-01-01T01:33:00,M003,Endurance,21730.1,7.82,50.2,2772.3,100.33,555.33,4.353,85.76,29.73,1.764,27.511,24.03,17.744,0.755,142.22,7.785,58.24,112.32,0.9609,0.8014,0.2633,73.67,0.0556,0,Normal,Normal,0.0228,1327.37,No action,95.99
2026-01-01T01:33:10,M003,Hot Weather,14932.1,44.12,71.98,3026.7,127.2,656.27,4.291,112.53,34.46,2.084,27.606,26.23,17.626,1.002,174.09,9.19,76.28,134.93,0.9576,0.7982,0.2661,73.39,0.1363,0,Normal,Normal,0.0232,1309.86,No action,97.45
2026-01-01T01:33:20,M003,Cruise,15648.5,26.76,63.9,2985.8,115.65,598.02,4.267,95.91,33.11,2.189,27.794,24.87,17.934,0.852,164.79,8.775,68.9,129.26,0.9695,0.8097,0.2542,74.58,0.0761,0,Normal,Normal,0.0215,1361.76,No action,98.67
2026-01-01T01:33:30,M003,High Altitude,24982.8,-34.91,73.46,3133.7,115.71,610.12,4.336,97.03,35.51,2.158,27.74,25.57,17.864,0.991,177.23,8.979,77.87,138.06,0.963,0.8038,0.2712,72.88,0.1269,0,Normal,Normal,0.024,1283.84,No action,97.48
2026-01-01T01:33:40,M003,Rapid Throttle,12519.5,26.79,40.41,2657.0,98.08,562.13,4.754,86.33,27.11,1.834,27.576,23.85,17.52,0.696,125.18,7.616,52.6,102.92,0.9669,0.8069,0.2507,74.93,0.0492,0,Normal,Normal,0.021,1349.05,No action,99.11
2026-01-01T01:33:50,M003,Hot Weather,8808.7,45.32,62.79,2953.9,119.84,647.7,4.249,109.36,33.0,2.318,27.588,25.03,17.973,0.907,161.14,8.214,70.3,125.06,0.9575,0.7982,0.2668,73.32,0.1008,0,Normal,Normal,0.0233,1315.64,No action,98.53
2026-01-01T01:34:00,M003,High Altitude,26442.7,-26.63,59.87,2972.9,108.88,588.23,4.428,88.12,32.05,1.937,27.698,25.05,17.987,0.874,156.21,8.311,68.79,123.42,0.9634,0.8041,0.2672,73.28,0.0557,0,Normal,Normal,0.0234,1301.58,No action,97.98
2026-01-01T01:34:10,M003,High Altitude,29053.2,-10.28,74.19,3207.5,117.86,637.52,4.184,99.29,34.81,2.072,27.504,25.72,17.687,0.967,181.1,8.991,80.79,138.62,0.9619,0.8031,0.28,72.0,0.0961,0,Normal,Normal,0.0254,1315.23,No action,98.09
2026-01-01T01:34:20,M003,Endurance,18455.2,17.4,60.13,2917.5,108.27,598.2,4.259,96.09,31.72,1.883,27.742,25.36,17.878,0.86,152.86,8.266,66.44,123.08,0.9611,0.8016,0.2615,73.85,0.0588,0,Normal,Normal,0.0225,1325.85,No action,99.58
2026-01-01T01:34:30,M003,Cruise,13103.2,25.56,63.93,2971.1,110.52,598.87,4.233,94.73,34.22,1.979,27.853,24.46,17.406,0.939,160.32,8.665,74.14,129.26,0.9693,0.8095,0.2562,74.38,0.0617,0,Normal,Normal,0.0218,1313.7,No action,98.21
2026-01-01T01:34:40,M003,Cruise,16076.4,27.94,62.92,2955.3,110.14,598.44,4.258,100.48,33.42,2.264,27.608,25.43,17.851,0.899,162.64,8.434,70.32,127.53,0.9662,0.8075,0.2817,71.83,0.0613,0,Normal,Normal,0.0256,1308.72,No action,96.63
2026-01-01T01:34:50,M003,Cruise,16633.9,18.24,56.63,2901.2,106.53,584.75,4.398,91.48,31.59,1.734,27.344,24.54,17.824,0.834,156.08,8.301,66.11,120.78,0.9668,0.8079,0.2764,72.36,0.0208,0,Normal,Normal,0.0248,1282.18,No action,96.92
2026-01-01T01:35:00,M003,High Altitude,23949.0,-32.88,66.35,2982.3,109.85,601.76,4.441,97.03,33.05,2.204,27.608,25.16,17.647,0.965,167.54,8.631,74.98,130.29,0.9626,0.8036,0.2739,72.61,0.074,0,Normal,Normal,0.0244,1324.98,No action,96.42
2026-01-01T01:35:10,M003,High Altitude,26648.4,-20.28,60.25,2926.8,108.81,582.32,4.423,89.97,32.35,1.92,27.628,25.17,17.745,0.905,159.95,8.395,68.78,123.96,0.9641,0.8046,0.2615,73.85,0.0734,0,Normal,Normal,0.0225,1356.07,No action,96.49
2026-01-01T01:35:20,M003,High Altitude,22762.0,-8.23,72.86,3068.1,111.1,617.57,4.21,98.14,35.2,2.157,27.519,25.35,17.872,0.981,171.82,9.218,78.56,137.48,0.9633,0.804,0.2685,73.15,0.0372,0,Normal,Normal,0.0235,1344.92,No action,95.44
2026-01-01T01:35:30,M003,Endurance,18511.5,16.87,34.73,2636.9,93.25,526.95,4.781,83.53,25.61,1.819,27.514,22.67,17.891,0.713,122.1,7.265,48.01,95.53,0.9603,0.801,0.2684,73.16,0.049,0,Normal,Normal,0.0235,1316.48,No action,97.78
2026-01-01T01:35:40,M003,Cruise,11805.2,17.52,49.24,2806.0,99.23,571.44,4.47,89.39,29.7,1.872,27.594,24.27,17.818,0.758,142.93,7.811,61.23,112.78,0.9672,0.8082,0.273,72.7,0.0436,0,Normal,Normal,0.0242,1284.09,No action,97.16
2026-01-01T01:35:50,M003,Hot Weather,8444.6,41.95,57.66,2879.2,114.82,617.84,4.5,104.13,31.33,1.746,27.435,24.84,17.697,0.881,153.21,8.326,66.47,119.59,0.9577,0.7983,0.2652,73.48,0.0349,0,Normal,Normal,0.0231,1322.02,No action,96.23
2026-01-01T01:36:00,M003,High Altitude,24356.4,-6.63,68.03,3102.9,112.12,610.76,4.368,92.06,33.25,2.375,27.684,26.02,17.738,0.921,164.2,8.579,72.45,132.11,0.9626,0.8036,0.2739,72.61,0.1002,0,Normal,Normal,0.0244,1300.77,No action,96.83
2026-01-01T01:36:10,M003,Cruise,11194.1,28.96,72.92,3174.5,117.17,633.27,4.288,104.2,34.71,2.103,27.565,25.94,17.782,0.961,171.99,9.051,77.83,138.84,0.9679,0.8086,0.2671,73.29,0.0522,0,Normal,Normal,0.0233,1322.22,No action,97.08
2026-01-01T01:36:20,M003,Rapid Throttle,10157.1,25.67,71.49,3119.1,116.0,631.86,4.357,99.11,35.49,2.075,27.791,25.63,17.565,0.987,175.09,8.945,78.97,136.48,0.9651,0.8058,0.2655,73.45,0.0714,0,Normal,Normal,0.0231,1314.44,No action,99.41
2026-01-01T01:36:30,M003,Hot Weather,12176.8,35.53,65.21,2994.1,118.38,620.43,4.273,102.98,33.52,1.869,27.453,25.29,17.683,0.988,166.4,8.498,72.97,127.51,0.9568,0.7977,0.2727,72.73,0.0545,0,Normal,Normal,0.0242,1328.41,No action,96.41
2026-01-01T01:36:40,M003,Rapid Throttle,7689.4,22.2,75.46,3172.0,120.14,645.85,4.099,104.28,36.43,2.105,27.468,26.37,17.932,1.014,176.11,9.185,80.0,140.7,0.9647,0.8054,0.2695,73.05,0.0207,0,Normal,Normal,0.0237,1316.46,No action,95.25
2026-01-01T01:36:50,M003,Rapid Throttle,13112.2,28.4,80.65,3264.5,119.69,657.14,4.091,102.68,37.6,2.445,27.482,26.01,17.677,1.029,189.15,9.567,83.61,146.06,0.9634,0.8046,0.2799,72.01,0.1753,0,Normal,Normal,0.0253,1300.16,No action,99.61
2026-01-01T01:37:00,M003,Endurance,21187.7,16.27,51.0,2751.2,102.68,579.98,4.436,86.22,31.14,2.069,27.452,24.63,17.741,0.807,146.85,7.684,61.53,112.89,0.9593,0.8004,0.2768,72.32,0.0142,0,Normal,Normal,0.0249,1318.96,No action,97.03
2026-01-01T01:37:10,M003,Rapid Throttle,8855.5,32.58,83.56,3227.0,124.02,660.96,4.133,111.3,38.08,2.327,27.73,26.21,17.876,1.04,194.55,9.61,89.14,149.75,0.9657,0.8061,0.2608,73.92,0.1969,0,Normal,Normal,0.0224,1332.58,No action,98.62
2026-01-01T01:37:20,M003,High Altitude,24125.6,-6.39,76.21,3243.8,114.21,636.69,4.141,98.88,36.32,2.126,27.523,25.7,17.755,0.998,178.63,9.263,80.53,141.25,0.9639,0.8044,0.2633,73.67,0.098,0,Normal,Normal,0.0228,1327.68,No action,96.57
2026-01-01T01:37:30,M003,Cruise,12850.1,21.7,62.23,2988.4,106.5,600.3,4.429,93.49,32.17,1.915,27.587,24.6,17.562,0.876,160.53,8.59,73.53,127.24,0.9685,0.809,0.2625,73.75,0.0898,0,Normal,Normal,0.0227,1307.15,No action,96.62
2026-01-01T01:37:40,M003,Rapid Throttle,7320.6,20.05,51.72,2869.9,103.79,580.47,4.42,87.44,30.5,1.78,27.616,25.45,17.83,0.795,148.43,8.053,61.47,114.93,0.965,0.8057,0.2665,73.35,0.0753,0,Normal,Normal,0.0232,1313.74,No action,96.59
2026-01-01T01:37:50,M003,High Altitude,28773.5,-17.79,69.8,3026.8,115.88,614.39,4.253,95.26,34.58,2.185,27.631,25.05,17.933,0.916,170.88,8.794,75.87,133.93,0.9622,0.8033,0.2778,72.22,0.0604,0,Normal,Normal,0.025,1287.62,No action,96.84
2026-01-01T01:38:00,M003,Hot Weather,16932.5,43.32,58.72,2861.3,118.3,634.27,4.364,108.36,31.86,1.907,27.655,24.37,17.541,0.889,150.63,8.318,68.24,120.51,0.9565,0.7975,0.275,72.5,0.0422,0,Normal,Normal,0.0246,1311.33,No action,95.14
2026-01-01T01:38:10,M003,Hot Weather,11890.9,45.79,74.2,3153.8,127.78,680.75,4.084,116.33,36.28,2.178,27.43,26.39,17.697,0.909,175.08,8.855,75.72,137.48,0.9583,0.7987,0.2599,74.01,0.1031,0,Normal,Normal,0.0223,1333.14,No action,96.85
2026-01-01T01:38:20,M003,Endurance,18426.2,24.64,56.85,2914.9,110.43,595.83,4.335,94.05,31.13,2.055,27.685,24.24,17.613,0.881,157.15,8.438,65.5,119.39,0.9603,0.801,0.2682,73.18,0.0739,0,Normal,Normal,0.0235,1335.2,No action,98.23
2026-01-01T01:38:30,M003,Cruise,14943.5,18.63,71.06,3146.2,115.46,614.33,4.188,97.64,34.03,2.158,27.616,25.22,17.798,1.002,167.54,8.857,74.8,136.88,0.9683,0.8089,0.264,73.6,0.0725,0,Normal,Normal,0.0229,1326.66,No action,96.7
2026-01-01T01:38:40,M003,High Altitude,26069.7,-15.29,63.72,2954.0,110.02,601.7,4.375,95.29,33.78,2.089,27.573,25.47,17.766,0.946,164.82,8.448,69.99,127.39,0.9624,0.8034,0.2757,72.43,0.0578,0,Normal,Normal,0.0247,1319.13,No action,96.65
2026-01-01T01:38:50,M003,Rapid Throttle,7848.6,26.52,44.5,2747.8,101.0,561.37,4.528,88.45,28.34,1.764,27.821,23.0,17.694,0.691,137.69,7.553,56.84,106.93,0.9642,0.8051,0.2734,72.66,0.0346,0,Normal,Normal,0.0243,1298.11,No action,97.17
2026-01-01T01:39:00,M003,Rapid Throttle,15850.9,26.91,55.35,2823.9,106.35,583.98,4.344,92.62,31.3,1.908,27.492,24.07,17.667,0.878,148.02,8.22,66.41,118.75,0.9643,0.8052,0.2726,72.74,0.0332,0,Normal,Normal,0.0242,1300.7,No action,98.46
2026-01-01T01:39:10,M003,Cruise,16285.1,16.82,59.01,2833.5,111.7,581.6,4.457,91.49,31.69,2.018,27.536,24.13,17.843,0.843,156.96,8.225,66.13,123.12,0.9655,0.807,0.2875,71.25,0.0261,0,Normal,Normal,0.0266,1291.54,No action,97.03
2026-01-01T01:39:20,M003,Endurance,17475.6,13.13,56.0,2860.7,105.06,580.25,4.27,85.41,30.94,2.104,27.519,25.07,17.885,0.833,149.85,8.149,64.03,118.23,0.959,0.8002,0.2791,72.09,0.0749,0,Normal,Normal,0.0252,1315.46,No action,97.03
2026-01-01T01:39:30,M003,Cruise,11292.1,29.81,67.86,3005.6,115.69,626.18,4.351,104.14,33.72,1.994,27.588,25.16,17.858,0.986,164.4,8.678,73.25,132.97,0.9664,0.8076,0.2801,71.99,0.0535,0,Normal,Normal,0.0254,1300.57,No action,95.52
2026-01-01T01:39:40,M003,Rapid Throttle,15447.5,24.04,81.27,3242.4,122.71,655.73,4.083,101.63,36.77,2.241,27.703,26.0,17.772,1.023,182.98,9.281,87.22,146.6,0.9628,0.8042,0.2848,71.52,0.142,0,Normal,Normal,0.0262,1271.76,No action,95.59
2026-01-01T01:39:50,M003,Rapid Throttle,11710.1,20.65,70.68,3055.0,118.54,615.94,4.106,98.14,33.9,2.022,27.645,24.69,17.653,0.968,174.02,8.916,77.12,135.19,0.9632,0.8045,0.2816,71.84,0.0538,0,Normal,Normal,0.0256,1297.3,No action,95.36
2026-01-01T01:40:00,M004,High Altitude,22219.1,-28.88,63.09,2943.1,112.04,594.56,4.238,95.35,33.67,2.031,27.552,26.27,17.661,0.93,163.36,8.495,71.24,126.68,0.9623,0.8033,0.2771,72.29,0.0455,0,Normal,Normal,0.0249,1286.66,No action,99.05
2026-01-01T01:40:10,M004,Endurance,19507.3,13.15,61.0,2972.4,108.36,592.16,4.337,94.74,32.81,2.094,27.617,24.49,17.618,0.838,161.01,8.298,67.03,123.73,0.9596,0.8006,0.2739,72.61,0.069,0,Normal,Normal,0.0244,1292.35,No action,99.86
2026-01-01T01:40:20,M004,Rapid Throttle,8805.8,21.35,74.76,3077.0,117.6,638.82,4.261,101.3,35.6,2.18,27.509,25.93,17.983,1.019,172.0,9.112,82.44,139.53,0.9628,0.8042,0.2849,71.51,0.0739,0,Normal,Normal,0.0262,1280.96,No action,98.05
2026-01-01T01:40:30,M004,High Altitude,29378.3,-11.2,70.02,3067.3,113.12,618.36,4.306,97.79,34.52,1.985,27.625,25.51,17.721,0.991,168.57,8.595,78.26,134.3,0.9628,0.8037,0.2723,72.77,0.0256,0,Normal,Normal,0.0241,1314.76,No action,96.12
2026-01-01T01:40:40,M004,Rapid Throttle,9702.0,28.73,67.56,3054.0,111.95,628.22,4.242,101.98,35.22,2.076,27.522,24.85,17.751,0.981,166.35,8.774,71.71,132.11,0.9647,0.8055,0.2692,73.08,0.0643,0,Normal,Normal,0.0237,1314.28,No action,97.73
2026-01-01T01:40:50,M004,High Altitude,22417.0,-10.06,65.29,3070.3,109.74,594.9,4.094,95.8,33.51,1.939,27.624,25.69,17.523,0.92,166.56,8.405,73.96,128.71,0.9605,0.8022,0.2913,70.87,0.0572,0,Normal,Normal,0.0273,1299.83,No action,97.8
2026-01-01T01:41:00,M004,Hot Weather,13988.0,44.86,60.38,2935.7,121.44,636.51,4.209,102.99,32.34,1.815,27.614,25.14,17.815,0.884,158.53,8.547,69.05,122.29,0.9565,0.7975,0.2753,72.47,0.094,0,Normal,Normal,0.0246,1303.79,No action,96.52
2026-01-01T01:41:10,M004,Rapid Throttle,10544.1,29.44,82.89,3280.2,127.01,685.34,3.984,112.54,36.77,2.243,27.656,27.12,17.654,1.027,190.49,9.432,87.8,148.91,0.9652,0.8058,0.2652,73.48,0.1394,0,Normal,Normal,0.0231,1328.6,No action,98.9
2026-01-01T01:41:20,M004,Hot Weather,9761.5,39.97,66.33,3072.7,118.41,654.56,4.368,107.82,35.21,2.04,27.671,25.31,17.762,0.883,166.05,8.419,73.21,128.49,0.9557,0.797,0.2817,71.83,0.0653,0,Normal,Normal,0.0257,1301.22,No action,99.9
2026-01-01T01:41:30,M004,High Altitude,28127.6,-11.36,68.44,3069.7,114.86,611.72,4.364,95.89,33.5,2.026,27.588,24.78,17.81,0.927,170.7,8.866,74.05,132.17,0.9608,0.8024,0.2891,71.09,0.0638,0,Normal,Normal,0.0269,1280.07,No action,98.0
2026-01-01T01:41:40,M004,Rapid Throttle,7509.1,31.53,48.1,2765.7,106.93,582.88,4.389,90.96,29.91,1.747,27.579,24.19,17.866,0.804,135.19,7.652,55.64,110.41,0.9617,0.8034,0.2944,70.56,0.0734,0,Normal,Normal,0.0279,1273.18,No action,98.32
2026-01-01T01:41:50,M004,Endurance,15945.3,5.87,56.85,2893.6,109.77,594.54,4.411,92.38,31.79,2.059,27.524,25.31,17.867,0.782,151.91,8.329,66.67,119.11,0.9588,0.8,0.2808,71.92,0.0734,0,Normal,Normal,0.0255,1305.04,No action,97.91
2026-01-01T01:42:00,M004,Hot Weather,11267.2,36.74,64.68,3060.2,117.97,642.72,4.39,109.24,32.97,1.985,27.435,25.38,17.642,0.919,156.08,8.464,71.13,126.55,0.9548,0.7964,0.2893,71.07,0.0955,0,Normal,Normal,0.0269,1264.77,No action,96.12
2026-01-01T01:42:10,M004,Cruise,11741.7,27.13,55.64,2886.5,108.25,593.38,4.486,96.29,31.07,1.821,27.568,25.16,17.641,0.836,149.38,7.97,65.06,119.79,0.9673,0.8082,0.2724,72.76,0.0741,0,Normal,Normal,0.0241,1326.42,No action,97.06
2026-01-01T01:42:20,M004,Rapid Throttle,7108.9,20.31,74.18,3132.2,115.21,630.63,4.333,99.82,35.12,2.084,27.52,24.94,17.916,1.02,177.45,8.898,80.5,138.77,0.9622,0.8038,0.2897,71.03,0.0639,0,Normal,Normal,0.027,1293.26,No action,98.83
2026-01-01T01:42:30,M004,Cruise,11294.7,26.51,58.49,2930.0,106.22,614.68,4.414,94.43,32.6,2.215,27.378,23.57,17.763,0.831,149.03,8.359,69.77,122.42,0.9648,0.8066,0.293,70.7,0.045,0,Normal,Normal,0.0276,1283.47,No action,97.47
2026-01-01T01:42:40,M004,Cruise,17304.4,18.72,49.94,2793.4,104.38,567.81,4.472,86.77,30.8,2.08,27.618,22.67,17.744,0.783,143.6,7.899,57.94,112.98,0.9641,0.8061,0.2994,70.06,0.0872,0,Normal,Normal,0.0288,1266.42,No action,96.46
2026-01-01T01:42:50,M004,Cruise,13944.1,27.38,70.28,3126.4,113.9,632.02,4.334,102.85,35.11,2.15,27.541,26.24,17.693,0.926,175.27,8.627,75.5,135.86,0.9676,0.8084,0.2703,72.97,0.0713,0,Normal,Normal,0.0238,1331.84,No action,98.25
2026-01-01T01:43:00,M004,Hot Weather,11907.9,37.22,74.45,3130.4,123.79,658.54,4.077,111.31,35.04,2.219,27.494,25.45,17.913,0.959,174.02,9.115,79.97,136.96,0.9547,0.7963,0.2901,70.99,0.1263,0,Normal,Normal,0.0271,1284.08,No action,95.69
2026-01-01T01:43:10,M004,Cruise,11141.8,26.47,65.33,3019.0,111.23,613.86,4.151,97.0,33.07,2.113,27.474,25.0,18.074,0.927,168.63,8.452,72.43,130.33,0.967,0.808,0.2746,72.54,0.0497,0,Normal,Normal,0.0245,1310.39,No action,95.81
2026-01-01T01:43:20,M004,Rapid Throttle,9808.2,31.89,72.78,3143.5,123.53,652.7,4.165,102.28,35.53,2.333,27.234,25.77,17.822,0.937,176.04,8.831,80.53,137.18,0.9619,0.8036,0.2925,70.75,0.1889,0,Normal,Normal,0.0275,1282.15,No action,99.1
2026-01-01T01:43:30,M004,Rapid Throttle,11555.4,32.22,69.29,3020.8,117.82,638.02,4.434,103.07,32.84,1.999,27.498,25.46,17.753,0.97,168.78,8.72,75.93,133.48,0.9622,0.8038,0.2898,71.02,0.0738,0,Normal,Normal,0.027,1278.45,No action,98.28
2026-01-01T01:43:40,M004,Hot Weather,14450.5,42.25,57.9,2910.3,118.41,611.99,4.475,104.16,31.71,1.88,27.482,23.83,17.795,0.871,153.98,8.107,66.89,119.37,0.9551,0.7966,0.2869,71.31,0.0653,0,Normal,Normal,0.0265,1281.15,No action,99.44
2026-01-01T01:43:50,M004,High Altitude,23847.4,-17.14,74.43,3191.5,115.53,642.84,4.131,98.04,35.84,2.196,27.571,25.9,17.724,1.016,175.83,8.806,80.39,139.1,0.9629,0.8038,0.2717,72.83,0.0695,0,Normal,Normal,0.024,1322.56,No action,99.11
2026-01-01T01:44:00,M004,High Altitude,29455.0,-25.78,68.62,3064.9,110.78,616.21,4.338,99.07,35.25,2.168,27.406,25.14,17.898,0.95,170.12,8.64,76.4,132.4,0.961,0.8025,0.2878,71.22,0.1043,0,Normal,Normal,0.0267,1293.02,No action,95.69
2026-01-01T01:44:10,M004,Rapid Throttle,6679.9,29.5,62.8,3000.2,116.77,607.18,4.305,99.38,33.5,1.997,27.692,24.61,17.736,0.869,159.37,8.4,69.38,126.2,0.961,0.803,0.2998,70.02,0.0551,0,Normal,Normal,0.0289,1250.19,No action,97.97
2026-01-01T01:44:20,M004,Rapid Throttle,14516.8,24.61,63.3,2983.0,108.47,606.38,4.195,98.0,33.26,2.045,27.35,25.68,17.91,0.869,162.34,8.404,73.49,127.11,0.9629,0.8043,0.2843,71.57,0.0411,0,Normal,Normal,0.0261,1284.83,No action,98.55
2026-01-01T01:44:30,M004,Rapid Throttle,8177.7,29.66,81.03,3328.5,121.89,662.49,3.978,108.97,37.21,2.343,27.775,27.03,17.857,0.995,187.7,9.51,85.32,146.19,0.9622,0.8038,0.2903,70.97,0.1193,0,Normal,Normal,0.0271,1281.54,No action,99.69
2026-01-01T01:44:40,M004,High Altitude,28653.9,-11.47,75.46,3124.5,119.79,635.19,4.128,101.8,36.02,1.989,27.558,26.41,17.697,0.931,183.24,9.097,80.66,139.53,0.9598,0.8017,0.2975,70.25,0.0827,0,Normal,Normal,0.0284,1258.57,No action,96.98
2026-01-01T01:44:50,M004,Endurance,17414.6,7.24,51.65,2754.8,102.77,565.11,4.575,88.59,29.97,2.067,27.693,23.63,17.731,0.743,143.64,8.051,62.8,113.15,0.9568,0.7987,0.2976,70.24,0.0494,0,Normal,Normal,0.0285,1292.13,No action,96.12
2026-01-01T01:45:00,M004,Endurance,18578.2,20.5,46.72,2679.0,97.81,565.21,4.609,88.38,29.64,1.909,27.594,23.88,17.646,0.73,136.72,7.686,55.77,108.31,0.9594,0.8005,0.2755,72.45,0.0622,0,Normal,Normal,0.0246,1306.96,No action,97.36
2026-01-01T01:45:10,M004,High Altitude,22655.6,-6.04,56.28,2881.1,103.69,566.18,4.295,91.06,31.25,1.931,27.542,24.44,17.608,0.853,155.03,8.2,62.34,119.26,0.9621,0.8032,0.2786,72.14,0.0578,0,Normal,Normal,0.0251,1301.78,No action,98.77
2026-01-01T01:45:20,M004,Hot Weather,16210.7,44.36,62.54,2973.3,120.97,640.43,4.261,108.8,33.55,1.947,27.594,25.16,17.982,0.86,163.43,8.315,68.3,124.2,0.9545,0.7962,0.2918,70.82,0.0792,0,Normal,Normal,0.0274,1274.16,No action,96.39
2026-01-01T01:45:30,M004,Cruise,11561.3,18.62,51.66,2862.9,97.29,566.68,4.417,91.54,30.62,1.955,27.502,24.73,17.82,0.833,139.9,8.142,59.79,115.01,0.965,0.8066,0.2919,70.81,0.0715,0,Normal,Normal,0.0274,1277.34,No action,95.6
2026-01-01T01:45:40,M004,Endurance,23326.7,7.8,65.56,2977.7,113.85,602.04,4.168,96.4,34.4,2.102,27.542,24.9,17.857,0.948,161.23,8.642,72.68,128.18,0.9573,0.7991,0.293,70.7,0.05,0,Normal,Normal,0.0276,1265.18,No action,96.67
2026-01-01T01:45:50,M004,Cruise,16563.3,28.16,50.72,2808.4,105.69,576.84,4.345,93.14,30.13,2.028,27.427,23.39,17.871,0.8,143.67,8.069,60.19,114.2,0.9662,0.8074,0.282,71.8,0.0298,0,Normal,Normal,0.0257,1290.82,No action,98.73
2026-01-01T01:46:00,M004,Cruise,10612.3,19.85,52.32,2790.4,106.74,580.0,4.472,89.7,30.79,1.97,27.531,23.83,17.768,0.81,148.97,8.04,63.0,115.62,0.9644,0.8063,0.2966,70.34,0.0816,0,Normal,Normal,0.0283,1247.03,No action,98.68
2026-01-01T01:46:10,M004,Endurance,19919.8,5.9,51.11,2797.7,97.09,576.41,4.443,86.39,30.15,2.016,27.667,24.17,17.673,0.78,141.77,7.958,62.5,112.78,0.9579,0.7994,0.2881,71.19,0.064,0,Normal,Normal,0.0267,1279.93,No action,96.47
2026-01-01T01:46:20,M004,Endurance,18535.1,24.2,54.53,2852.2,101.71,591.37,4.418,89.51,30.76,1.932,27.629,23.83,17.776,0.864,150.5,7.97,63.35,116.72,0.9594,0.8004,0.276,72.4,0.049,0,Normal,Normal,0.0247,1272.53,No action,98.89
2026-01-01T01:46:30,M004,High Altitude,22111.4,-7.61,73.58,3106.3,114.24,637.71,4.11,99.74,35.73,2.237,27.226,25.85,17.744,1.007,171.5,8.921,79.85,137.59,0.9602,0.802,0.2943,70.57,0.118,0,Normal,Normal,0.0278,1274.11,No action,97.75
2026-01-01T01:46:40,M004,High Altitude,22452.8,-18.05,68.54,3078.4,110.28,623.51,4.198,97.89,34.12,2.094,27.474,25.27,17.604,0.894,169.72,8.679,73.59,131.84,0.9587,0.801,0.3067,69.33,0.0604,0,Normal,Normal,0.0302,1213.78,No action,95.67
2026-01-01T01:46:50,M004,Rapid Throttle,7855.2,22.59,40.98,2594.6,96.24,554.23,4.517,85.62,27.83,1.832,27.566,24.05,17.78,0.687,130.6,7.872,54.29,102.8,0.9623,0.8039,0.2893,71.07,0.0512,0,Normal,Normal,0.027,1276.2,No action,98.32
2026-01-01T01:47:00,M004,High Altitude,22560.6,-24.83,75.98,3150.1,117.41,643.66,4.343,99.74,35.97,2.193,27.676,26.23,17.967,0.981,178.56,9.106,81.61,140.49,0.9616,0.8029,0.2828,71.72,0.1027,0,Normal,Normal,0.0258,1276.64,No action,96.28
2026-01-01T01:47:10,M004,Hot Weather,16236.3,45.3,58.23,2913.9,118.76,640.93,4.342,102.42,31.92,2.035,27.617,25.87,17.868,0.879,149.46,8.193,69.55,119.35,0.9531,0.7953,0.3031,69.69,0.0894,0,Normal,Normal,0.0295,1250.06,No action,99.28
2026-01-01T01:47:20,M004,Hot Weather,9419.2,38.97,65.62,3020.5,117.25,646.09,4.285,109.5,33.97,2.033,27.441,26.02,17.91,0.9,164.94,8.304,73.51,127.24,0.9533,0.7953,0.302,69.8,0.0664,0,Normal,Normal,0.0293,1253.78,No action,95.15
2026-01-01T01:47:30,M004,High Altitude,26674.8,-14.98,74.39,3153.9,115.34,614.95,4.33,101.52,35.54,2.146,27.32,26.02,17.704,0.929,175.74,9.099,78.88,138.46,0.9602,0.802,0.2942,70.58,0.0567,0,Normal,Normal,0.0278,1274.46,No action,98.1
2026-01-01T01:47:40,M004,Cruise,12153.9,24.86,57.49,2869.0,112.37,600.74,4.459,96.2,31.9,2.016,27.324,25.29,17.674,0.87,152.19,8.043,64.89,121.1,0.9636,0.8057,0.3034,69.66,0.0638,0,Normal,Normal,0.0295,1259.67,No action,98.37
2026-01-01T01:47:50,M004,High Altitude,25592.4,-19.17,73.45,3141.2,114.85,632.79,4.162,99.3,34.46,2.151,27.294,25.38,17.847,1.008,172.69,8.939,79.12,137.44,0.9601,0.8019,0.2947,70.53,0.0475,0,Normal,Normal,0.0279,1265.98,No action,96.03
2026-01-01T01:48:00,M004,Hot Weather,15681.2,35.03,67.71,3053.7,118.27,627.41,4.299,104.17,34.36,2.064,27.469,24.4,17.832,0.896,161.63,8.525,73.68,129.87,0.9552,0.7966,0.286,71.4,0.0759,0,Normal,Normal,0.0264,1281.73,No action,99.96
2026-01-01T01:48:10,M004,Endurance,22666.0,6.01,77.98,3238.9,118.21,636.69,4.169,100.07,36.57,2.345,27.284,26.21,17.795,1.025,181.1,9.002,81.07,141.62,0.9578,0.7994,0.2892,71.08,0.1025,0,Normal,Normal,0.0269,1286.3,No action,97.49
2026-01-01T01:48:20,M004,Rapid Throttle,6120.4,20.45,54.3,2883.4,103.25,578.64,4.341,93.1,29.86,1.943,27.555,24.45,17.771,0.867,152.99,8.049,61.18,116.91,0.9606,0.8027,0.3037,69.63,0.0416,0,Normal,Normal,0.0296,1238.98,No action,99.54
2026-01-01T01:48:30,M004,Rapid Throttle,6011.3,33.31,78.11,3143.3,124.88,671.07,4.15,108.32,35.92,2.334,27.508,26.59,17.994,0.987,185.61,9.165,82.92,142.76,0.961,0.803,0.2999,70.01,0.0954,0,Normal,Normal,0.0289,1234.54,No action,97.2
2026-01-01T01:48:40,M004,High Altitude,27492.9,-24.62,65.99,3023.9,111.61,603.18,4.372,95.99,33.85,2.139,27.546,24.6,17.712,0.909,165.65,8.556,70.68,129.48,0.9606,0.8022,0.2909,70.91,0.1013,0,Normal,Normal,0.0272,1307.03,No action,99.36
2026-01-01T01:48:50,M004,Hot Weather,15153.3,47.42,66.27,3007.2,117.95,657.87,4.458,114.33,34.1,1.966,27.319,25.65,17.742,0.925,169.84,8.313,76.05,127.95,0.9533,0.7954,0.3013,69.87,0.0753,0,Normal,Normal,0.0291,1260.89,No action,98.82
2026-01-01T01:49:00,M004,Endurance,21318.9,13.44,58.06,2940.0,110.84,587.8,4.446,88.54,32.25,2.122,27.508,25.23,17.76,0.884,150.22,8.161,67.63,120.3,0.9583,0.7997,0.2853,71.47,0.0588,0,Normal,Normal,0.0263,1274.91,No action,99.24
2026-01-01T01:49:10,M004,High Altitude,29034.6,-9.67,70.76,3104.8,114.89,625.61,4.315,98.56,34.82,2.342,27.442,25.25,17.908,1.032,171.89,8.884,77.92,134.44,0.9597,0.8016,0.2984,70.16,0.0947,0,Normal,Normal,0.0286,1271.07,No action,99.73
2026-01-01T01:49:20,M004,Hot Weather,11362.8,37.13,56.91,2877.8,113.06,605.68,4.409,103.56,30.82,2.09,27.554,24.11,17.608,0.852,148.22,8.279,66.41,117.81,0.9524,0.7948,0.309,69.1,0.0626,0,Normal,Normal,0.0306,1267.53,No action,97.85
2026-01-01T01:49:30,M004,Endurance,22640.0,21.03,68.4,2992.5,115.76,631.72,4.365,98.0,32.51,2.158,27.593,25.59,17.687,0.919,166.73,8.723,74.22,131.02,0.9563,0.7984,0.3015,69.85,0.0842,0,Normal,Normal,0.0292,1252.71,No action,97.99
2026-01-01T01:49:40,M004,Endurance,16397.2,6.06,46.93,2756.2,99.37,549.91,4.383,85.1,28.77,1.954,27.531,23.91,17.743,0.799,138.13,8.054,56.76,108.35,0.9583,0.7997,0.285,71.5,0.0524,0,Normal,Normal,0.0262,1306.95,No action,97.52
2026-01-01T01:49:50,M004,Cruise,15217.9,20.82,57.81,2850.6,104.09,597.25,4.483,93.04,32.26,2.114,27.396,24.78,17.669,0.852,153.86,8.326,67.29,121.69,0.9649,0.8066,0.2928,70.72,0.0493,0,Normal,Normal,0.0276,1276.16,No action,97.35
2026-01-01T01:50:00,M004,Cruise,14464.9,17.06,64.24,2999.6,110.03,616.11,4.378,95.59,33.9,2.189,27.503,25.49,17.633,0.929,159.67,8.621,71.86,128.07,0.9618,0.8045,0.3187,68.13,0.0633,0,Normal,Normal,0.0327,1226.68,No action,99.01
2026-01-01T01:50:10,M004,Endurance,15060.4,19.46,56.29,2778.1,106.57,587.78,4.367,91.37,32.66,2.091,27.72,24.54,17.875,0.873,158.5,8.326,66.83,118.02,0.9562,0.7983,0.3024,69.76,0.0686,0,Normal,Normal,0.0294,1244.26,No action,96.66
2026-01-01T01:50:20,M004,Hot Weather,16008.5,38.2,60.69,2967.2,115.04,626.71,4.392,99.96,32.8,2.013,27.313,25.55,17.633,0.874,158.02,8.471,68.39,122.34,0.9551,0.7966,0.2869,71.31,0.0064,0,Normal,Normal,0.0265,1308.84,No action,95.23
2026-01-01T01:50:30,M004,Rapid Throttle,12200.0,27.55,60.29,2929.3,111.52,618.22,4.182,95.89,31.74,2.1,27.43,24.74,17.824,0.864,157.8,8.209,68.87,123.39,0.9606,0.8027,0.3037,69.63,0.0749,0,Normal,Normal,0.0296,1239.11,No action,98.06
2026-01-01T01:50:40,M004,Endurance,20144.6,5.34,65.04,3034.1,109.45,606.05,4.102,94.1,33.37,2.134,27.309,25.51,17.862,0.884,163.24,8.585,69.37,127.68,0.9576,0.7993,0.2906,70.94,0.0964,0,Normal,Normal,0.0272,1292.53,No action,95.47
2026-01-01T01:50:50,M004,Hot Weather,13066.9,35.59,67.8,3024.9,118.7,640.81,4.221,105.62,34.58,2.134,27.299,24.96,17.83,0.933,164.55,8.72,74.77,129.59,0.9534,0.7954,0.301,69.9,0.1119,0,Normal,Normal,0.0291,1266.24,No action,99.69
2026-01-01T01:51:00,M004,Rapid Throttle,13526.4,24.6,48.7,2778.8,102.77,557.52,4.532,91.52,29.08,1.881,27.653,24.0,17.798,0.761,139.25,7.887,57.83,111.03,0.9615,0.8033,0.2957,70.43,0.0,0,Normal,Normal,0.0281,1261.81,No action,95.53
2026-01-01T01:51:10,M004,High Altitude,25589.6,-14.5,63.51,2957.6,104.62,604.1,4.403,96.94,32.73,2.023,27.434,25.75,17.949,0.865,163.37,8.445,71.2,126.83,0.9608,0.8024,0.2892,71.08,0.0837,0,Normal,Normal,0.0269,1268.21,No action,96.01
2026-01-01T01:51:20,M004,Rapid Throttle,13801.7,27.87,70.83,3114.7,114.69,624.82,4.189,103.33,33.35,2.058,27.727,25.05,17.79,0.97,172.18,8.714,76.06,134.56,0.9595,0.802,0.3123,68.77,0.0192,0,Normal,Normal,0.0313,1243.84,No action,97.5
2026-01-01T01:51:30,M004,Hot Weather,15044.6,37.35,65.01,2946.3,120.9,631.56,4.338,106.07,33.57,2.153,27.509,25.74,17.885,0.937,159.07,8.451,70.97,126.71,0.9539,0.7957,0.2969,70.31,0.0533,0,Normal,Normal,0.0283,1245.87,No action,99.47
2026-01-01T01:51:40,M004,High Altitude,26345.6,-28.02,70.06,3077.4,113.85,606.48,4.293,95.97,35.85,2.151,27.13,26.23,17.73,1.046,171.88,8.83,75.92,133.36,0.9582,0.8006,0.3109,68.91,0.0474,0,Normal,Normal,0.031,1248.89,No action,99.61
2026-01-01T01:51:50,M004,Hot Weather,17215.9,45.12,60.95,2908.9,114.6,638.7,4.408,109.64,33.51,2.149,27.784,24.56,17.828,0.92,161.73,8.451,70.1,122.56,0.9548,0.7963,0.2895,71.05,0.0054,0,Normal,Normal,0.027,1290.38,No action,95.42
2026-01-01T01:52:00,M004,Cruise,10260.1,20.25,57.63,2847.3,103.94,587.96,4.465,94.01,32.53,2.106,27.759,24.95,17.903,0.863,151.5,8.176,65.36,121.65,0.9657,0.8071,0.2859,71.41,0.071,0,Normal,Normal,0.0264,1263.56,No action,99.7
2026-01-01T01:52:10,M004,Hot Weather,9662.0,43.1,57.47,2859.0,118.18,643.53,4.192,105.59,32.18,1.912,27.595,24.17,17.85,0.863,151.53,8.018,65.78,118.51,0.953,0.7952,0.304,69.6,0.0967,0,Normal,Normal,0.0297,1245.52,No action,95.79
2026-01-01T01:52:20,M004,High Altitude,29232.9,-34.02,65.63,3020.5,115.76,604.25,4.272,96.68,33.67,2.16,27.626,25.96,17.814,0.957,161.7,8.35,76.28,128.81,0.9592,0.8013,0.3021,69.79,0.1156,0,Normal,Normal,0.0293,1272.48,No action,98.87
2026-01-01T01:52:30,M004,Endurance,22553.2,20.67,70.21,3079.2,118.74,618.75,4.332,99.67,34.27,2.296,27.689,26.03,17.783,0.939,158.9,8.776,77.37,132.9,0.9561,0.7982,0.3035,69.65,0.1314,0,Normal,Normal,0.0296,1251.67,No action,98.65
2026-01-01T01:52:40,M004,High Altitude,28010.9,-6.46,66.35,3030.8,113.99,606.5,4.372,97.81,34.91,2.002,27.63,25.58,17.625,0.858,163.03,8.362,77.22,129.42,0.9584,0.8008,0.3089,69.11,0.0611,0,Normal,Normal,0.0306,1247.7,No action,98.02
2026-01-01T01:52:50,M004,Cruise,12979.0,22.1,58.93,2852.0,111.08,594.87,4.306,94.04,31.88,2.082,27.444,25.26,17.76,0.828,149.73,8.398,66.84,122.6,0.9633,0.8055,0.3062,69.38,0.067,0,Normal,Normal,0.0301,1252.09,No action,99.17
2026-01-01T01:53:00,M004,Cruise,16880.5,17.09,66.12,2974.6,111.29,616.66,4.322,94.87,34.32,2.252,27.494,24.98,17.507,0.922,166.23,8.36,72.79,130.1,0.9617,0.8045,0.319,68.1,0.0834,0,Normal,Normal,0.0327,1247.32,No action,98.39
2026-01-01T01:53:10,M004,Rapid Throttle,10926.4,23.13,65.96,3013.7,114.13,605.31,4.201,96.35,34.17,2.091,27.493,24.64,17.912,0.875,158.48,8.535,76.32,129.34,0.9597,0.8021,0.3108,68.92,0.0477,0,Normal,Normal,0.031,1252.92,No action,96.08
2026-01-01T01:53:20,M004,Rapid Throttle,13937.3,25.97,42.52,2646.1,98.72,555.86,4.579,89.36,27.05,1.878,27.487,23.25,17.728,0.75,132.98,7.461,56.4,104.38,0.9618,0.8035,0.2936,70.64,0.0272,0,Normal,Normal,0.0277,1269.15,No action,96.02
2026-01-01T01:53:30,M004,Hot Weather,13889.8,37.2,77.62,3198.2,125.96,665.25,4.136,111.27,36.44,2.2,27.396,26.22,17.908,1.03,182.6,9.406,82.63,139.62,0.9515,0.7941,0.3169,68.31,0.1767,0,Normal,Normal,0.0323,1215.35,No action,99.74
2026-01-01T01:53:40,M004,Rapid Throttle,8316.0,25.56,47.05,2715.5,101.31,566.41,4.594,92.19,29.77,1.934,27.534,25.0,17.845,0.787,137.02,7.751,58.12,109.03,0.9603,0.8025,0.3058,69.42,0.0296,0,Normal,Normal,0.03,1256.74,No action,95.38
2026-01-01T01:53:50,M004,Hot Weather,10183.9,37.97,62.95,2964.4,118.55,638.24,4.386,102.57,32.33,2.161,27.752,25.02,17.868,0.961,161.23,8.367,70.02,124.19,0.9522,0.7946,0.3108,68.92,0.1147,0,Normal,Normal,0.031,1247.56,No action,99.31
2026-01-01T01:54:00,M004,High Altitude,28537.0,-15.25,61.21,2987.2,106.15,585.1,4.349,94.99,31.83,2.213,27.817,25.18,17.529,0.891,155.04,8.429,68.9,123.91,0.9585,0.8008,0.3082,69.18,0.0746,0,Normal,Normal,0.0305,1244.48,No action,99.57
2026-01-01T01:54:10,M004,Hot Weather,9687.0,44.99,58.83,2902.5,120.45,631.91,4.405,108.49,31.35,1.852,27.592,25.07,17.765,0.851,158.44,8.285,66.03,120.0,0.9532,0.7953,0.3028,69.72,0.083,0,Normal,Normal,0.0294,1242.56,No action,97.16
2026-01-01T01:54:20,M004,Endurance,16662.2,15.02,54.01,2749.5,104.56,580.86,4.382,91.86,31.49,1.993,27.511,24.43,17.602,0.831,151.39,8.071,65.26,115.43,0.9554,0.7978,0.3088,69.12,0.0337,0,Normal,Normal,0.0306,1266.0,No action,96.82
2026-01-01T01:54:30,M004,Cruise,17649.5,20.63,69.43,3083.8,112.63,610.74,4.178,99.02,33.98,2.165,27.674,25.79,17.464,0.98,171.92,8.778,75.58,133.95,0.963,0.8053,0.3087,69.13,0.0517,0,Normal,Normal,0.0306,1254.78,No action,96.96
2026-01-01T01:54:40,M004,Cruise,13803.0,19.62,60.5,3023.5,108.8,585.5,4.236,95.78,32.73,2.264,27.559,23.61,17.839,0.853,155.81,8.521,69.21,124.08,0.9621,0.8047,0.3157,68.43,0.0703,0,Normal,Normal,0.032,1234.87,No action,95.91
2026-01-01T01:54:50,M004,Hot Weather,9834.1,45.09,51.06,2794.2,111.01,609.53,4.467,102.01,31.27,1.883,27.329,24.58,17.794,0.811,146.49,7.868,63.89,111.63,0.9527,0.795,0.3067,69.33,0.0373,0,Normal,Normal,0.0302,1230.46,No action,95.66
2026-01-01T01:55:00,M004,Rapid Throttle,14481.6,21.77,62.32,2951.2,114.26,591.14,4.475,96.62,33.46,2.04,27.4,24.51,17.794,0.913,155.42,8.357,70.88,125.37,0.9594,0.802,0.3131,68.69,0.0896,0,Normal,Normal,0.0315,1228.87,No action,95.6
2026-01-01T01:55:10,M004,Hot Weather,14157.1,36.56,76.9,3147.3,120.21,668.42,4.132,107.66,36.54,2.211,27.244,24.89,17.699,0.987,182.97,8.936,82.76,138.84,0.9514,0.7941,0.3178,68.22,0.1479,0,Normal,Normal,0.0325,1231.56,No action,97.04
2026-01-01T01:55:20,M004,High Altitude,29661.1,-26.53,67.49,3067.0,112.73,617.16,4.282,99.11,33.52,2.238,27.516,24.91,17.702,0.946,167.15,8.855,73.23,130.46,0.9575,0.8002,0.3163,68.37,0.075,0,Normal,Normal,0.0322,1251.38,No action,95.94
2026-01-01T01:55:30,M004,High Altitude,22602.8,-34.83,57.46,2886.0,107.22,593.61,4.463,90.15,31.03,2.103,27.489,24.22,17.673,0.859,145.94,8.048,63.79,119.69,0.9576,0.8002,0.3159,68.41,0.0579,0,Normal,Normal,0.0321,1227.08,No action,99.99
2026-01-01T01:55:40,M004,Hot Weather,14308.1,42.01,61.59,3016.8,115.26,640.99,4.341,107.44,33.03,2.232,27.466,24.24,17.581,0.909,153.65,8.231,73.01,122.66,0.9518,0.7944,0.3143,68.57,0.0807,0,Normal,Normal,0.0317,1232.2,No action,99.26
2026-01-01T01:55:50,M004,Rapid Throttle,6888.2,30.79,59.65,2944.8,110.82,622.21,4.293,101.51,32.41,1.914,27.475,24.86,17.683,0.875,156.74,8.328,67.21,122.71,0.9606,0.8028,0.3029,69.71,0.0646,0,Normal,Normal,0.0295,1251.05,No action,95.49
2026-01-01T01:56:00,M004,Endurance,20509.6,14.69,62.82,2961.4,107.62,594.08,4.249,91.86,33.85,2.012,27.605,25.05,17.755,0.957,157.08,8.341,71.06,124.76,0.9549,0.7974,0.3134,68.66,0.0741,0,Normal,Normal,0.0315,1259.85,No action,97.15
2026-01-01T01:56:10,M004,Hot Weather,12488.6,45.98,50.64,2767.2,115.58,617.89,4.419,107.5,31.27,1.937,27.3,24.15,17.54,0.797,143.15,7.94,62.61,110.85,0.9507,0.7937,0.323,67.7,0.039,0,Normal,Normal,0.0336,1196.75,No action,95.51
2026-01-01T01:56:20,M004,Rapid Throttle,8764.5,23.46,37.31,2547.6,96.65,543.64,4.47,78.99,27.62,1.988,27.627,22.49,17.688,0.751,120.02,7.442,49.95,98.24,0.9586,0.8014,0.3197,68.03,0.0683,0,Normal,Normal,0.0329,1227.35,No action,96.98
2026-01-01T01:56:30,M004,Hot Weather,11981.6,37.46,81.36,3203.5,127.01,688.42,4.129,112.06,36.61,2.266,27.297,26.04,17.651,1.011,190.58,8.825,86.24,143.41,0.9506,0.7936,0.3238,67.62,0.129,0,Normal,Normal,0.0338,1212.58,No action,97.52
2026-01-01T01:56:40,M004,Rapid Throttle,6488.6,21.43,89.4,3373.5,129.22,677.16,4.244,111.19,40.11,2.329,27.526,26.97,17.682,1.168,201.38,9.451,88.82,154.3,0.9583,0.8012,0.3228,67.72,0.1975,0,Normal,Normal,0.0336,1232.13,No action,96.27
2026-01-01T01:56:50,M004,Cruise,15216.5,16.06,60.39,2892.5,112.29,599.12,4.448,91.37,32.68,1.995,27.552,24.41,17.653,0.868,152.31,8.302,67.71,123.79,0.9612,0.8042,0.323,67.7,0.0847,0,Normal,Normal,0.0336,1219.88,No action,96.45
2026-01-01T01:57:00,M004,High Altitude,23857.0,-10.99,69.52,2999.3,116.53,597.88,4.247,95.34,33.26,2.204,27.506,25.74,17.734,0.879,168.71,8.916,77.31,132.52,0.9569,0.7998,0.3215,67.85,0.0882,0,Normal,Normal,0.0333,1249.31,No action,97.76
2026-01-01T01:57:10,M004,Hot Weather,15577.0,46.01,73.89,3141.4,126.12,674.95,4.067,118.33,36.91,2.101,27.414,24.95,17.6,0.982,177.28,8.824,79.58,136.07,0.9533,0.7954,0.3013,69.87,0.1416,0,Normal,Normal,0.0292,1269.88,No action,95.15
2026-01-01T01:57:20,M004,Cruise,14604.8,24.33,64.94,2970.6,112.9,620.15,4.298,98.42,33.98,2.221,27.512,24.36,17.794,0.929,163.44,8.389,73.17,128.84,0.9618,0.8046,0.318,68.2,0.1055,0,Normal,Normal,0.0325,1224.35,No action,99.36
2026-01-01T01:57:30,M004,High Altitude,22041.1,-32.86,70.37,3019.2,112.81,614.18,4.213,99.79,35.64,2.277,27.393,25.75,17.799,0.954,173.49,8.719,76.47,133.55,0.9575,0.8002,0.3167,68.33,0.0964,0,Normal,Normal,0.0322,1216.15,No action,98.28
2026-01-01T01:57:40,M004,Rapid Throttle,13183.1,33.83,37.81,2548.2,100.33,561.34,4.582,90.76,28.41,1.984,27.522,23.25,17.709,0.701,124.68,7.412,48.75,98.83,0.9589,0.8016,0.3176,68.24,0.0575,0,Normal,Normal,0.0324,1213.63,No action,99.11
2026-01-01T01:57:50,M004,Rapid Throttle,6399.1,34.23,75.72,3117.6,121.5,668.23,4.081,109.44,35.95,2.161,27.656,24.98,18.012,0.952,182.07,8.96,80.18,139.53,0.9581,0.8011,0.3241,67.59,0.1146,0,Normal,Normal,0.0338,1225.11,No action,96.4
2026-01-01T01:58:00,M004,High Altitude,25747.4,-12.14,83.46,3314.4,121.73,656.5,4.183,104.31,39.27,2.268,27.349,25.75,17.641,1.036,185.63,9.403,86.56,147.4,0.9565,0.7995,0.3248,67.52,0.1273,0,Normal,Normal,0.034,1220.6,No action,96.6
2026-01-01T01:58:10,M004,High Altitude,26296.9,-27.77,61.66,3054.4,110.24,601.02,4.309,91.01,32.89,2.142,27.767,24.46,17.619,0.907,157.76,8.366,71.6,124.06,0.9568,0.7997,0.3223,67.77,0.0554,0,Normal,Normal,0.0334,1199.72,No action,95.68
2026-01-01T01:58:20,M004,High Altitude,28005.7,-13.12,60.71,2967.7,101.06,600.74,4.303,95.0,33.57,1.874,27.374,23.68,17.981,0.891,159.26,8.341,67.98,122.75,0.9553,0.7987,0.3346,66.54,0.0698,0,Normal,Normal,0.0362,1207.76,No action,97.22
2026-01-01T01:58:30,M004,Hot Weather,8518.3,39.82,65.57,2950.0,119.67,638.48,4.316,106.04,33.05,2.149,27.487,24.93,17.765,0.921,165.22,8.589,72.12,126.33,0.949,0.7925,0.3376,66.24,0.1206,0,Normal,Normal,0.0369,1194.38,No action,99.88
2026-01-01T01:58:40,M004,Endurance,17710.3,17.99,67.06,3080.4,113.16,607.41,4.334,96.84,33.88,2.193,27.389,25.0,17.85,0.953,158.74,8.56,73.73,129.27,0.9548,0.7974,0.3141,68.59,0.0591,0,Normal,Normal,0.0317,1252.71,No action,95.19
2026-01-01T01:58:50,M004,Endurance,19574.4,17.59,43.03,2682.0,95.68,537.98,4.553,89.77,28.77,1.954,27.406,23.93,17.865,0.785,133.24,7.539,55.7,103.57,0.9547,0.7973,0.3146,68.54,0.0544,0,Normal,Normal,0.0318,1228.56,No action,97.9
2026-01-01T01:59:00,M004,High Altitude,24370.7,-34.52,74.83,3134.7,116.93,627.81,4.259,101.09,35.82,2.141,27.36,26.14,17.821,1.006,179.53,8.86,81.74,138.31,0.9573,0.8,0.3183,68.17,0.0926,0,Normal,Normal,0.0326,1229.54,No action,98.72
2026-01-01T01:59:10,M004,Cruise,12460.7,26.18,71.05,3125.0,115.99,629.25,4.043,104.1,34.53,2.206,27.23,24.95,17.628,0.905,174.16,8.715,79.71,135.3,0.9611,0.804,0.3244,67.56,0.0608,0,Normal,Normal,0.0339,1209.88,No action,98.06
2026-01-01T01:59:20,M004,Cruise,12578.2,23.2,60.47,2930.4,113.11,590.99,4.302,95.48,31.75,2.084,27.528,24.24,17.626,0.893,160.48,8.248,69.38,124.02,0.9619,0.8046,0.3171,68.29,0.0786,0,Normal,Normal,0.0323,1249.76,No action,96.55
2026-01-01T01:59:30,M004,Rapid Throttle,8590.8,22.46,70.41,3026.1,117.76,632.12,4.292,99.08,34.12,2.172,27.64,25.93,17.661,0.941,169.26,8.632,76.6,133.9,0.9585,0.8013,0.3207,67.93,0.0981,0,Normal,Normal,0.0331,1227.76,No action,96.57
2026-01-01T01:59:40,M004,Cruise,17932.6,22.74,59.57,2880.5,107.07,597.65,4.285,94.29,31.81,2.054,27.56,25.0,17.593,0.886,157.8,8.451,67.37,123.04,0.9619,0.8046,0.3174,68.26,0.0222,0,Normal,Normal,0.0324,1235.78,No action,96.89
2026-01-01T01:59:50,M004,High Altitude,27733.0,-29.47,66.44,3027.8,112.67,601.21,4.259,96.82,34.1,2.246,27.421,26.27,17.672,0.896,167.08,8.261,74.16,129.29,0.9574,0.8001,0.3179,68.21,0.0679,0,Normal,Normal,0.0325,1230.73,No action,98.19
2026-01-01T02:00:00,M004,High Altitude,23355.7,-10.28,69.28,3129.3,115.09,615.7,4.288,100.49,34.05,2.179,27.368,24.77,17.797,0.89,174.62,8.803,74.67,132.25,0.9569,0.7997,0.3221,67.79,0.1009,0,Normal,Normal,0.0334,1239.76,No action,98.77
2026-01-01T02:00:10,M004,Hot Weather,17438.4,38.68,72.77,3093.7,126.47,656.81,4.419,109.94,34.61,2.162,27.357,24.81,17.753,0.94,174.0,9.125,78.79,134.21,0.9502,0.7933,0.3274,67.26,0.1352,0,Normal,Normal,0.0346,1237.15,No action,97.47
2026-01-01T02:00:20,M004,Cruise,12520.0,18.11,56.82,2890.3,106.9,570.4,4.397,89.2,31.81,2.016,27.36,24.97,17.689,0.819,148.13,8.311,65.26,120.1,0.9622,0.8048,0.3149,68.51,0.0383,0,Normal,Normal,0.0319,1260.2,No action,98.86
2026-01-01T02:00:30,M004,Cruise,15480.4,28.64,62.07,2927.5,113.02,622.91,4.205,97.45,33.71,2.112,27.32,25.26,17.794,0.866,159.09,8.509,70.06,125.49,0.9607,0.8038,0.3279,67.21,0.0344,0,Normal,Normal,0.0347,1207.41,No action,97.58
2026-01-01T02:00:40,M004,Endurance,14494.8,16.51,42.33,2655.9,93.87,531.21,4.525,83.59,28.43,1.852,27.388,23.13,17.595,0.687,128.54,7.669,56.48,102.84,0.9549,0.7974,0.3133,68.67,0.0501,0,Normal,Normal,0.0315,1237.06,No action,96.9
2026-01-01T02:00:50,M004,Hot Weather,16800.6,39.19,70.78,3073.4,119.84,650.48,3.96,110.7,34.94,2.298,27.468,25.31,17.623,0.934,171.75,8.887,77.02,132.04,0.9499,0.7931,0.33,67.0,0.1213,0,Normal,Normal,0.0352,1206.46,No action,99.74
2026-01-01T02:01:00,M004,Rapid Throttle,6574.9,22.63,77.81,3186.7,121.82,652.7,3.94,104.14,35.58,2.454,27.522,26.03,17.677,0.971,184.17,8.917,83.59,141.97,0.959,0.8017,0.3167,68.33,0.1612,0,Normal,Normal,0.0322,1240.35,No action,97.65
2026-01-01T02:01:10,M004,Cruise,17666.7,19.02,54.37,2843.5,102.42,589.02,4.357,91.2,31.1,1.853,27.354,24.17,17.657,0.823,147.58,8.116,61.98,117.22,0.961,0.804,0.3252,67.48,0.0627,0,Normal,Normal,0.0341,1202.49,No action,97.58
2026-01-01T02:01:20,M004,Rapid Throttle,9625.8,26.96,56.24,2868.5,104.99,572.26,4.373,95.77,31.57,1.992,27.658,24.91,17.691,0.811,144.98,7.982,64.56,118.42,0.9574,0.8006,0.3297,67.03,0.0369,0,Normal,Normal,0.0351,1204.5,No action,95.09
2026-01-01T02:01:30,M004,Cruise,12162.1,16.35,70.46,3061.0,118.49,625.68,4.179,98.29,35.03,2.362,27.614,24.98,17.617,0.913,170.5,8.471,74.64,134.45,0.9601,0.8034,0.3324,66.76,0.136,0,Normal,Normal,0.0357,1208.35,No action,97.43
2026-01-01T02:01:40,M004,Hot Weather,13008.6,41.76,42.87,2579.6,106.51,594.37,4.519,99.2,29.51,2.063,27.727,24.08,17.773,0.734,128.43,7.518,54.06,102.56,0.9504,0.7935,0.3255,67.45,0.0125,0,Normal,Normal,0.0341,1219.98,No action,98.54
2026-01-01T02:01:50,M004,Rapid Throttle,11903.6,34.73,88.19,3267.1,131.09,693.9,3.904,113.25,38.94,2.429,27.595,26.22,17.818,1.062,200.77,9.478,91.02,152.73,0.9572,0.8005,0.3317,66.83,0.2003,0,Normal,Normal,0.0355,1206.31,No action,99.33
2026-01-01T02:02:00,M004,High Altitude,26020.7,-14.62,75.79,3157.4,115.31,641.6,4.1,97.06,35.26,2.073,27.561,24.79,17.666,1.025,178.57,8.969,80.72,139.03,0.9559,0.7991,0.3299,67.01,0.0685,0,Normal,Normal,0.0351,1194.14,No action,98.43
2026-01-01T02:02:10,M004,High Altitude,28919.2,-21.12,66.44,2979.5,110.11,606.83,4.119,98.43,33.31,2.057,27.584,24.46,17.695,0.885,164.47,8.604,74.07,129.1,0.9564,0.7994,0.3259,67.41,0.0605,0,Normal,Normal,0.0342,1215.28,No action,97.61
2026-01-01T02:02:20,M004,Cruise,15450.1,24.48,69.63,3086.2,118.22,628.85,4.087,98.1,35.26,2.208,27.355,25.8,17.894,0.918,167.14,8.852,75.63,133.49,0.9598,0.8032,0.3352,66.48,0.1012,0,Normal,Normal,0.0364,1165.57,No action,99.82
2026-01-01T02:02:30,M004,Cruise,11755.6,28.4,64.71,2958.3,115.34,635.57,4.255,97.88,34.1,2.066,27.546,24.32,17.72,0.853,162.15,8.577,76.5,128.06,0.9593,0.8028,0.3395,66.05,0.0408,0,Normal,Normal,0.0374,1204.58,No action,99.93
2026-01-01T02:02:40,M004,Hot Weather,16798.5,44.98,69.08,3084.0,123.44,655.5,4.107,110.45,33.87,2.151,27.37,25.15,17.652,0.964,170.24,8.608,75.74,130.54,0.9514,0.7941,0.3174,68.26,0.1403,0,Normal,Normal,0.0324,1226.84,No action,98.46
2026-01-01T02:02:50,M004,Hot Weather,17777.8,40.77,61.92,2943.5,114.4,637.68,4.277,103.9,32.15,1.912,27.586,24.17,17.626,0.892,157.46,8.314,69.29,122.38,0.9486,0.7922,0.3411,65.89,0.0534,0,Normal,Normal,0.0378,1176.66,No action,97.87
2026-01-01T02:03:00,M004,Endurance,23149.8,24.08,77.09,3177.9,121.42,642.62,3.97,105.02,36.38,2.329,27.422,26.2,17.698,0.99,179.15,9.229,81.1,139.6,0.9531,0.7962,0.3286,67.14,0.1261,0,Normal,Normal,0.0348,1201.06,No action,97.45
2026-01-01T02:03:10,M004,Rapid Throttle,15217.7,22.63,70.27,3129.0,117.73,624.46,4.099,98.87,35.63,2.042,27.464,25.29,17.709,0.924,171.35,8.714,78.3,133.46,0.9572,0.8005,0.3316,66.84,0.0525,0,Normal,Normal,0.0355,1204.71,No action,99.12
2026-01-01T02:03:20,M004,Cruise,12853.9,28.98,70.18,3092.1,118.26,640.62,4.306,105.42,35.2,2.388,27.607,24.88,18.16,0.951,175.95,8.869,74.84,134.34,0.961,0.804,0.3248,67.52,0.0823,0,Normal,Normal,0.034,1231.79,No action,96.47
2026-01-01T02:03:30,M004,Endurance,14258.3,13.1,53.7,2881.1,103.28,581.46,4.52,90.32,30.82,2.247,27.461,23.45,17.654,0.778,150.53,8.29,65.74,114.55,0.9524,0.7958,0.3338,66.62,0.0602,0,Normal,Normal,0.036,1205.83,No action,99.38
2026-01-01T02:03:40,M004,Hot Weather,15466.1,36.75,64.54,3019.7,120.67,641.72,4.228,105.2,33.46,2.226,27.445,24.33,17.776,0.906,165.55,8.352,74.27,125.18,0.9487,0.7923,0.3402,65.98,0.1549,0,Normal,Normal,0.0376,1200.95,No action,96.93
2026-01-01T02:03:50,M004,Endurance,16937.7,14.16,62.82,2930.7,110.4,606.0,4.395,93.08,33.38,2.142,27.698,24.58,17.761,0.844,157.5,8.416,68.8,124.21,0.9521,0.7956,0.3364,66.36,0.0973,0,Normal,Normal,0.0366,1184.02,No action,98.22
2026-01-01T02:04:00,M004,High Altitude,28806.5,-7.18,61.8,2967.2,108.95,600.2,4.257,92.21,31.2,2.215,27.324,24.64,17.837,0.856,153.14,8.333,70.54,124.1,0.9563,0.7994,0.3268,67.32,0.0492,0,Normal,Normal,0.0344,1208.64,No action,97.14
2026-01-01T02:04:10,M004,Endurance,17612.0,10.85,59.01,2926.1,108.15,592.38,4.193,90.45,32.12,2.07,27.545,24.54,17.727,0.886,154.91,8.289,69.58,120.36,0.9532,0.7963,0.3273,67.27,0.0493,0,Normal,Normal,0.0345,1213.03,No action,99.03
2026-01-01T02:04:20,M004,Rapid Throttle,6857.7,23.43,63.88,2931.9,113.47,610.98,4.275,96.96,33.15,2.112,27.507,24.45,17.582,0.885,163.87,8.401,73.24,126.48,0.9566,0.8001,0.3366,66.34,0.0993,0,Normal,Normal,0.0367,1199.65,No action,96.74
2026-01-01T02:04:30,M004,Cruise,14625.5,18.95,67.78,3039.5,114.06,597.4,4.368,96.85,34.15,2.092,27.654,24.55,17.491,0.94,169.07,8.746,75.64,131.39,0.9593,0.8029,0.3391,66.09,0.0772,0,Normal,Normal,0.0373,1199.58,No action,97.6
2026-01-01T02:04:40,M004,Cruise,15908.3,28.39,66.94,3027.5,116.39,632.26,4.284,101.41,34.01,2.147,27.469,24.5,17.856,0.955,168.59,8.578,73.9,130.67,0.9602,0.8035,0.3318,66.82,0.1157,0,Normal,Normal,0.0356,1212.01,No action,98.72
2026-01-01T02:04:50,M004,Endurance,17636.2,9.87,66.87,3052.3,109.6,608.48,4.268,97.67,34.62,2.189,27.397,24.16,17.805,0.936,169.4,8.517,74.61,128.49,0.952,0.7955,0.3373,66.27,0.0799,0,Normal,Normal,0.0369,1196.45,No action,95.95
2026-01-01T02:05:00,M004,Endurance,23049.1,12.21,69.66,3020.0,117.15,628.72,4.481,99.45,34.67,2.015,27.623,25.03,17.715,0.875,170.46,8.864,76.06,131.52,0.9523,0.7957,0.3352,66.48,0.0652,0,Normal,Normal,0.0364,1213.76,No action,99.7
2026-01-01T02:05:10,M004,Hot Weather,12043.2,47.9,66.65,3020.2,122.2,658.42,4.268,114.39,34.75,2.063,27.247,25.5,17.856,0.92,161.89,8.54,74.94,127.61,0.9496,0.7929,0.3321,66.79,0.0871,0,Normal,Normal,0.0356,1226.02,No action,96.46
2026-01-01T02:05:20,M004,Hot Weather,14409.5,43.13,65.36,2988.3,122.89,644.29,4.176,107.79,34.54,2.144,27.665,24.75,17.769,0.906,162.24,8.367,72.09,126.41,0.9505,0.7935,0.3251,67.49,0.1179,0,Normal,Normal,0.034,1231.28,No action,95.55
2026-01-01T02:05:30,M004,Rapid Throttle,7015.1,20.44,36.39,2575.4,91.11,526.24,4.674,83.64,28.03,1.954,27.498,22.35,17.702,0.651,122.13,7.28,47.95,96.93,0.9566,0.8,0.3369,66.31,0.0759,0,Normal,Normal,0.0368,1208.61,No action,97.13
2026-01-01T02:05:40,M004,Cruise,12283.8,20.95,64.64,2995.0,110.07,610.92,4.252,94.57,33.16,2.224,27.346,24.02,17.778,0.854,159.85,8.425,71.5,127.99,0.9593,0.8029,0.3393,66.07,0.0908,0,Normal,Normal,0.0373,1211.0,No action,98.69
2026-01-01T02:05:50,M004,Cruise,15136.2,24.31,61.86,2947.8,112.96,604.42,4.329,96.36,32.85,2.015,27.661,25.13,17.748,0.872,154.76,8.366,72.19,124.96,0.9591,0.8027,0.3408,65.92,0.0527,0,Normal,Normal,0.0377,1181.71,No action,98.87
2026-01-01T02:06:00,M004,Endurance,18820.3,10.63,57.15,2866.1,105.29,588.97,4.212,92.12,32.18,2.47,27.582,24.47,17.697,0.778,156.47,7.986,65.34,118.02,0.9514,0.7951,0.3428,65.72,0.1092,0,Normal,Normal,0.0382,1178.75,No action,99.88
2026-01-01T02:06:10,M004,Endurance,19296.4,23.32,44.84,2734.4,101.26,566.2,4.628,88.21,29.75,2.004,27.64,23.48,17.631,0.694,132.04,7.789,56.47,105.24,0.9532,0.7963,0.3276,67.24,0.059,0,Normal,Normal,0.0346,1222.28,No action,96.52
2026-01-01T02:06:20,M004,Rapid Throttle,9821.6,21.3,74.69,3111.4,117.67,642.3,4.06,103.37,35.63,2.265,27.475,26.24,17.923,0.975,176.91,9.111,80.15,137.96,0.956,0.7997,0.3416,65.84,0.1053,0,Normal,Normal,0.0379,1180.21,No action,99.54
2026-01-01T02:06:30,M004,High Altitude,24536.9,-28.61,61.46,2885.2,111.82,598.51,4.043,94.61,32.33,2.303,27.531,24.16,18.028,0.861,155.48,8.486,64.54,123.34,0.9543,0.798,0.3432,65.68,0.109,0,Normal,Normal,0.0383,1197.28,No action,99.41
2026-01-01T02:06:40,M004,Endurance,16177.9,12.77,56.05,2843.7,106.59,577.27,4.263,94.31,31.61,2.143,27.523,23.84,17.832,0.862,143.61,7.966,65.96,116.9,0.9516,0.7952,0.3411,65.89,0.064,0,Normal,Normal,0.0378,1176.8,No action,97.37
2026-01-01T02:06:50,M004,Endurance,19978.8,19.02,62.28,3024.3,107.42,601.15,4.078,96.04,32.93,2.166,27.442,24.57,17.698,0.901,161.91,8.427,69.04,123.79,0.953,0.7961,0.3294,67.06,0.0599,0,Normal,Normal,0.035,1213.9,No action,95.63
2026-01-01T02:07:00,M004,Hot Weather,9112.3,47.49,65.29,2989.8,127.45,642.93,4.251,111.97,33.76,2.499,27.426,24.33,17.805,0.928,164.39,8.787,72.53,125.93,0.9485,0.7921,0.3419,65.81,0.1589,0,Normal,Normal,0.038,1185.89,No action,99.96
2026-01-01T02:07:10,M004,Hot Weather,9613.4,38.69,72.2,3027.8,124.73,651.51,4.055,109.98,34.83,2.329,27.509,26.14,17.773,0.952,177.55,8.934,79.48,133.17,0.9482,0.7919,0.3446,65.54,0.1586,0,Normal,Normal,0.0386,1161.42,No action,95.32
2026-01-01T02:07:20,M004,Endurance,17186.8,15.61,46.65,2726.2,97.31,567.78,4.336,88.81,28.1,1.953,27.488,23.64,17.588,0.834,137.9,7.817,58.04,107.06,0.9526,0.7959,0.3329,66.71,0.0592,0,Normal,Normal,0.0358,1197.42,No action,98.56
2026-01-01T02:07:30,M004,Endurance,21866.4,14.39,60.8,2921.5,105.35,590.87,4.201,93.18,31.99,2.203,27.455,23.92,17.86,0.806,157.12,8.103,66.3,121.95,0.9516,0.7952,0.3408,65.92,0.0696,0,Normal,Normal,0.0377,1178.82,No action,97.21
2026-01-01T02:07:40,M004,Cruise,16591.3,28.56,59.25,2888.7,112.99,601.69,4.224,99.88,32.89,2.102,27.471,24.47,17.652,0.861,154.73,7.946,70.0,122.17,0.9593,0.8029,0.3393,66.07,0.0568,0,Normal,Normal,0.0373,1187.74,No action,98.51
2026-01-01T02:07:50,M004,High Altitude,25018.1,-21.43,66.44,2999.0,112.54,594.24,4.129,98.52,34.29,2.077,27.75,25.45,17.779,0.892,162.75,8.676,76.03,129.06,0.9562,0.7993,0.3272,67.28,0.0495,0,Normal,Normal,0.0345,1206.32,No action,96.94
2026-01-01T02:08:00,M004,Hot Weather,11231.1,44.67,70.68,3088.9,127.3,667.7,4.32,113.13,35.41,2.146,27.673,24.6,17.968,0.935,172.23,8.637,76.99,131.68,0.9487,0.7923,0.3399,66.01,0.1279,0,Normal,Normal,0.0375,1217.62,No action,95.36
2026-01-01T02:08:10,M004,Hot Weather,11689.2,43.07,72.31,3071.3,124.77,681.25,4.104,111.34,36.03,2.294,27.352,25.39,17.819,0.972,172.75,8.741,79.0,133.23,0.9479,0.7918,0.3465,65.35,0.1718,0,Normal,Normal,0.0391,1164.98,No action,99.55
2026-01-01T02:08:20,M004,High Altitude,23110.7,-11.93,71.42,3100.3,117.07,616.14,4.178,97.34,35.16,2.246,27.548,25.18,17.746,0.963,177.89,8.64,77.01,133.87,0.9537,0.7977,0.348,65.2,0.0816,0,Normal,Normal,0.0395,1193.32,No action,95.89
2026-01-01T02:08:30,M004,Cruise,10761.8,20.61,63.95,2980.1,110.84,601.96,4.169,92.67,33.68,2.204,27.591,24.6,17.549,0.892,160.5,8.471,70.51,127.14,0.9587,0.8025,0.3439,65.61,0.0767,0,Normal,Normal,0.0385,1180.4,No action,97.75
2026-01-01T02:08:40,M004,Rapid Throttle,8172.0,26.98,71.41,3096.7,114.49,634.13,4.093,104.78,35.33,2.23,27.509,25.23,17.558,0.977,171.38,8.69,75.8,134.34,0.9556,0.7994,0.345,65.5,0.0897,0,Normal,Normal,0.0388,1181.92,No action,97.74
2026-01-01T02:08:50,M004,Hot Weather,12709.3,37.08,68.2,3029.5,118.82,637.65,4.356,106.74,34.8,2.245,27.521,25.32,17.756,0.89,168.35,8.692,75.1,129.15,0.9492,0.7926,0.3362,66.38,0.0859,0,Normal,Normal,0.0366,1184.87,No action,97.86
2026-01-01T02:09:00,M004,Endurance,17557.4,19.41,62.01,2951.6,111.74,612.2,4.227,96.1,32.74,2.418,27.561,24.65,17.95,0.884,156.48,8.401,68.42,123.15,0.9512,0.795,0.3442,65.58,0.0908,0,Normal,Normal,0.0386,1157.32,No action,96.48
2026-01-01T02:09:10,M004,Cruise,12756.6,16.9,67.23,3009.3,111.21,609.05,4.03,94.81,33.66,2.149,27.558,24.83,17.718,0.939,167.65,8.806,72.56,130.62,0.9585,0.8023,0.3461,65.39,0.0754,0,Normal,Normal,0.039,1170.16,No action,97.86
2026-01-01T02:09:20,M004,Endurance,22874.9,23.86,64.95,2987.8,118.18,608.2,4.331,99.43,33.43,2.056,27.51,24.22,17.695,0.887,161.98,8.471,75.41,126.19,0.9507,0.7946,0.3484,65.16,0.0702,0,Normal,Normal,0.0396,1184.08,No action,99.4
2026-01-01T02:09:30,M004,Endurance,15296.1,7.2,60.11,2900.2,108.54,585.93,4.168,93.92,32.57,2.134,27.597,25.03,17.744,0.871,153.73,8.536,66.72,121.2,0.9515,0.7952,0.3416,65.84,0.0978,0,Normal,Normal,0.0379,1192.03,No action,98.49
2026-01-01T02:09:40,M004,Endurance,18934.3,19.6,55.38,2898.5,104.53,565.73,4.211,91.96,32.34,2.048,27.654,23.8,17.741,0.809,146.03,8.253,66.02,115.99,0.9505,0.7945,0.3498,65.02,0.0311,0,Normal,Normal,0.04,1143.99,No action,95.07
2026-01-01T02:09:50,M004,High Altitude,29046.6,-33.08,63.47,2932.3,110.87,597.95,4.386,95.67,34.26,2.305,27.469,24.78,17.778,0.953,160.33,8.474,71.24,125.41,0.9539,0.7978,0.3468,65.32,0.0995,0,Normal,Normal,0.0392,1174.54,No action,95.56
2026-01-01T02:10:00,M004,Rapid Throttle,8035.4,25.72,90.11,3405.7,128.32,693.46,3.865,109.92,39.0,2.389,27.442,26.62,17.742,1.069,203.39,9.483,92.06,154.51,0.956,0.7997,0.3417,65.83,0.1454,0,Normal,Normal,0.0379,1195.55,No action,99.33
2026-01-01T02:10:10,M004,Rapid Throttle,7455.7,23.23,73.57,3160.8,118.97,635.36,4.2,101.75,36.08,2.176,27.558,25.47,17.565,0.948,170.72,9.157,80.9,136.15,0.9533,0.7978,0.3646,63.54,0.1032,0,Normal,Normal,0.0439,1158.09,No action,97.45
2026-01-01T02:10:20,M004,Cruise,10490.0,22.63,71.73,3073.9,114.96,623.26,4.077,98.62,35.37,2.265,27.501,25.15,17.681,0.896,176.77,8.686,79.25,135.51,0.9586,0.8024,0.3446,65.54,0.0406,0,Normal,Normal,0.0386,1181.49,No action,97.26
2026-01-01T02:10:30,M004,Cruise,10297.6,24.09,70.69,3054.3,116.98,621.24,4.285,100.73,34.99,2.208,27.497,24.29,17.612,0.923,172.82,8.735,75.64,133.92,0.9564,0.801,0.3629,63.71,0.0824,0,Normal,Normal,0.0435,1140.66,No action,99.67
2026-01-01T02:10:40,M004,Cruise,12662.7,23.09,48.25,2714.8,103.6,569.0,4.341,90.93,28.97,1.923,27.484,23.09,17.838,0.831,142.4,7.778,58.07,110.17,0.9586,0.8024,0.3449,65.51,0.0864,0,Normal,Normal,0.0387,1184.12,No action,97.3
2026-01-01T02:10:50,M004,Endurance,14043.0,9.09,54.81,2799.0,105.11,568.13,4.368,88.8,31.9,1.957,27.313,23.98,17.646,0.851,150.64,8.237,64.14,115.25,0.9498,0.794,0.3559,64.41,0.0523,0,Normal,Normal,0.0416,1159.11,No action,97.28
2026-01-01T02:11:00,M004,High Altitude,29390.9,-10.14,67.69,2988.4,113.02,600.92,4.211,97.84,34.01,2.21,27.386,24.67,17.888,0.887,167.28,8.628,74.99,129.85,0.9535,0.7975,0.3496,65.04,0.0762,0,Normal,Normal,0.0399,1169.76,No action,95.46
2026-01-01T02:11:10,M004,High Altitude,24229.3,-6.07,73.82,3103.1,114.43,616.69,4.218,100.61,34.89,2.511,27.314,25.07,17.567,0.939,175.98,8.843,78.41,136.06,0.952,0.7965,0.3625,63.75,0.1237,0,Normal,Normal,0.0433,1135.44,No action,97.72
2026-01-01T02:11:20,M004,Endurance,16345.3,8.05,60.43,3012.9,106.16,585.83,4.322,95.69,33.33,2.213,27.652,24.58,17.749,0.888,157.2,8.555,68.99,121.11,0.9493,0.7937,0.3601,63.99,0.0563,0,Normal,Normal,0.0427,1154.83,No action,98.58
2026-01-01T02:11:30,M004,High Altitude,28308.7,-13.94,73.63,3122.7,116.59,624.57,4.074,99.68,36.26,2.261,27.586,25.02,17.751,0.932,176.73,8.954,78.76,136.5,0.955,0.7985,0.3379,66.21,0.0878,0,Normal,Normal,0.037,1205.53,No action,98.96
2026-01-01T02:11:40,M004,Hot Weather,8912.9,40.37,59.16,2929.6,114.07,628.68,4.332,106.29,32.22,5.082,27.473,24.82,17.847,0.843,155.11,8.141,68.05,119.07,0.9465,0.7908,0.3587,46.13,0.7049,1,Abnormal Vibration,Warning,0.2923,1152.01,Inspect affected subsystem,95.56
2026-01-01T02:11:50,M004,High Altitude,22020.9,-34.38,67.41,3019.7,108.79,608.66,4.12,99.29,34.1,5.036,27.541,25.28,17.627,0.891,162.3,8.783,73.21,129.29,0.9523,0.7967,0.3599,46.01,0.7233,1,Abnormal Vibration,Warning,0.2926,1160.4,Inspect affected subsystem,95.51
2026-01-01T02:12:00,M004,High Altitude,23606.2,-33.43,75.5,3130.9,117.92,652.81,4.2,100.74,35.49,5.201,27.533,25.94,17.717,0.974,176.02,8.808,83.79,138.4,0.9545,0.7982,0.3417,47.83,0.7441,1,Abnormal Vibration,Warning,0.2879,1180.54,Inspect affected subsystem,96.59
2026-01-01T02:12:10,M004,Rapid Throttle,8424.4,31.83,39.94,2663.5,100.59,560.19,4.648,91.05,26.98,4.569,27.393,24.15,17.51,0.721,120.82,7.696,50.38,100.47,0.9549,0.7989,0.3512,46.88,0.6679,1,Abnormal Vibration,Warning,0.2903,1205.31,Inspect affected subsystem,95.68
2026-01-01T02:12:20,M004,Cruise,14387.8,21.49,63.47,2990.9,113.05,618.82,4.318,95.61,33.88,5.029,27.912,24.6,17.601,0.938,161.44,8.307,72.61,126.25,0.9569,0.8013,0.3589,46.11,0.6667,1,Abnormal Vibration,Warning,0.2924,1157.09,Inspect affected subsystem,97.45
2026-01-01T02:12:30,M004,Hot Weather,12091.7,35.32,73.93,3076.2,125.74,651.58,4.037,107.34,36.16,5.092,27.612,24.6,17.807,0.932,175.75,8.84,78.34,135.16,0.9489,0.7924,0.3384,48.16,0.7378,1,Abnormal Vibration,Warning,0.2871,1208.57,Inspect affected subsystem,95.05
2026-01-01T02:12:40,M004,Endurance,21141.3,21.17,65.73,2974.8,114.89,606.3,4.166,96.89,34.64,4.899,27.481,24.51,17.691,0.836,161.21,8.418,73.18,126.79,0.9496,0.7939,0.3574,46.26,0.7483,1,Abnormal Vibration,Warning,0.292,1144.36,Inspect affected subsystem,95.29
2026-01-01T02:12:50,M004,Endurance,17296.6,16.8,63.33,2910.1,112.53,594.12,4.138,94.45,32.44,4.935,27.595,25.32,17.773,0.889,160.09,8.351,70.83,124.21,0.9494,0.7938,0.359,46.1,0.6739,1,Abnormal Vibration,Warning,0.2924,1144.29,Inspect affected subsystem,97.39
2026-01-01T02:13:00,M004,Hot Weather,10329.1,44.5,59.5,2899.5,118.02,621.04,4.391,107.45,32.48,4.625,27.358,23.89,17.83,0.807,163.35,8.45,70.79,119.9,0.949,0.7925,0.3377,48.23,0.6637,1,Abnormal Vibration,Warning,0.287,1196.67,Inspect affected subsystem,99.4
2026-01-01T02:13:10,M004,Rapid Throttle,15404.2,26.35,75.42,3137.9,124.46,639.77,4.267,104.97,35.81,5.082,27.504,25.7,17.583,0.982,176.61,8.877,80.26,138.29,0.954,0.7983,0.3585,46.15,0.7492,1,Abnormal Vibration,Warning,0.2922,1165.99,Inspect affected subsystem,97.01
2026-01-01T02:13:20,M005,Hot Weather,12929.5,38.31,51.22,2772.0,113.92,621.05,4.347,96.7,29.98,4.979,27.425,23.34,17.512,0.747,142.82,7.67,60.64,110.97,0.9479,0.7918,0.3464,47.36,0.6794,1,Abnormal Vibration,Warning,0.2891,1153.21,Inspect affected subsystem,96.73
2026-01-01T02:13:30,M005,Hot Weather,16298.7,40.99,54.98,2760.6,115.19,623.68,4.472,102.42,32.41,4.697,27.609,23.45,17.66,0.813,146.49,8.27,62.98,114.99,0.9483,0.792,0.3436,47.64,0.7102,1,Abnormal Vibration,Warning,0.2884,1181.11,Inspect affected subsystem,95.67
2026-01-01T02:13:40,M005,Cruise,16323.6,17.62,71.34,3056.1,115.47,634.82,4.177,97.0,34.36,4.988,27.365,25.76,17.652,1.001,178.45,8.704,79.8,135.05,0.9584,0.8023,0.3464,47.36,0.7463,1,Abnormal Vibration,Warning,0.2891,1168.17,Inspect affected subsystem,95.15
2026-01-01T02:13:50,M005,Cruise,10507.5,25.15,77.93,3131.4,116.82,654.26,4.092,105.75,36.92,5.243,27.392,25.78,17.534,0.976,176.45,9.06,81.1,141.89,0.9573,0.8015,0.3561,46.39,0.7673,1,Abnormal Vibration,Warning,0.2916,1149.69,Inspect affected subsystem,99.61
2026-01-01T02:14:00,M005,Cruise,12820.7,28.27,65.34,3042.8,112.9,615.86,4.113,103.4,33.72,4.85,27.449,24.57,17.612,0.897,164.29,8.421,71.98,128.24,0.9568,0.8012,0.36,46.0,0.7248,1,Abnormal Vibration,Warning,0.2927,1156.09,Inspect affected subsystem,95.46
2026-01-01T02:14:10,M005,Cruise,10627.1,26.34,58.86,2910.2,111.21,606.81,4.344,94.79,32.9,4.61,27.761,24.51,17.76,0.842,157.16,8.495,67.34,121.5,0.958,0.802,0.3498,47.02,0.6622,1,Abnormal Vibration,Warning,0.29,1150.53,Inspect affected subsystem,96.19
2026-01-01T02:14:20,M005,Endurance,19257.2,16.78,55.1,2841.3,108.02,579.71,4.473,91.14,30.34,4.668,27.307,23.52,17.767,0.853,149.4,8.042,62.63,115.46,0.9493,0.7937,0.3599,46.01,0.6804,1,Abnormal Vibration,Warning,0.2926,1138.63,Inspect affected subsystem,95.41
2026-01-01T02:14:30,M005,High Altitude,23820.5,-11.55,62.4,2973.2,109.13,589.88,4.177,98.42,32.46,5.094,27.51,24.74,17.595,0.842,163.3,8.458,71.6,123.78,0.9514,0.7961,0.3674,45.26,0.7234,1,Abnormal Vibration,Warning,0.2947,1133.09,Inspect affected subsystem,98.72
2026-01-01T02:14:40,M005,Hot Weather,9102.0,37.52,70.15,3078.1,121.0,649.06,4.126,110.69,34.61,5.1,27.243,24.76,17.501,0.921,166.95,8.51,77.16,130.81,0.9473,0.7913,0.3521,46.79,0.7641,1,Abnormal Vibration,Warning,0.2905,1167.63,Inspect affected subsystem,99.26
2026-01-01T02:14:50,M005,Rapid Throttle,14089.0,26.41,76.12,3160.2,121.37,641.75,4.057,104.92,36.1,5.033,27.42,25.32,17.687,0.975,180.67,8.725,82.47,138.82,0.953,0.7977,0.3664,45.36,0.7579,1,Abnormal Vibration,Warning,0.2944,1142.3,Inspect affected subsystem,99.32
2026-01-01T02:15:00,M005,Rapid Throttle,14404.9,20.77,83.53,3272.6,124.01,648.35,3.897,102.42,37.88,5.124,27.471,26.35,17.994,1.001,185.04,9.359,88.8,147.09,0.9545,0.7987,0.354,46.6,0.7597,1,Abnormal Vibration,Warning,0.2911,1174.78,Inspect affected subsystem,99.76
2026-01-01T02:15:10,M005,Cruise,15750.6,19.46,71.44,3067.3,114.89,628.92,4.11,99.47,35.12,5.067,27.512,25.22,17.66,0.951,175.08,8.891,78.77,134.89,0.9572,0.8015,0.3567,46.33,0.7285,1,Abnormal Vibration,Warning,0.2918,1162.4,Inspect affected subsystem,97.32
2026-01-01T02:15:20,M005,Rapid Throttle,6768.0,26.17,85.9,3293.1,127.11,660.8,3.927,108.79,37.8,5.085,27.122,26.14,17.546,1.023,193.74,9.33,87.56,149.3,0.9531,0.7978,0.3655,45.45,0.7881,1,Abnormal Vibration,Warning,0.2942,1145.42,Inspect affected subsystem,99.79
2026-01-01T02:15:30,M005,Endurance,23665.2,12.3,61.92,2906.3,105.6,596.81,4.147,95.4,33.25,5.025,27.501,24.68,17.512,0.839,154.52,8.344,71.54,122.61,0.9489,0.7934,0.3632,45.68,0.6937,1,Abnormal Vibration,Warning,0.2935,1158.67,Inspect affected subsystem,99.29
2026-01-01T02:15:40,M005,Hot Weather,8782.5,43.78,70.77,3072.9,121.16,665.08,4.299,114.59,35.67,5.051,27.363,25.28,17.568,0.972,170.17,8.593,77.52,131.4,0.9469,0.7911,0.3549,46.51,0.771,1,Abnormal Vibration,Warning,0.2913,1183.07,Inspect affected subsystem,97.38
2026-01-01T02:15:50,M005,Endurance,20552.8,11.04,56.06,2867.3,107.71,583.66,4.381,91.35,31.61,4.96,27.358,24.47,17.769,0.825,148.8,8.209,67.39,116.47,0.9492,0.7936,0.3608,45.92,0.7262,1,Abnormal Vibration,Warning,0.2929,1158.41,Inspect affected subsystem,97.34
2026-01-01T02:16:00,M005,Hot Weather,11131.9,47.05,80.29,3155.3,131.66,695.68,3.941,119.8,37.11,5.006,27.368,25.5,17.758,1.044,180.58,9.069,84.71,141.15,0.9457,0.7903,0.3649,45.51,0.8574,1,Abnormal Vibration,Critical,0.294,1137.01,Schedule immediate maintenance / ground inspection,96.47
2026-01-01T02:16:10,M005,Rapid Throttle,6644.1,28.69,39.92,2589.0,99.96,562.59,4.494,90.86,28.01,4.66,27.438,21.65,17.525,0.704,126.82,7.518,51.69,100.1,0.9527,0.7975,0.3691,45.09,0.6331,1,Abnormal Vibration,Warning,0.2952,1140.82,Inspect affected subsystem,96.05
2026-01-01T02:16:20,M005,Rapid Throttle,6568.8,24.19,86.22,3331.4,119.84,661.38,3.877,110.94,38.35,5.404,27.653,26.79,17.692,1.019,193.87,9.259,86.34,150.02,0.9547,0.7988,0.3524,46.76,0.8041,1,Abnormal Vibration,Critical,0.2906,1153.82,Schedule immediate maintenance / ground inspection,98.78
2026-01-01T02:16:30,M005,Hot Weather,11524.0,42.76,67.96,3044.3,128.05,652.19,4.233,110.77,34.09,5.141,27.323,24.32,17.509,0.958,168.24,8.857,74.52,128.25,0.946,0.7905,0.3623,45.77,0.8194,1,Abnormal Vibration,Critical,0.2933,1153.19,Schedule immediate maintenance / ground inspection,95.88
2026-01-01T02:16:40,M005,Hot Weather,9149.2,45.43,74.99,3060.7,129.82,674.15,4.101,118.25,35.98,5.042,27.244,25.37,17.872,0.934,173.86,8.74,82.93,135.1,0.9435,0.7888,0.3834,43.66,0.7801,1,Abnormal Vibration,Warning,0.2994,1109.68,Inspect affected subsystem,97.89
2026-01-01T02:16:50,M005,High Altitude,28646.9,-16.04,53.86,2798.8,106.21,575.72,4.345,94.09,30.8,4.657,27.394,23.34,17.549,0.865,143.49,8.198,61.3,114.97,0.953,0.7971,0.3544,46.56,0.7088,1,Abnormal Vibration,Warning,0.2912,1146.55,Inspect affected subsystem,99.47
2026-01-01T02:17:00,M005,High Altitude,27569.7,-10.26,61.12,2955.7,109.99,598.6,4.449,91.18,32.91,4.843,27.498,24.24,17.619,0.881,156.9,8.153,68.57,122.58,0.9523,0.7967,0.3602,45.98,0.6732,1,Abnormal Vibration,Warning,0.2927,1175.0,Inspect affected subsystem,97.1
2026-01-01T02:17:10,M005,Hot Weather,14053.5,37.45,69.25,3048.0,120.75,647.16,4.228,108.7,34.47,4.991,27.415,24.9,17.719,0.927,167.38,8.558,74.38,129.49,0.9455,0.7901,0.367,45.3,0.7827,1,Abnormal Vibration,Warning,0.2946,1136.44,Inspect affected subsystem,99.1
2026-01-01T02:17:20,M005,High Altitude,29560.8,-28.11,59.82,2918.4,109.41,586.75,4.399,97.19,32.96,4.883,27.396,24.36,17.815,0.923,154.26,8.27,70.92,121.28,0.9527,0.797,0.3564,46.36,0.6892,1,Abnormal Vibration,Warning,0.2917,1152.43,Inspect affected subsystem,98.6
2026-01-01T02:17:30,M005,Endurance,22944.5,24.6,58.44,2848.1,107.42,605.9,4.341,96.84,33.01,4.893,27.217,23.79,17.722,0.859,151.59,8.471,63.88,118.67,0.9476,0.7926,0.3743,44.57,0.6838,1,Abnormal Vibration,Warning,0.2967,1110.83,Inspect affected subsystem,97.46
2026-01-01T02:17:40,M005,High Altitude,28239.2,-29.56,69.83,3082.2,113.75,613.73,3.972,99.37,34.17,4.977,27.509,25.31,17.807,0.941,172.69,8.656,76.48,131.84,0.9521,0.7966,0.3615,45.85,0.7555,1,Abnormal Vibration,Warning,0.2931,1158.25,Inspect affected subsystem,96.09
2026-01-01T02:17:50,M005,High Altitude,23844.0,-26.18,67.2,3030.9,114.66,614.73,4.069,98.41,34.18,5.111,27.446,24.66,17.719,0.953,164.93,8.414,75.47,128.99,0.9519,0.7964,0.3631,45.69,0.7243,1,Abnormal Vibration,Warning,0.2935,1132.16,Inspect affected subsystem,96.12
2026-01-01T02:18:00,M005,Endurance,17837.2,10.38,53.97,2789.4,103.44,593.84,4.198,89.84,30.2,5.035,27.134,23.15,17.551,0.869,143.92,8.122,63.26,114.12,0.9485,0.7932,0.3665,45.35,0.6687,1,Abnormal Vibration,Warning,0.2945,1151.77,Inspect affected subsystem,95.63
2026-01-01T02:18:10,M005,Hot Weather,11281.4,35.49,69.7,3030.7,120.16,628.52,4.194,105.77,35.32,5.004,27.662,24.61,17.568,0.905,169.18,8.531,77.24,130.04,0.9458,0.7904,0.3639,45.61,0.7182,1,Abnormal Vibration,Warning,0.2937,1138.68,Inspect affected subsystem,97.96
2026-01-01T02:18:20,M005,Cruise,15139.8,27.69,65.61,3006.0,117.56,627.77,4.332,95.85,33.57,4.915,27.602,24.51,17.819,0.887,167.71,8.76,74.41,128.77,0.958,0.802,0.3503,46.97,0.711,1,Abnormal Vibration,Warning,0.2901,1170.63,Inspect affected subsystem,99.52
2026-01-01T02:18:30,M005,Hot Weather,14942.9,42.48,60.37,2995.7,113.85,633.01,4.374,110.33,32.75,1.961,27.602,23.33,17.575,0.841,156.26,8.474,70.98,120.25,0.946,0.7905,0.3625,63.75,0.0938,0,Normal,Normal,0.0433,1132.44,No action,96.02
2026-01-01T02:18:40,M005,Hot Weather,12457.0,46.21,70.78,2998.0,125.64,678.02,4.197,114.35,35.69,2.353,27.332,25.23,17.532,0.944,168.53,8.627,76.1,130.78,0.9439,0.7891,0.3797,62.03,0.1607,0,Normal,Normal,0.0483,1104.23,No action,97.2
2026-01-01T02:18:50,M005,Cruise,14097.2,27.75,57.93,2925.0,109.69,606.08,4.237,100.27,31.59,1.963,27.664,24.71,17.63,0.831,154.81,7.903,67.76,120.18,0.9563,0.8009,0.364,63.6,0.0303,0,Normal,Normal,0.0438,1152.83,No action,99.74
2026-01-01T02:19:00,M005,High Altitude,24250.1,-12.58,63.12,2946.0,108.95,603.68,4.149,96.99,33.67,2.333,27.253,24.25,17.733,0.91,162.22,8.405,72.82,124.55,0.9515,0.7962,0.3668,63.32,0.0702,0,Normal,Normal,0.0446,1142.75,No action,96.62
2026-01-01T02:19:10,M005,High Altitude,24505.3,-16.84,78.84,3199.4,117.59,641.81,4.084,103.94,37.39,2.201,27.481,24.93,17.596,0.975,184.07,9.093,86.7,141.68,0.9532,0.7973,0.3527,64.73,0.1336,0,Normal,Normal,0.0407,1168.62,No action,98.8
2026-01-01T02:19:20,M005,Hot Weather,17583.0,39.56,66.91,3066.3,122.84,648.25,4.249,105.47,34.99,2.239,27.489,24.76,17.561,0.915,166.35,8.468,75.21,127.26,0.9466,0.7909,0.3577,64.23,0.1255,0,Normal,Normal,0.042,1149.38,No action,96.28
2026-01-01T02:19:30,M005,Endurance,20572.3,18.54,65.12,3038.1,111.94,618.98,4.247,94.08,33.66,1.972,27.523,24.56,17.689,0.923,163.72,8.357,77.23,126.01,0.949,0.7935,0.3627,63.73,0.0264,0,Normal,Normal,0.0434,1127.91,No action,99.61
2026-01-01T02:19:40,M005,Rapid Throttle,6867.6,26.72,66.23,3034.3,114.04,633.78,4.112,101.87,34.17,2.359,27.567,24.46,17.593,0.898,162.34,8.37,74.37,128.31,0.9533,0.7978,0.3644,63.56,0.0701,0,Normal,Normal,0.0439,1154.27,No action,96.09
2026-01-01T02:19:50,M005,Hot Weather,11688.6,43.04,63.84,2979.5,122.24,646.97,4.185,112.23,33.33,2.107,27.518,25.05,17.719,0.87,161.27,8.372,71.78,123.85,0.9458,0.7903,0.3645,63.55,0.1168,0,Normal,Normal,0.0439,1151.5,No action,98.23
2026-01-01T02:20:00,M005,High Altitude,24466.6,-32.29,61.93,2932.8,111.25,597.93,4.308,95.35,33.88,2.192,27.483,25.27,17.552,0.901,162.18,8.411,68.87,123.06,0.9504,0.7954,0.3762,62.38,0.08,0,Normal,Normal,0.0473,1133.99,No action,99.59
2026-01-01T02:20:10,M005,Hot Weather,8901.7,36.84,73.24,3135.4,128.27,672.06,4.103,109.1,35.56,2.303,27.644,24.74,17.691,0.934,171.32,8.661,79.57,134.03,0.947,0.7912,0.354,64.6,0.1481,0,Normal,Normal,0.041,1176.8,No action,96.9
2026-01-01T02:20:20,M005,Rapid Throttle,11540.0,32.98,57.61,2847.3,114.95,612.19,4.4,101.27,31.4,2.05,27.667,23.68,17.648,0.844,151.25,8.298,67.29,119.25,0.9541,0.7984,0.3576,64.24,0.0117,0,Normal,Normal,0.042,1151.82,No action,95.67
2026-01-01T02:20:30,M005,High Altitude,23384.4,-21.1,78.9,3221.8,116.85,645.59,4.021,102.89,37.62,2.357,27.516,26.36,17.805,1.024,183.94,8.986,85.94,141.28,0.9511,0.7959,0.3696,63.04,0.0781,0,Normal,Normal,0.0453,1152.42,No action,95.24
2026-01-01T02:20:40,M005,Endurance,18497.8,25.0,62.48,2895.1,110.97,606.21,4.244,99.63,32.29,2.211,27.68,24.04,17.925,0.909,161.53,8.601,70.62,123.01,0.9479,0.7928,0.3716,62.84,0.0998,0,Normal,Normal,0.0459,1138.25,No action,96.93
2026-01-01T02:20:50,M005,Rapid Throttle,14036.9,34.73,79.01,3157.0,128.65,686.98,4.212,111.82,36.27,2.316,27.298,25.88,17.78,1.01,181.42,8.944,83.83,141.8,0.9525,0.7974,0.3706,62.94,0.1585,0,Normal,Normal,0.0456,1132.76,No action,96.56
2026-01-01T02:21:00,M005,Hot Weather,13684.8,41.46,72.85,3086.7,122.22,676.4,4.254,112.57,36.4,2.086,27.262,24.89,17.604,0.962,170.29,8.616,79.84,133.34,0.9458,0.7903,0.3644,63.56,0.1066,0,Normal,Normal,0.0439,1146.5,No action,95.2
2026-01-01T02:21:10,M005,Hot Weather,16050.6,38.84,62.13,2935.4,117.36,629.49,4.381,103.62,32.79,2.182,27.395,24.06,17.592,0.907,158.59,8.374,71.07,121.75,0.9442,0.7893,0.3772,62.28,0.1007,0,Normal,Normal,0.0476,1099.06,No action,98.69
2026-01-01T02:21:20,M005,Hot Weather,11991.4,38.34,51.73,2725.5,111.27,597.21,4.449,100.39,30.67,2.355,27.519,23.29,17.902,0.786,143.92,7.773,62.22,110.87,0.9444,0.7895,0.3754,62.46,0.069,0,Normal,Normal,0.047,1123.41,No action,96.36
2026-01-01T02:21:30,M005,Hot Weather,8740.7,47.06,73.85,3131.3,129.02,689.29,4.161,118.1,36.37,2.407,27.406,24.72,17.613,0.909,177.52,8.887,77.93,134.37,0.9456,0.7903,0.3655,63.45,0.1872,0,Normal,Normal,0.0442,1144.24,No action,98.35
2026-01-01T02:21:40,M005,Endurance,21298.5,16.78,51.35,2796.0,99.54,577.47,4.256,88.91,30.99,1.896,27.328,24.19,17.664,0.799,143.63,7.707,61.16,111.08,0.947,0.7922,0.379,62.1,0.0784,0,Normal,Normal,0.0481,1131.56,No action,97.53
2026-01-01T02:21:50,M005,Rapid Throttle,14347.1,25.51,83.36,3230.5,122.37,656.48,4.129,104.46,39.14,2.331,27.212,25.99,17.644,1.042,191.37,9.318,89.23,146.37,0.9522,0.7972,0.373,62.7,0.1148,0,Normal,Normal,0.0463,1127.86,No action,97.32
2026-01-01T02:22:00,M005,Endurance,18952.1,9.38,45.99,2639.1,97.58,553.2,4.462,86.82,30.26,2.158,27.536,23.99,17.596,0.748,131.14,7.807,59.22,105.65,0.9484,0.7931,0.3675,63.25,0.0573,0,Normal,Normal,0.0447,1131.88,No action,96.46
2026-01-01T02:22:10,M005,Endurance,19265.6,20.21,63.54,2969.0,107.6,597.61,4.219,96.14,34.14,2.236,27.409,24.07,17.826,0.883,161.56,8.287,72.96,123.82,0.9464,0.7917,0.3845,61.55,0.0301,0,Normal,Normal,0.0498,1120.3,No action,99.96
2026-01-01T02:22:20,M005,Cruise,15891.2,27.56,60.09,2953.3,115.73,613.96,4.292,99.89,31.61,2.214,27.669,23.9,17.624,0.856,155.99,8.125,67.18,122.36,0.9557,0.8004,0.3695,63.05,0.0482,0,Normal,Normal,0.0453,1142.08,No action,95.23
2026-01-01T02:22:30,M005,Rapid Throttle,14385.1,33.22,73.98,3031.4,126.7,636.21,4.077,108.51,36.35,2.395,27.382,24.37,17.565,1.028,177.01,8.761,80.35,136.15,0.9513,0.7965,0.3812,61.88,0.17,0,Normal,Normal,0.0488,1077.19,No action,96.84
2026-01-01T02:22:40,M005,High Altitude,23649.7,-31.79,68.06,3005.6,115.12,606.66,4.219,95.11,33.98,2.572,27.554,25.79,17.501,0.97,166.07,8.762,73.67,129.66,0.9508,0.7957,0.3728,62.72,0.1117,0,Normal,Normal,0.0463,1116.28,No action,95.7
2026-01-01T02:22:50,M005,Hot Weather,9823.9,41.66,69.07,3015.9,124.91,644.8,4.278,108.27,33.7,2.416,27.579,24.43,17.652,0.961,170.76,8.545,76.53,129.47,0.9463,0.7907,0.36,64.0,0.1934,0,Normal,Normal,0.0427,1158.48,No action,96.56
2026-01-01T02:23:00,M005,Endurance,20721.8,18.46,61.4,2902.1,111.57,596.83,4.155,96.29,33.87,2.173,27.44,24.83,17.707,0.869,154.84,8.378,69.18,121.63,0.9467,0.792,0.3817,61.83,0.0828,0,Normal,Normal,0.0489,1105.65,No action,96.17
2026-01-01T02:23:10,M005,Rapid Throttle,13259.2,27.3,76.49,3206.4,120.53,648.93,4.128,106.6,37.21,1.937,27.55,25.39,17.657,1.028,177.96,8.704,82.83,139.2,0.9529,0.7976,0.3673,63.27,0.0852,0,Normal,Normal,0.0447,1122.46,No action,98.69
2026-01-01T02:23:20,M005,Cruise,15553.9,22.51,52.67,2789.8,102.31,588.02,4.427,92.85,30.61,2.163,27.629,24.35,17.889,0.731,142.72,7.966,63.42,114.13,0.9542,0.7995,0.3817,61.83,0.079,0,Normal,Normal,0.0489,1093.2,No action,96.07
2026-01-01T02:23:30,M005,Endurance,19015.9,15.62,58.83,2907.8,108.38,593.76,4.283,94.01,31.31,2.068,27.371,24.11,17.834,0.854,159.15,8.414,67.97,119.27,0.9485,0.7932,0.3664,63.36,0.0554,0,Normal,Normal,0.0444,1131.44,No action,95.1
2026-01-01T02:23:40,M005,Rapid Throttle,13136.4,34.08,75.87,3105.6,126.97,669.25,4.173,109.92,37.31,2.339,27.502,25.06,17.857,0.978,177.76,9.166,83.13,138.65,0.9534,0.798,0.363,63.7,0.1908,0,Normal,Normal,0.0435,1141.65,No action,96.05
2026-01-01T02:23:50,M005,Endurance,23441.6,7.2,54.34,2832.5,101.45,581.75,4.258,86.17,31.62,2.117,27.894,24.1,17.57,0.824,153.29,8.126,62.18,114.44,0.9481,0.7929,0.3697,63.03,0.0598,0,Normal,Normal,0.0454,1132.55,No action,99.71
2026-01-01T02:24:00,M005,High Altitude,22683.0,-16.64,74.45,3146.0,116.23,625.16,4.025,100.51,35.63,2.486,27.235,24.98,17.866,0.965,172.95,8.932,77.54,136.14,0.9493,0.7947,0.385,61.5,0.1426,0,Normal,Normal,0.0499,1104.11,No action,95.18
2026-01-01T02:24:10,M005,High Altitude,22088.0,-11.77,54.84,2823.0,105.31,587.98,4.468,94.4,33.17,1.909,27.593,23.31,17.73,0.819,152.98,8.363,66.17,115.58,0.9506,0.7956,0.3742,62.58,0.07,0,Normal,Normal,0.0467,1115.45,No action,97.85
2026-01-01T02:24:20,M005,Rapid Throttle,8638.5,33.85,70.13,3065.2,118.16,647.43,4.081,105.65,35.81,2.182,27.757,24.99,17.556,0.933,173.87,8.607,78.24,131.81,0.9501,0.7957,0.3907,60.93,0.0984,0,Normal,Normal,0.0517,1108.13,No action,95.91
2026-01-01T02:24:30,M005,Endurance,20875.3,12.64,60.72,2947.7,108.9,605.68,4.193,94.7,32.26,2.159,27.381,24.77,17.533,0.815,155.8,8.011,68.87,120.98,0.9471,0.7922,0.3787,62.13,0.1102,0,Normal,Normal,0.048,1096.62,No action,98.7
2026-01-01T02:24:40,M005,High Altitude,26177.8,-31.66,82.61,3243.7,122.34,639.57,4.106,104.78,37.62,2.212,27.47,26.36,17.697,1.014,185.01,9.344,87.0,144.67,0.9487,0.7943,0.3896,61.04,0.1075,0,Normal,Normal,0.0514,1100.18,No action,96.98
2026-01-01T02:24:50,M005,Cruise,15512.3,15.63,63.08,2941.3,112.52,604.33,4.276,93.55,34.46,2.316,27.665,24.07,17.529,0.885,163.0,8.368,73.32,125.59,0.9558,0.8005,0.3686,63.14,0.0994,0,Normal,Normal,0.0451,1138.12,No action,96.41
2026-01-01T02:25:00,M005,High Altitude,24001.4,-20.4,67.1,3002.6,111.71,621.3,4.314,96.34,34.58,2.24,27.343,24.51,17.662,0.932,165.4,8.301,77.07,128.48,0.95,0.7952,0.3793,62.07,0.0679,0,Normal,Normal,0.0482,1118.93,No action,95.2
2026-01-01T02:25:10,M005,High Altitude,27829.0,-30.78,70.16,3110.1,115.14,607.29,4.098,99.36,35.04,2.379,27.316,25.48,18.053,0.889,168.37,8.761,76.36,131.55,0.9491,0.7946,0.3865,61.35,0.1218,0,Normal,Normal,0.0504,1089.79,No action,99.98
2026-01-01T02:25:20,M005,Endurance,17115.0,11.9,62.62,2957.4,110.08,602.08,4.319,93.81,32.99,2.277,27.527,23.85,17.693,0.873,155.49,8.516,71.1,123.3,0.9486,0.7933,0.3656,63.44,0.1058,0,Normal,Normal,0.0442,1119.65,No action,97.73
2026-01-01T02:25:30,M005,Hot Weather,12108.1,38.3,63.75,2937.0,120.17,643.11,4.29,105.92,32.64,2.119,27.336,24.68,17.819,0.876,159.98,8.208,71.18,123.29,0.9433,0.7887,0.3847,61.53,0.0729,0,Normal,Normal,0.0499,1115.15,No action,96.66
2026-01-01T02:25:40,M005,Cruise,12481.3,25.74,62.33,2942.5,108.63,616.45,4.226,98.48,34.34,2.22,27.258,23.37,17.769,0.942,157.73,8.358,73.98,124.32,0.9534,0.7989,0.3886,61.14,0.0807,0,Normal,Normal,0.0511,1100.74,No action,97.29
2026-01-01T02:25:50,M005,Rapid Throttle,7170.7,24.34,67.79,2981.1,115.34,624.57,4.35,97.26,34.12,2.252,27.351,23.86,17.721,0.927,166.88,8.802,74.77,129.35,0.9503,0.7959,0.3892,61.08,0.0464,0,Normal,Normal,0.0513,1114.93,No action,98.19
2026-01-01T02:26:00,M005,Endurance,15517.0,23.87,61.82,2891.5,109.62,605.35,4.167,99.66,33.0,1.994,27.578,23.97,17.81,0.821,153.99,8.6,69.78,122.23,0.9475,0.7925,0.3751,62.49,0.0353,0,Normal,Normal,0.047,1129.39,No action,99.34
2026-01-01T02:26:10,M005,Hot Weather,16903.7,42.4,57.2,2833.4,117.81,616.84,4.435,105.64,31.33,2.21,27.432,24.12,17.653,0.82,151.85,8.122,67.45,116.4,0.9433,0.7887,0.3851,61.49,0.0823,0,Normal,Normal,0.05,1102.65,No action,96.7
2026-01-01T02:26:20,M005,Cruise,15225.3,26.64,72.09,3089.3,120.76,640.88,4.292,99.59,34.68,2.383,27.436,25.6,17.698,0.964,179.56,8.697,79.42,135.34,0.9561,0.8007,0.3662,63.38,0.1512,0,Normal,Normal,0.0444,1148.79,No action,97.31
2026-01-01T02:26:30,M005,Hot Weather,12823.9,38.3,68.45,3004.2,121.11,630.1,4.178,109.15,34.95,2.089,27.361,25.15,17.495,0.924,170.22,8.962,75.07,128.28,0.9437,0.7889,0.3821,61.79,0.0943,0,Normal,Normal,0.049,1112.03,No action,98.76
2026-01-01T02:26:40,M005,Hot Weather,12796.7,40.81,76.85,3157.6,127.34,671.83,4.131,109.08,36.89,2.431,27.536,25.75,17.679,1.054,178.64,8.65,80.96,137.59,0.9459,0.7905,0.363,63.7,0.2341,0,Normal,Normal,0.0435,1132.8,No action,96.12
2026-01-01T02:26:50,M005,High Altitude,25872.3,-32.71,66.04,3002.8,110.65,613.69,4.159,94.26,33.55,2.194,27.582,24.82,17.901,0.873,163.05,8.519,73.89,127.43,0.9504,0.7954,0.376,62.4,0.0831,0,Normal,Normal,0.0472,1124.81,No action,97.36
2026-01-01T02:27:00,M005,Endurance,15592.1,12.22,60.42,2875.9,110.14,586.95,4.256,91.68,32.62,2.289,27.376,24.69,17.792,0.861,155.24,8.383,69.93,120.55,0.9465,0.7918,0.3834,61.66,0.0761,0,Normal,Normal,0.0495,1095.63,No action,98.74
2026-01-01T02:27:10,M005,High Altitude,22443.2,-6.83,63.5,2914.6,110.35,613.61,4.255,93.43,34.27,2.153,27.351,24.79,17.459,0.845,167.19,8.48,72.57,124.44,0.9489,0.7944,0.3882,61.18,0.0514,0,Normal,Normal,0.0509,1102.16,No action,96.68
2026-01-01T02:27:20,M005,Endurance,17649.8,24.51,58.0,2883.8,109.67,600.06,4.18,95.96,31.96,2.16,27.395,24.19,17.762,0.794,149.92,8.303,65.74,118.02,0.9466,0.7919,0.3823,61.77,0.0969,0,Normal,Normal,0.0491,1095.76,No action,97.07
2026-01-01T02:27:30,M005,Rapid Throttle,9227.1,26.65,88.03,3317.4,130.03,693.54,3.822,111.45,40.44,2.387,27.669,27.47,17.674,1.092,194.24,9.565,88.98,150.7,0.9495,0.7954,0.3956,60.44,0.1986,0,Normal,Normal,0.0533,1084.5,No action,99.35
2026-01-01T02:27:40,M005,Rapid Throttle,15767.3,29.69,82.67,3229.2,124.47,677.52,3.956,113.25,38.84,2.509,27.673,26.22,17.549,0.996,188.44,8.991,85.53,144.8,0.9487,0.7948,0.4027,59.73,0.1718,0,Normal,Normal,0.0557,1079.6,No action,95.48
2026-01-01T02:27:50,M005,Endurance,15566.9,15.68,66.34,2985.6,115.04,608.79,4.227,96.88,34.24,2.22,27.609,24.29,17.744,0.913,167.27,8.532,75.07,126.67,0.9459,0.7914,0.3887,61.13,0.0485,0,Normal,Normal,0.0511,1114.42,No action,96.53
2026-01-01T02:28:00,M005,High Altitude,22264.4,-13.47,71.88,3125.2,113.96,629.05,4.176,100.44,35.39,2.098,27.502,24.2,17.847,0.946,179.77,8.692,80.36,133.23,0.9485,0.7942,0.3918,60.82,0.0756,0,Normal,Normal,0.0521,1070.77,No action,96.83
2026-01-01T02:28:10,M005,Rapid Throttle,13369.6,23.64,82.64,3247.4,120.24,650.85,4.108,104.52,37.57,2.123,27.493,26.23,17.681,0.987,184.89,9.368,89.42,145.24,0.9507,0.7961,0.386,61.4,0.1078,0,Normal,Normal,0.0503,1113.83,No action,96.36
2026-01-01T02:28:20,M005,High Altitude,23146.0,-22.03,68.59,3013.8,112.15,608.0,4.256,98.33,33.93,2.203,27.612,25.93,17.778,0.936,169.51,8.507,76.99,129.86,0.949,0.7945,0.3872,61.28,0.1021,0,Normal,Normal,0.0506,1117.68,No action,99.69
2026-01-01T02:28:30,M005,Hot Weather,9964.5,39.15,67.34,3022.8,118.53,657.99,4.121,114.11,34.99,2.175,27.426,24.44,17.719,0.928,162.35,8.687,74.21,127.12,0.9437,0.789,0.3815,61.85,0.1109,0,Normal,Normal,0.0489,1109.87,No action,98.3
2026-01-01T02:28:40,M005,High Altitude,22811.8,-15.99,74.37,3127.0,118.76,628.35,4.115,102.03,36.24,2.369,27.494,25.25,17.687,0.959,172.66,8.762,82.24,135.36,0.9462,0.7926,0.4111,58.89,0.0771,0,Normal,Normal,0.0586,1060.16,No action,95.22
2026-01-01T02:28:50,M005,Endurance,20476.3,6.57,49.91,2743.0,102.67,564.05,4.482,90.79,29.07,2.103,27.41,23.91,17.744,0.866,139.36,7.85,61.24,109.52,0.9468,0.792,0.3811,61.89,0.0604,0,Normal,Normal,0.0487,1105.7,No action,96.56
2026-01-01T02:29:00,M005,Rapid Throttle,12920.1,33.98,71.07,3041.0,122.27,659.83,4.182,106.63,35.74,2.338,27.663,24.19,17.758,0.981,175.09,8.596,75.43,132.37,0.9481,0.7944,0.4077,59.23,0.109,0,Normal,Normal,0.0574,1045.03,No action,96.42
2026-01-01T02:29:10,M005,High Altitude,25665.6,-16.79,68.87,3008.5,111.4,614.53,4.191,97.98,35.18,2.308,27.443,25.01,17.674,0.928,167.02,8.98,77.13,130.11,0.9487,0.7943,0.3897,61.03,0.0949,0,Normal,Normal,0.0514,1086.19,No action,99.52
2026-01-01T02:29:20,M005,Cruise,13884.7,15.57,52.58,2793.2,106.39,567.31,4.311,91.27,30.1,2.323,27.567,23.42,17.788,0.728,138.88,7.822,61.59,113.86,0.9533,0.7989,0.3893,61.07,0.0362,0,Normal,Normal,0.0513,1124.91,No action,96.21
2026-01-01T02:29:30,M005,Rapid Throttle,10882.8,30.03,86.89,3258.7,130.52,675.38,3.934,112.95,39.6,2.479,27.638,26.37,17.389,1.072,199.0,9.12,88.4,149.61,0.95,0.7957,0.3913,60.87,0.1793,0,Normal,Normal,0.0519,1093.61,No action,96.86
2026-01-01T02:29:40,M005,Rapid Throttle,14917.0,25.68,65.91,2963.4,115.53,624.94,4.159,98.39,34.09,2.145,27.506,25.41,17.744,0.922,158.33,8.572,75.02,127.5,0.951,0.7963,0.3833,61.67,0.0826,0,Normal,Normal,0.0494,1107.68,No action,99.76
2026-01-01T02:29:50,M005,Hot Weather,16348.9,41.11,80.71,3213.4,130.3,688.96,3.981,118.03,36.91,2.341,27.405,25.25,17.741,0.973,183.57,9.222,85.79,140.74,0.9419,0.7878,0.3963,60.37,0.186,0,Normal,Normal,0.0536,1090.8,No action,95.23
2026-01-01T02:30:00,M005,Endurance,19898.5,16.72,59.31,2912.1,106.07,583.45,4.189,93.84,32.67,2.267,27.496,24.46,17.891,0.848,157.55,8.264,68.06,119.21,0.9456,0.7912,0.3911,60.89,0.0967,0,Normal,Normal,0.0519,1096.95,No action,98.88
2026-01-01T02:30:10,M005,High Altitude,22142.1,-18.01,61.57,2928.1,107.98,589.52,4.177,92.15,33.65,2.228,27.387,24.1,17.805,0.859,160.06,8.434,70.35,122.49,0.9494,0.7948,0.3841,61.59,0.0987,0,Normal,Normal,0.0497,1110.69,No action,95.23
2026-01-01T02:30:20,M005,Cruise,13612.9,20.53,70.3,3071.2,113.83,632.91,4.192,95.6,35.11,2.256,27.475,24.77,17.678,0.956,173.6,8.533,77.46,132.97,0.954,0.7993,0.3836,61.64,0.089,0,Normal,Normal,0.0495,1095.82,No action,96.93
2026-01-01T02:30:30,M005,Rapid Throttle,14291.3,20.22,70.61,3115.7,120.02,620.77,3.968,97.62,34.88,2.297,27.501,25.29,17.632,0.967,171.88,8.746,78.11,132.6,0.9514,0.7966,0.3797,62.03,0.1298,0,Normal,Normal,0.0483,1111.57,No action,97.33
2026-01-01T02:30:40,M005,High Altitude,22974.3,-22.74,72.68,3096.4,115.22,612.36,4.156,99.57,35.85,2.125,27.347,25.46,17.764,1.027,171.0,8.783,78.5,134.19,0.949,0.7945,0.3878,61.22,0.0589,0,Normal,Normal,0.0508,1115.02,No action,97.2
2026-01-01T02:30:50,M005,High Altitude,22627.9,-9.26,85.87,3321.3,123.71,672.52,4.05,107.54,39.4,2.284,27.504,26.5,17.69,1.083,193.2,9.621,89.83,148.15,0.9489,0.7944,0.3887,61.13,0.1507,0,Normal,Normal,0.0511,1079.3,No action,95.49
2026-01-01T02:31:00,M005,Hot Weather,9979.3,39.09,71.05,3068.4,121.45,653.2,4.126,108.47,35.56,2.322,27.409,25.3,18.046,0.92,171.48,8.598,76.59,130.45,0.941,0.7872,0.4038,59.62,0.1579,0,Normal,Normal,0.0561,1070.68,No action,96.98
2026-01-01T02:31:10,M005,High Altitude,27982.4,-6.1,71.32,3100.3,118.61,618.56,4.266,99.44,35.72,2.446,27.484,25.37,17.656,0.942,170.56,8.941,78.53,132.57,0.9481,0.7939,0.3947,60.53,0.1133,0,Normal,Normal,0.0531,1095.48,No action,97.96
2026-01-01T02:31:20,M005,Cruise,10299.6,22.82,66.32,2953.1,110.51,608.24,4.077,97.02,34.17,2.346,27.388,24.69,17.656,0.967,166.1,8.551,74.11,128.35,0.9522,0.7982,0.3979,60.21,0.1235,0,Normal,Normal,0.0541,1089.76,No action,95.22
2026-01-01T02:31:30,M005,High Altitude,26764.1,-31.9,63.01,2936.6,107.99,604.5,4.186,95.16,33.2,2.315,27.502,25.6,17.852,0.847,163.89,8.304,72.1,123.84,0.9485,0.7942,0.3915,60.85,0.0974,0,Normal,Normal,0.052,1112.99,No action,97.41
2026-01-01T02:31:40,M005,Rapid Throttle,7089.0,23.66,54.88,2907.2,106.85,598.33,4.363,94.23,30.83,2.07,27.527,23.42,17.842,0.807,140.12,7.905,63.63,115.54,0.9498,0.7956,0.393,60.7,0.0484,0,Normal,Normal,0.0525,1094.2,No action,97.73
2026-01-01T02:31:50,M005,Rapid Throttle,7522.4,32.69,66.29,2970.7,119.43,626.06,4.249,101.04,34.84,2.344,27.294,24.41,17.596,0.967,167.05,8.551,76.24,127.36,0.9483,0.7946,0.4054,59.46,0.1361,0,Normal,Normal,0.0566,1045.64,No action,97.59
2026-01-01T02:32:00,M005,Rapid Throttle,14727.1,21.82,43.17,2705.6,99.17,544.55,4.555,85.05,28.61,2.03,27.558,23.28,17.85,0.724,127.66,7.685,56.35,103.32,0.9512,0.7964,0.382,61.8,0.0897,0,Normal,Normal,0.049,1109.9,No action,98.2
2026-01-01T02:32:10,M005,Cruise,15738.8,25.86,57.84,2855.8,110.57,605.56,4.218,93.58,33.04,2.361,27.748,24.79,17.688,0.855,146.43,8.386,69.13,119.24,0.952,0.798,0.4003,59.97,0.1431,0,Normal,Normal,0.0549,1087.09,No action,97.88
2026-01-01T02:32:20,M005,Hot Weather,15713.2,38.0,68.98,3030.3,119.49,647.75,4.241,107.67,34.19,2.202,27.544,25.51,17.732,0.99,165.65,8.778,73.78,128.21,0.9407,0.7869,0.4069,59.31,0.087,0,Normal,Normal,0.0572,1068.65,No action,95.34
2026-01-01T02:32:30,M005,Cruise,14233.8,18.68,65.89,2984.1,111.3,625.63,4.203,101.03,33.47,2.331,27.482,23.86,17.78,0.818,161.77,8.556,73.3,127.63,0.951,0.7973,0.4087,59.13,0.0689,0,Normal,Normal,0.0578,1075.76,No action,96.86
2026-01-01T02:32:40,M005,High Altitude,28116.6,-25.49,64.41,2938.9,111.55,608.62,4.238,94.75,32.95,2.215,27.25,23.76,17.402,0.934,166.15,8.651,75.26,125.12,0.9475,0.7935,0.4003,59.97,0.0949,0,Normal,Normal,0.0549,1059.08,No action,95.44
2026-01-01T02:32:50,M005,High Altitude,24080.3,-29.4,74.49,3116.9,120.64,628.63,4.153,105.51,35.14,2.165,27.529,24.69,17.65,1.013,171.49,9.128,81.89,136.03,0.9486,0.7943,0.3905,60.95,0.1063,0,Normal,Normal,0.0517,1100.72,No action,98.71
2026-01-01T02:33:00,M005,Rapid Throttle,9477.2,25.83,73.5,3149.5,116.91,622.28,4.32,102.68,36.33,2.177,27.356,25.96,17.701,1.033,172.3,8.775,80.13,135.18,0.9492,0.7951,0.3984,60.16,0.1026,0,Normal,Normal,0.0543,1100.29,No action,98.02
2026-01-01T02:33:10,M005,Cruise,14069.8,24.87,66.45,2921.6,115.95,610.55,4.112,98.44,34.82,2.099,27.343,25.81,17.806,0.918,162.04,8.334,75.04,128.42,0.952,0.798,0.4003,59.97,0.0946,0,Normal,Normal,0.0549,1085.55,No action,98.92
2026-01-01T02:33:20,M005,Hot Weather,11551.5,39.74,63.23,2943.8,118.06,642.63,4.125,110.5,33.43,2.292,27.424,25.12,17.613,0.867,158.48,8.407,73.98,122.18,0.9405,0.7868,0.4082,59.18,0.1257,0,Normal,Normal,0.0576,1075.58,No action,95.19
2026-01-01T02:33:30,M005,High Altitude,27728.9,-22.2,66.11,2993.0,112.32,612.65,4.169,97.08,34.25,2.234,27.584,24.61,17.859,0.862,165.49,8.305,74.24,126.91,0.9474,0.7934,0.4007,59.93,0.0835,0,Normal,Normal,0.055,1070.59,No action,98.02
2026-01-01T02:33:40,M005,Cruise,12617.9,28.28,71.47,3069.4,120.45,635.22,4.117,104.65,35.39,1.988,27.629,25.21,17.741,0.993,172.47,8.746,78.41,133.6,0.9511,0.7974,0.4075,59.25,0.1118,0,Normal,Normal,0.0574,1056.38,No action,96.59
2026-01-01T02:33:50,M005,Endurance,23806.1,17.12,65.32,2985.5,113.99,615.52,4.1,94.94,34.55,2.259,27.335,24.56,17.914,0.899,164.87,8.495,77.07,125.23,0.9441,0.7902,0.4036,59.64,0.0651,0,Normal,Normal,0.056,1081.73,No action,98.68
2026-01-01T02:34:00,M005,Hot Weather,8274.7,42.54,65.29,2961.3,119.44,643.68,4.197,108.89,34.13,2.363,27.269,25.0,17.642,0.856,160.15,8.689,74.92,124.2,0.9399,0.7864,0.4133,58.67,0.1328,0,Normal,Normal,0.0594,1066.19,No action,99.19
2026-01-01T02:34:10,M005,Endurance,21931.8,24.68,65.78,2995.9,118.97,616.87,4.249,94.17,33.68,2.334,27.444,24.1,17.891,0.913,166.02,8.536,73.13,125.98,0.9454,0.7911,0.3929,60.71,0.1558,0,Normal,Normal,0.0525,1082.2,No action,95.91
2026-01-01T02:34:20,M005,Endurance,19433.0,10.53,57.69,2943.0,107.52,577.76,4.384,95.79,31.78,2.145,27.291,24.53,17.787,0.901,154.16,8.343,64.96,117.45,0.9453,0.791,0.3933,60.67,0.0932,0,Normal,Normal,0.0526,1104.08,No action,95.54
2026-01-01T02:34:30,M005,Endurance,21308.4,16.27,56.34,2762.1,102.54,595.77,4.361,93.5,30.24,2.228,27.35,23.68,17.477,0.753,150.94,8.015,66.75,115.68,0.9434,0.7898,0.4091,59.09,0.0854,0,Normal,Normal,0.0579,1045.46,No action,99.56
2026-01-01T02:34:40,M005,Hot Weather,12647.5,47.07,65.03,2989.9,124.8,649.86,4.198,114.02,33.81,2.356,27.388,23.76,17.716,0.937,163.78,8.277,70.97,123.94,0.9399,0.7865,0.413,58.7,0.1207,0,Normal,Normal,0.0593,1046.6,No action,99.96
2026-01-01T02:34:50,M005,Hot Weather,13722.4,36.65,79.82,3223.4,127.09,674.31,4.072,113.49,36.22,2.441,27.615,25.58,17.432,0.981,177.99,9.2,86.19,139.72,0.9415,0.7875,0.3997,60.03,0.1424,0,Normal,Normal,0.0547,1058.07,No action,95.7
2026-01-01T02:35:00,M005,Rapid Throttle,10674.1,29.68,63.22,2921.1,114.74,610.89,4.261,99.55,32.56,2.333,27.258,24.16,17.853,0.87,157.78,8.456,70.58,124.37,0.9497,0.7955,0.3941,60.59,0.1001,0,Normal,Normal,0.0529,1087.65,No action,97.99
2026-01-01T02:35:10,M005,High Altitude,29410.0,-5.19,64.23,2959.8,109.39,590.11,4.243,93.5,34.59,2.184,27.585,24.32,17.526,0.943,162.7,8.4,70.74,124.84,0.9471,0.7932,0.4036,59.64,0.0484,0,Normal,Normal,0.056,1079.63,No action,98.43
2026-01-01T02:35:20,M005,Rapid Throttle,9784.2,20.58,59.2,2916.0,105.36,602.0,4.178,94.36,31.69,2.293,27.322,23.33,17.836,0.83,148.08,8.23,68.91,119.86,0.9484,0.7946,0.4049,59.51,0.0699,0,Normal,Normal,0.0565,1061.26,No action,97.33
2026-01-01T02:35:30,M005,Hot Weather,8136.5,47.4,63.0,2950.5,119.06,654.14,4.449,114.85,33.17,2.199,27.33,24.59,17.805,0.865,163.26,8.369,72.27,122.12,0.9414,0.7875,0.4006,59.94,0.0902,0,Normal,Normal,0.055,1074.01,No action,97.03
2026-01-01T02:35:40,M005,Cruise,11965.3,28.29,79.05,3082.7,126.02,663.43,4.079,107.22,37.32,2.413,27.507,25.86,17.655,1.028,181.04,9.047,86.22,141.54,0.9505,0.797,0.4129,58.71,0.1366,0,Normal,Normal,0.0593,1069.71,No action,99.46
2026-01-01T02:35:50,M005,Rapid Throttle,13857.0,33.59,85.32,3288.2,131.35,696.69,3.886,113.55,37.94,2.391,27.511,25.27,17.766,1.049,191.7,9.334,90.94,147.54,0.9484,0.7946,0.4054,59.46,0.2199,0,Normal,Normal,0.0566,1060.22,No action,98.34
2026-01-01T02:36:00,M005,High Altitude,22052.9,-7.31,67.08,3017.7,111.76,612.97,4.125,96.37,33.93,2.376,27.444,24.62,17.581,0.868,162.95,8.854,74.65,127.67,0.9462,0.7926,0.4111,58.89,0.1266,0,Normal,Normal,0.0586,1055.97,No action,95.35
2026-01-01T02:36:10,M005,Cruise,11197.3,16.56,71.74,3128.7,116.29,637.16,4.133,98.49,35.73,2.273,27.389,24.92,17.7,0.916,172.95,8.805,79.31,133.8,0.9507,0.7971,0.411,58.9,0.099,0,Normal,Normal,0.0586,1064.52,No action,96.75
2026-01-01T02:36:20,M005,High Altitude,27081.5,-11.5,55.09,2831.0,107.89,591.84,4.344,95.08,31.76,1.955,27.343,23.1,17.663,0.8,148.38,8.022,65.47,115.1,0.9467,0.7929,0.4069,59.31,0.0428,0,Normal,Normal,0.0572,1082.56,No action,97.55
2026-01-01T02:36:30,M005,Rapid Throttle,7507.3,34.4,73.32,3121.3,122.97,665.36,4.171,108.24,35.59,2.304,27.332,24.9,17.65,0.986,171.78,9.034,80.0,135.0,0.9492,0.7951,0.3984,60.16,0.1567,0,Normal,Normal,0.0542,1062.7,No action,96.77
2026-01-01T02:36:40,M005,Endurance,17426.4,14.39,61.97,2933.6,109.61,596.26,4.142,91.94,33.58,1.998,27.507,24.57,17.681,0.905,155.71,8.074,68.44,121.9,0.945,0.7908,0.3957,60.43,0.0622,0,Normal,Normal,0.0534,1096.09,No action,98.01
2026-01-01T02:36:50,M005,Cruise,16373.2,26.34,58.36,2822.9,110.45,604.09,4.152,96.49,33.09,2.203,27.427,24.27,17.848,0.876,151.58,8.148,69.55,119.6,0.9509,0.7973,0.4088,59.12,0.1106,0,Normal,Normal,0.0578,1047.46,No action,96.82
2026-01-01T02:37:00,M005,High Altitude,29040.9,-27.85,69.8,3042.0,114.71,617.24,4.036,97.9,34.44,2.169,27.391,25.67,17.684,0.888,169.86,8.734,74.78,130.86,0.9477,0.7936,0.3984,60.16,0.0199,0,Normal,Normal,0.0543,1085.09,No action,98.16
2026-01-01T02:37:10,M005,Cruise,15796.2,21.37,63.3,2934.4,108.02,604.87,4.48,96.79,34.08,2.474,27.592,24.43,17.681,0.881,158.77,8.57,72.99,125.15,0.9524,0.7983,0.3969,60.31,0.0891,0,Normal,Normal,0.0538,1100.37,No action,99.94
2026-01-01T02:37:20,M005,Cruise,14522.8,24.27,70.32,3076.0,115.47,621.95,4.116,99.31,35.92,2.277,27.26,25.5,17.601,0.957,167.17,8.498,76.18,132.17,0.9501,0.7967,0.4158,58.42,0.0703,0,Normal,Normal,0.0603,1054.74,No action,95.84
2026-01-01T02:37:30,M005,High Altitude,26924.2,-22.87,73.66,3082.1,121.96,634.0,4.278,96.39,36.67,2.402,27.559,25.27,17.514,0.966,177.74,8.629,81.32,134.78,0.9469,0.7931,0.4046,59.54,0.1427,0,Normal,Normal,0.0564,1051.11,No action,96.57
2026-01-01T02:37:40,M005,Hot Weather,16374.8,38.92,67.38,3022.2,119.0,642.22,4.09,107.22,34.5,2.27,27.417,25.85,17.782,0.925,161.99,8.703,77.31,126.55,0.9407,0.787,0.4066,59.34,0.0976,0,Normal,Normal,0.0571,1056.56,No action,98.67
2026-01-01T02:37:50,M005,Cruise,13493.8,21.62,58.35,2926.2,109.3,584.92,4.39,96.0,32.74,2.099,27.507,23.45,17.669,0.874,152.33,8.226,68.77,119.79,0.952,0.798,0.4002,59.98,0.0657,0,Normal,Normal,0.0549,1102.05,No action,97.94
2026-01-01T02:38:00,M005,Rapid Throttle,15369.9,29.85,73.02,3075.3,121.6,632.06,4.076,102.57,35.56,2.297,27.525,24.78,17.652,0.903,170.78,9.125,78.19,134.4,0.9479,0.7943,0.4089,59.11,0.1175,0,Normal,Normal,0.0579,1062.29,No action,96.95
2026-01-01T02:38:10,M005,Cruise,13763.8,20.8,51.95,2730.7,104.24,575.63,4.355,92.62,30.68,2.177,27.471,23.72,17.764,0.821,143.48,7.996,60.93,112.53,0.9497,0.7964,0.4194,58.06,0.0953,0,Normal,Normal,0.0616,1037.49,No action,95.68
2026-01-01T02:38:20,M005,Hot Weather,13247.4,46.49,59.34,2914.2,119.61,658.74,4.313,109.32,32.52,2.56,27.291,24.65,17.664,0.857,153.62,8.154,70.5,118.22,0.941,0.7872,0.4041,59.59,0.1647,0,Normal,Normal,0.0562,1084.65,No action,96.68
2026-01-01T02:38:30,M005,Cruise,12009.3,19.18,61.3,2859.6,111.21,596.3,4.443,95.19,32.11,2.086,27.537,24.36,17.711,0.921,153.43,8.652,71.77,122.41,0.9494,0.7962,0.4219,57.81,0.0262,0,Normal,Normal,0.0626,1044.36,No action,98.32
2026-01-01T02:38:40,M005,Endurance,14351.2,6.06,56.37,2879.2,110.21,577.49,4.181,89.13,31.98,2.133,27.39,23.66,17.916,0.822,151.17,8.381,67.31,116.01,0.945,0.7908,0.3958,60.42,0.0752,0,Normal,Normal,0.0534,1091.02,No action,97.28
2026-01-01T02:38:50,M005,Cruise,14460.8,16.16,62.72,2907.7,109.88,597.49,4.252,96.3,33.2,2.304,27.412,24.87,17.539,0.888,160.28,8.704,70.09,124.54,0.9524,0.7983,0.3966,60.34,0.061,0,Normal,Normal,0.0537,1083.85,No action,97.84
2026-01-01T02:39:00,M005,Cruise,17618.3,19.65,58.77,2915.1,107.64,596.53,4.267,93.4,33.5,2.279,27.362,23.55,17.563,0.86,151.95,8.187,65.38,119.81,0.9498,0.7965,0.4184,58.16,0.0921,0,Normal,Normal,0.0613,1053.65,No action,99.92
2026-01-01T02:39:10,M005,Hot Weather,16727.0,43.62,62.1,2883.7,120.99,641.67,4.21,103.3,33.06,2.011,27.41,23.9,17.69,0.864,165.33,8.372,71.01,120.67,0.9389,0.7857,0.4221,57.79,0.0987,0,Normal,Normal,0.0626,1053.86,No action,95.88
2026-01-01T02:39:20,M005,Endurance,23559.6,8.86,53.08,2816.9,102.24,568.58,4.417,87.65,31.44,2.112,27.528,23.37,17.631,0.856,142.75,8.023,65.83,112.26,0.9435,0.7898,0.4085,59.15,0.0723,0,Normal,Normal,0.0577,1058.18,No action,98.28
2026-01-01T02:39:30,M005,Hot Weather,15268.2,42.85,64.3,2921.0,115.8,652.23,4.343,105.43,33.77,2.269,27.481,23.79,17.69,0.898,159.86,8.489,71.24,123.13,0.9397,0.7863,0.4152,58.48,0.096,0,Normal,Normal,0.0601,1043.07,No action,95.65
2026-01-01T02:39:40,M005,Hot Weather,8101.6,44.7,71.93,3074.7,125.53,667.94,4.25,111.54,36.01,2.319,27.586,24.63,17.776,0.945,171.16,8.687,77.54,131.09,0.9397,0.7863,0.4149,58.51,0.1738,0,Normal,Normal,0.06,1068.53,No action,98.69
2026-01-01T02:39:50,M005,Endurance,18217.5,9.13,53.34,2865.2,105.59,577.9,4.307,92.83,30.88,2.302,27.388,24.03,17.59,0.788,144.43,7.811,64.88,112.61,0.9439,0.7901,0.4051,59.49,0.0691,0,Normal,Normal,0.0565,1093.47,No action,96.12
2026-01-01T02:40:00,M005,Cruise,17573.2,17.97,64.49,2990.9,114.64,613.38,4.088,96.69,34.52,2.244,27.319,24.17,17.509,0.913,159.16,8.258,73.07,125.7,0.9488,0.7959,0.4264,57.36,0.0651,0,Normal,Normal,0.0643,1024.97,No action,98.16
2026-01-01T02:40:10,M005,Endurance,19631.5,22.8,67.04,2957.5,112.99,629.81,4.305,97.64,35.33,2.354,27.391,25.73,17.555,0.953,161.64,8.462,73.52,126.89,0.9433,0.7897,0.41,59.0,0.1001,0,Normal,Normal,0.0582,1057.38,No action,96.75
2026-01-01T02:40:20,M005,Cruise,15678.1,19.44,55.15,2854.0,107.91,584.26,4.276,87.32,31.83,2.198,27.269,23.69,17.7,0.834,144.79,8.12,64.79,115.84,0.9492,0.7961,0.4233,57.67,0.1177,0,Normal,Normal,0.0631,1030.03,No action,96.31
2026-01-01T02:40:30,M005,Endurance,16002.8,5.44,54.02,2791.5,100.85,585.87,4.342,89.77,31.21,2.097,27.436,22.96,17.585,0.802,151.17,7.927,63.86,112.98,0.942,0.7888,0.4207,57.93,0.0994,0,Normal,Normal,0.0621,1062.73,No action,98.82
2026-01-01T02:40:40,M005,High Altitude,29200.4,-12.77,74.37,3102.6,115.0,635.66,4.043,103.18,35.58,2.431,27.548,24.94,17.655,0.942,175.52,9.054,82.65,135.33,0.946,0.7925,0.4126,58.74,0.1344,0,Normal,Normal,0.0592,1074.08,No action,96.9
2026-01-01T02:40:50,M005,High Altitude,24320.0,-16.93,67.65,2970.6,111.51,612.06,4.249,99.0,35.55,2.396,27.546,24.27,17.61,0.937,166.94,8.44,78.74,128.77,0.9486,0.7942,0.3911,60.89,0.0989,0,Normal,Normal,0.0519,1077.61,No action,99.53
2026-01-01T02:41:00,M005,High Altitude,25189.5,-5.28,75.39,3135.3,120.8,624.98,4.205,100.04,35.74,2.357,27.428,25.24,17.638,0.975,178.83,9.054,83.8,136.27,0.9453,0.7921,0.418,58.2,0.1521,0,Normal,Normal,0.0611,1046.84,No action,96.0
2026-01-01T02:41:10,M005,Rapid Throttle,9449.4,25.37,76.23,3164.0,119.12,649.25,4.064,108.42,36.2,2.214,27.566,24.59,17.408,0.968,178.01,8.783,79.91,137.61,0.9471,0.7937,0.4162,58.38,0.1015,0,Normal,Normal,0.0605,1030.34,No action,98.42
2026-01-01T02:41:20,M005,Hot Weather,11791.2,35.18,62.27,2909.3,121.73,642.5,4.096,100.08,34.01,2.348,27.355,24.2,17.565,0.866,157.56,8.528,72.75,120.45,0.9368,0.7844,0.4389,56.11,0.133,0,Normal,Normal,0.0692,1009.75,No action,99.87
2026-01-01T02:41:30,M005,Hot Weather,9826.1,46.56,63.08,2921.8,126.81,641.63,4.281,110.53,34.76,2.346,27.54,24.27,17.657,0.864,158.0,8.086,71.34,121.74,0.9391,0.7859,0.4202,57.98,0.2059,0,Normal,Normal,0.0619,1031.78,No action,99.29
2026-01-01T02:41:40,M005,Endurance,22702.7,20.63,56.02,2816.5,106.15,585.91,4.086,90.04,31.6,2.071,27.388,23.35,17.764,0.818,147.56,8.108,66.39,115.28,0.9431,0.7896,0.4117,58.83,0.0589,0,Normal,Normal,0.0588,1067.72,No action,98.72
2026-01-01T02:41:50,M005,Endurance,18307.3,20.33,57.14,2879.3,108.09,596.29,4.257,90.84,32.22,2.203,27.574,24.18,17.673,0.837,148.09,8.198,65.63,116.48,0.9432,0.7896,0.4108,58.92,0.0833,0,Normal,Normal,0.0585,1065.89,No action,98.44
2026-01-01T02:42:00,M005,High Altitude,26312.1,-8.68,53.88,2804.5,104.26,575.58,4.253,92.34,31.04,2.135,27.502,23.67,17.527,0.813,149.23,8.004,67.34,113.66,0.9458,0.7923,0.4145,58.55,0.0772,0,Normal,Normal,0.0598,1031.16,No action,98.84
2026-01-01T02:42:10,M005,Hot Weather,10726.9,43.77,67.94,3037.8,124.51,662.18,4.067,111.89,34.38,2.402,27.409,24.83,17.363,0.946,165.29,8.319,74.05,126.68,0.9385,0.7855,0.4251,57.49,0.1449,0,Normal,Normal,0.0638,1017.91,No action,96.74
2026-01-01T02:42:20,M005,Hot Weather,14581.2,40.86,52.39,2757.8,112.36,615.11,4.463,99.93,31.61,2.211,27.405,23.81,17.715,0.819,138.41,8.104,61.3,110.63,0.9392,0.7859,0.4196,58.04,0.0965,0,Normal,Normal,0.0617,1041.9,No action,95.92
2026-01-01T02:42:30,M005,Endurance,18634.0,11.61,56.28,2832.8,104.4,593.81,4.287,96.44,32.85,2.094,27.528,23.6,17.887,0.88,148.53,7.886,66.7,115.46,0.9426,0.7892,0.4157,58.43,0.1103,0,Normal,Normal,0.0603,1047.26,No action,99.35
2026-01-01T02:42:40,M005,Endurance,23302.2,24.86,58.76,2822.4,108.14,598.5,4.293,94.41,33.1,2.336,27.504,24.09,17.747,0.861,154.68,8.192,66.35,117.93,0.9419,0.7888,0.4214,57.86,0.0887,0,Normal,Normal,0.0624,1023.61,No action,96.58
2026-01-01T02:42:50,M005,Cruise,13721.0,24.54,64.48,2986.8,113.91,634.64,4.069,98.66,33.67,2.539,27.558,24.2,17.82,0.936,157.09,8.491,71.79,125.61,0.9485,0.7956,0.4295,57.05,0.1157,0,Normal,Normal,0.0654,1032.48,No action,95.02
2026-01-01T02:43:00,M005,Rapid Throttle,10053.8,33.77,59.87,2879.5,116.27,607.64,4.278,102.82,33.03,2.196,27.412,23.88,17.318,0.888,149.04,8.629,68.34,120.14,0.9462,0.7931,0.4233,57.67,0.0704,0,Normal,Normal,0.0631,1025.09,No action,97.03
2026-01-01T02:43:10,M005,Cruise,13901.1,29.0,55.23,2887.6,109.79,600.21,4.112,100.35,32.18,2.34,27.586,24.08,17.549,0.874,145.8,7.896,62.76,115.58,0.9473,0.7949,0.4391,56.09,0.1234,0,Normal,Normal,0.0693,993.69,No action,95.15
2026-01-01T02:43:20,M005,High Altitude,29763.9,-33.3,98.0,3452.3,133.3,698.38,3.806,111.52,40.7,2.575,27.408,27.56,17.621,1.11,211.63,9.683,98.74,159.9,0.9446,0.7915,0.4245,57.55,0.245,0,Normal,Normal,0.0636,1025.19,No action,99.9
2026-01-01T02:43:30,M005,Rapid Throttle,15974.6,27.94,81.52,3280.2,124.78,666.53,3.94,108.74,36.88,2.627,27.446,24.48,17.483,0.969,187.66,8.921,86.67,143.46,0.9482,0.7945,0.4069,59.31,0.1701,0,Normal,Normal,0.0571,1065.17,No action,96.33
2026-01-01T02:43:40,M005,Hot Weather,15944.8,38.55,48.43,2751.1,112.56,586.87,4.182,100.61,29.95,2.224,27.389,23.13,17.684,0.747,138.0,7.96,58.06,106.42,0.9387,0.7856,0.4233,57.67,0.0595,0,Normal,Normal,0.0631,1045.94,No action,97.86
2026-01-01T02:43:50,M005,Hot Weather,12467.5,46.95,69.33,3014.1,129.97,668.08,4.08,113.67,35.19,2.085,27.21,25.0,17.687,0.926,163.55,8.774,76.03,128.26,0.9392,0.7859,0.4194,58.06,0.1703,0,Normal,Normal,0.0616,1041.67,No action,97.78
2026-01-01T02:44:00,M005,High Altitude,29992.8,-13.03,68.98,3036.3,115.29,606.15,4.091,98.92,35.3,2.35,27.325,24.66,17.49,0.934,166.96,8.718,73.97,128.91,0.9425,0.7902,0.4415,55.85,0.1182,0,Normal,Normal,0.0702,997.06,No action,95.38
2026-01-01T02:44:10,M005,Hot Weather,10578.7,47.3,62.17,2855.0,123.2,657.33,4.158,107.98,33.41,2.191,27.557,24.54,17.716,0.879,160.95,8.384,68.79,120.8,0.9391,0.7859,0.4199,58.01,0.1254,0,Normal,Normal,0.0618,1043.29,No action,96.54
2026-01-01T02:44:20,M005,Endurance,21430.6,18.66,61.73,2927.9,108.29,598.35,4.223,96.61,33.09,2.195,27.522,23.1,17.578,0.868,158.89,8.483,71.89,120.88,0.9411,0.7883,0.4281,57.19,0.0683,0,Normal,Normal,0.0649,1013.11,No action,96.24
2026-01-01T02:44:30,M005,Cruise,15269.8,20.54,63.03,2974.7,112.1,599.37,4.068,92.15,33.78,2.249,27.437,24.4,17.731,0.89,157.11,8.784,71.01,124.38,0.95,0.7967,0.4168,58.32,0.0565,0,Normal,Normal,0.0607,1056.18,No action,96.92
2026-01-01T02:44:40,M005,Endurance,22027.9,23.27,54.31,2813.3,108.03,585.84,4.375,92.6,32.31,2.099,27.53,23.09,17.385,0.83,141.12,7.924,62.65,113.19,0.9415,0.7885,0.4248,57.52,0.0663,0,Normal,Normal,0.0637,1036.69,No action,97.82
2026-01-01T02:44:50,M005,Rapid Throttle,10175.5,26.43,80.88,3238.2,126.64,660.45,3.999,106.74,37.25,2.382,27.515,25.89,17.575,1.03,186.97,9.008,85.42,142.54,0.9471,0.7937,0.416,58.4,0.1917,0,Normal,Normal,0.0604,1044.16,No action,98.97
2026-01-01T02:45:00,M005,Hot Weather,10010.6,40.66,74.43,3100.3,127.51,678.8,4.129,113.95,36.32,2.41,27.398,25.62,17.831,0.946,175.64,8.819,80.03,133.36,0.9382,0.7853,0.4277,57.23,0.1771,0,Normal,Normal,0.0648,1022.86,No action,96.32
2026-01-01T02:45:10,M005,Hot Weather,17181.2,43.68,75.49,3139.7,129.54,672.95,3.96,114.43,36.44,2.436,27.408,23.86,17.772,0.972,173.63,8.829,84.21,134.4,0.9379,0.7851,0.4301,56.99,0.2028,0,Normal,Normal,0.0657,1010.71,No action,97.14
2026-01-01T02:45:20,M005,High Altitude,27040.8,-10.52,60.78,2931.5,108.16,608.89,4.16,92.93,32.36,2.245,27.413,23.8,17.775,0.864,157.92,8.119,70.77,120.76,0.9449,0.7917,0.422,57.8,0.0666,0,Normal,Normal,0.0626,1065.61,No action,96.04
2026-01-01T02:45:30,M005,High Altitude,27953.6,-17.82,65.06,3016.6,111.43,594.85,4.156,97.39,34.65,2.413,27.507,24.5,17.527,0.92,161.53,8.54,72.07,125.46,0.9458,0.7924,0.4141,58.59,0.0869,0,Normal,Normal,0.0597,1047.1,No action,98.41
2026-01-01T02:45:40,M005,High Altitude,22462.1,-14.81,67.85,3053.8,117.8,610.79,4.078,101.4,35.28,2.262,27.38,25.36,17.808,0.905,163.09,8.676,74.04,128.27,0.9451,0.7919,0.4197,58.03,0.13,0,Normal,Normal,0.0618,1050.2,No action,99.77
2026-01-01T02:45:50,M005,Endurance,23047.1,10.52,52.61,2822.0,106.61,579.19,4.4,90.69,32.25,2.404,27.465,23.38,17.434,0.78,144.93,7.792,65.68,111.22,0.9405,0.7878,0.4337,56.63,0.0958,0,Normal,Normal,0.0671,1000.97,No action,96.49
2026-01-01T02:46:00,M005,Rapid Throttle,8148.6,26.02,73.79,3119.4,120.82,636.97,4.081,107.11,35.99,2.215,27.304,24.14,17.68,1.053,174.92,8.883,80.1,134.66,0.9453,0.7926,0.4305,56.95,0.141,0,Normal,Normal,0.0658,1007.93,No action,95.72
2026-01-01T02:46:10,M005,Cruise,12998.3,19.43,61.29,2918.6,107.38,604.05,4.088,93.18,32.85,2.276,27.25,24.46,17.518,0.854,155.84,8.114,71.39,122.16,0.9481,0.7954,0.4323,56.77,0.0907,0,Normal,Normal,0.0666,1022.57,No action,99.94
2026-01-01T02:46:20,M005,Endurance,21512.1,21.95,55.47,2873.1,105.0,584.4,4.361,92.28,31.79,2.241,27.373,23.98,17.807,0.832,149.15,7.744,64.41,114.39,0.9414,0.7884,0.4258,57.42,0.0858,0,Normal,Normal,0.064,1024.3,No action,96.67
2026-01-01T02:46:30,M005,High Altitude,25769.5,-27.35,69.45,3111.2,111.77,623.22,4.191,100.14,35.01,2.42,27.442,25.23,17.709,0.958,168.12,8.784,77.48,130.0,0.9454,0.7921,0.4177,58.23,0.1008,0,Normal,Normal,0.061,1041.64,No action,99.41
2026-01-01T02:46:40,M006,Hot Weather,9317.6,45.97,67.99,3017.0,126.68,653.05,4.021,116.49,34.81,2.35,27.339,24.3,17.677,0.934,167.27,8.485,74.19,126.34,0.9366,0.7842,0.441,55.9,0.129,0,Normal,Normal,0.07,1000.06,No action,96.49
2026-01-01T02:46:50,M006,Cruise,15631.1,29.5,50.09,2764.7,107.31,578.46,4.278,95.96,30.99,2.344,27.515,23.23,17.641,0.78,145.06,7.803,61.83,110.11,0.9472,0.7948,0.4397,56.03,0.0878,0,Normal,Normal,0.0695,1007.26,No action,96.94
2026-01-01T02:47:00,M006,Cruise,14414.5,28.13,74.64,3107.9,117.25,649.96,4.141,105.43,35.5,2.298,27.442,24.49,17.719,0.95,171.56,8.996,80.44,136.37,0.9484,0.7956,0.4302,56.98,0.0873,0,Normal,Normal,0.0657,1014.31,No action,99.29
2026-01-01T02:47:10,M006,Endurance,20203.0,8.58,59.83,2868.6,107.28,588.52,4.352,94.87,33.35,2.258,27.438,23.25,17.802,0.852,155.53,8.403,69.16,118.74,0.9403,0.7877,0.4351,56.49,0.065,0,Normal,Normal,0.0676,1018.8,No action,96.44
2026-01-01T02:47:20,M006,Rapid Throttle,14066.4,31.53,88.79,3289.5,131.04,691.71,3.832,112.8,39.48,2.749,27.33,25.51,17.566,1.08,193.09,9.429,91.79,150.66,0.9461,0.7931,0.4241,57.59,0.2556,0,Normal,Normal,0.0634,1041.78,No action,97.51
2026-01-01T02:47:30,M006,Hot Weather,12972.4,38.56,59.72,2870.0,118.55,627.56,4.325,101.08,32.91,2.396,27.213,23.83,17.763,0.872,154.5,8.059,71.48,117.91,0.9373,0.7847,0.4348,56.52,0.1171,0,Normal,Normal,0.0675,1023.14,No action,96.87
2026-01-01T02:47:40,M006,High Altitude,22952.2,-10.12,78.46,3209.4,122.56,651.14,4.196,104.55,36.27,2.194,27.29,25.64,17.604,1.039,184.59,9.22,83.01,139.29,0.9444,0.7914,0.4257,57.43,0.1642,0,Normal,Normal,0.064,1044.67,No action,95.96
2026-01-01T02:47:50,M006,Rapid Throttle,14428.3,30.34,71.39,3041.2,123.93,647.17,4.149,106.12,35.48,2.509,27.48,25.72,17.559,0.971,168.48,8.516,78.61,131.86,0.9441,0.7917,0.4409,55.91,0.2147,0,Normal,Normal,0.07,1000.99,No action,97.17
2026-01-01T02:48:00,M006,High Altitude,29947.0,-14.62,64.81,2974.8,107.28,613.67,4.187,94.62,33.58,2.178,27.386,24.64,17.841,0.85,161.29,8.411,74.49,124.67,0.9432,0.7906,0.4361,56.39,0.0885,0,Normal,Normal,0.0681,1030.76,No action,98.99
2026-01-01T02:48:10,M006,Cruise,14211.1,18.74,65.23,2988.1,111.67,617.92,4.072,96.23,34.31,2.312,27.427,24.79,17.756,0.869,161.72,8.416,72.05,126.11,0.947,0.7947,0.4416,55.84,0.1254,0,Normal,Normal,0.0703,1013.61,No action,99.72
2026-01-01T02:48:20,M006,Hot Weather,13554.5,40.15,67.5,2981.8,120.3,646.45,4.303,113.62,35.21,2.342,27.421,24.6,17.635,0.895,166.65,8.557,76.27,126.03,0.9376,0.7849,0.4326,56.74,0.1354,0,Normal,Normal,0.0667,1005.6,No action,95.34
2026-01-01T02:48:30,M006,Endurance,19951.6,12.25,52.16,2766.6,106.66,564.49,4.387,90.91,30.59,2.372,27.52,23.47,17.442,0.79,145.22,7.789,62.16,110.78,0.9406,0.7879,0.4324,56.76,0.0989,0,Normal,Normal,0.0666,1006.76,No action,98.22
2026-01-01T02:48:40,M006,Rapid Throttle,11117.4,21.73,65.38,2954.5,112.21,608.24,3.967,96.58,34.72,2.184,27.398,24.17,17.888,0.917,161.42,8.554,74.37,125.74,0.9451,0.7924,0.4322,56.78,0.0839,0,Normal,Normal,0.0665,1038.11,No action,98.68
2026-01-01T02:48:50,M006,Cruise,12318.7,26.07,58.77,2816.5,111.59,602.55,4.343,96.95,32.8,1.922,27.626,23.94,17.524,0.925,152.43,8.031,70.21,119.24,0.9469,0.7946,0.4427,55.73,0.091,0,Normal,Normal,0.0707,1035.06,No action,95.74
2026-01-01T02:49:00,M006,Cruise,15499.5,27.85,58.69,2867.9,113.79,595.12,4.261,99.35,33.09,2.428,27.194,23.83,17.537,0.797,149.25,8.002,67.52,119.25,0.9474,0.7949,0.4387,56.13,0.1336,0,Normal,Normal,0.0691,1013.17,No action,96.7
2026-01-01T02:49:10,M006,Hot Weather,10523.7,38.6,66.13,2965.7,120.5,638.33,4.226,107.77,33.93,2.602,27.583,24.47,17.673,0.885,164.35,8.452,74.21,124.39,0.9365,0.7841,0.442,55.8,0.1644,0,Normal,Normal,0.0704,1002.13,No action,97.2
2026-01-01T02:49:20,M006,High Altitude,22758.8,-12.86,62.82,2908.7,109.7,608.36,4.14,95.89,33.46,2.471,27.53,23.28,17.791,0.847,160.65,8.443,73.12,122.54,0.943,0.7905,0.4376,56.24,0.0886,0,Normal,Normal,0.0686,1018.51,No action,97.56
2026-01-01T02:49:30,M006,Rapid Throttle,8568.4,28.33,92.6,3342.8,129.45,701.48,3.895,117.7,40.19,2.566,27.392,26.65,17.432,1.146,205.32,9.683,95.72,154.21,0.9442,0.7918,0.44,56.0,0.2255,0,Normal,Normal,0.0696,1013.61,No action,98.46
2026-01-01T02:49:40,M006,Cruise,11590.5,29.89,66.17,2934.4,119.4,618.34,4.246,105.2,33.39,2.328,27.386,25.2,17.366,0.882,159.83,8.876,76.67,127.26,0.9478,0.7952,0.435,56.5,0.0898,0,Normal,Normal,0.0676,1018.68,No action,95.39
2026-01-01T02:49:50,M006,Hot Weather,9815.1,44.9,69.69,3017.9,126.41,668.77,4.173,115.01,34.38,2.274,27.449,24.73,17.778,0.945,168.37,8.796,75.32,128.65,0.9392,0.786,0.4191,58.09,0.1285,0,Normal,Normal,0.0615,1059.48,No action,96.91
2026-01-01T02:50:00,M006,High Altitude,22925.1,-14.72,59.94,2891.5,108.5,603.72,4.168,93.4,33.58,2.193,27.182,23.8,17.534,0.919,156.67,8.032,69.13,119.49,0.9429,0.7904,0.4387,56.13,0.0178,0,Normal,Normal,0.0691,1015.02,No action,97.5
2026-01-01T02:50:10,M006,Hot Weather,14968.6,35.66,55.15,2835.9,114.61,603.03,4.345,101.1,30.76,2.076,27.275,23.87,17.455,0.775,146.41,7.89,67.06,112.88,0.9358,0.7837,0.4475,55.25,0.0754,0,Normal,Normal,0.0727,979.03,No action,95.14
2026-01-01T02:50:20,M006,Cruise,16473.2,24.72,72.93,3066.7,119.25,631.42,4.062,100.8,37.04,2.267,27.395,25.48,17.538,0.951,179.16,8.828,82.48,134.59,0.9485,0.7956,0.4294,57.06,0.0924,0,Normal,Normal,0.0654,1039.42,No action,95.29
2026-01-01T02:50:30,M006,Hot Weather,17249.1,42.81,63.94,2950.7,120.71,659.54,4.261,107.61,33.94,2.388,27.716,24.47,17.619,0.948,160.0,8.481,75.28,122.37,0.9378,0.785,0.4311,56.89,0.1231,0,Normal,Normal,0.0661,1001.99,No action,98.43
2026-01-01T02:50:40,M006,Cruise,13260.9,18.09,48.37,2704.0,107.81,569.67,4.469,84.15,29.6,2.194,27.634,24.2,17.567,0.786,142.09,7.679,59.45,108.19,0.9467,0.7944,0.4444,55.56,0.0695,0,Normal,Normal,0.0714,1005.85,No action,99.73
2026-01-01T02:50:50,M006,Rapid Throttle,6449.2,25.88,93.61,3389.4,136.7,682.34,3.866,113.94,41.09,2.604,27.634,26.02,17.692,1.114,205.45,9.763,95.28,155.38,0.9446,0.7921,0.4364,56.36,0.2661,0,Normal,Normal,0.0682,1001.4,No action,97.05
2026-01-01T02:51:00,M006,Endurance,20413.3,13.07,59.83,2884.3,107.95,608.86,4.174,95.87,32.17,2.362,27.44,24.34,17.863,0.842,154.37,8.254,70.21,118.29,0.938,0.7862,0.4543,54.57,0.1105,0,Normal,Normal,0.0756,994.65,No action,98.18
2026-01-01T02:51:10,M006,Rapid Throttle,8484.6,27.58,74.23,3145.3,120.57,648.39,4.104,105.45,35.66,2.367,27.363,25.55,17.677,0.971,175.03,8.76,81.13,135.04,0.945,0.7923,0.4336,56.64,0.0973,0,Normal,Normal,0.0671,1015.46,No action,97.79
2026-01-01T02:51:20,M006,Endurance,22414.3,10.69,57.64,2890.8,105.09,579.92,4.212,93.03,32.18,2.361,27.295,24.02,17.57,0.823,148.2,8.272,67.5,116.44,0.9403,0.7877,0.4354,56.46,0.1247,0,Normal,Normal,0.0678,1012.28,No action,96.28
2026-01-01T02:51:30,M006,Endurance,16671.5,19.85,49.73,2754.9,105.2,552.77,4.17,89.97,31.1,2.228,27.341,22.64,17.505,0.799,141.17,7.913,64.5,108.06,0.9396,0.7872,0.4408,55.92,0.0942,0,Normal,Normal,0.07,1008.07,No action,95.26
2026-01-01T02:51:40,M006,Rapid Throttle,9582.2,20.44,77.66,3117.2,118.15,644.44,3.039,111.09,36.85,3.199,27.528,25.35,17.638,1.038,186.2,8.919,82.97,138.56,0.9445,0.792,0.4371,39.29,0.5504,1,Lubrication Issue,Warning,0.3185,1003.53,Inspect affected subsystem,99.98
2026-01-01T02:51:50,M006,Endurance,14389.8,23.17,60.04,2891.3,109.65,603.22,3.304,111.05,32.73,2.81,27.364,24.1,17.786,0.803,156.01,8.003,67.75,118.74,0.9392,0.787,0.444,38.6,0.4723,0,Lubrication Issue,Normal,0.3213,993.15,No action,96.26
2026-01-01T02:52:00,M006,Endurance,22298.7,18.57,52.53,2750.8,104.82,581.47,3.426,101.71,31.12,2.976,27.503,22.99,17.498,0.807,137.97,7.907,63.08,110.88,0.939,0.7868,0.4456,38.44,0.5337,0,Lubrication Issue,Normal,0.322,988.83,No action,98.78
2026-01-01T02:52:10,M006,Rapid Throttle,13417.4,30.63,52.65,2733.9,108.04,605.37,3.297,108.88,31.48,2.779,27.32,23.26,17.825,0.865,144.98,8.286,64.29,111.96,0.9432,0.7911,0.4485,38.15,0.4457,0,Lubrication Issue,Normal,0.3232,1007.07,No action,98.27
2026-01-01T02:52:20,M006,Endurance,17326.4,18.28,50.53,2731.7,106.36,561.93,3.249,99.97,30.8,2.969,27.33,23.56,17.614,0.793,143.71,8.01,59.91,109.1,0.9407,0.788,0.4314,39.86,0.5343,0,Lubrication Issue,Normal,0.3162,1015.13,No action,97.02
2026-01-01T02:52:30,M006,Rapid Throttle,8842.1,23.98,76.96,3127.3,116.56,643.27,2.986,114.91,36.47,2.957,27.502,25.46,17.71,0.958,177.03,9.05,83.36,137.41,0.9427,0.7908,0.4524,37.76,0.5414,0,Lubrication Issue,Normal,0.3248,989.76,No action,96.88
2026-01-01T02:52:40,M006,Cruise,11238.9,20.41,64.54,2949.7,110.34,622.1,3.157,108.94,33.9,2.868,27.662,24.12,17.724,0.883,163.37,8.752,72.44,125.39,0.9471,0.7947,0.4408,38.92,0.5074,0,Lubrication Issue,Normal,0.3199,1016.33,No action,99.06
2026-01-01T02:52:50,M006,Cruise,17758.9,25.49,66.11,2989.6,112.92,645.23,3.162,110.37,34.12,2.832,27.405,24.77,17.677,0.874,163.51,8.435,75.86,127.21,0.9478,0.7952,0.435,39.5,0.5128,0,Lubrication Issue,Normal,0.3176,1023.4,No action,96.87
2026-01-01T02:53:00,M006,Rapid Throttle,12816.5,28.64,76.36,3176.9,122.14,646.32,2.923,116.84,35.25,3.246,27.429,25.18,17.57,0.991,178.5,8.994,81.82,137.14,0.9443,0.7919,0.4388,39.12,0.6576,1,Lubrication Issue,Warning,0.3192,1018.43,Inspect affected subsystem,99.84
2026-01-01T02:53:10,M006,High Altitude,29523.4,-15.03,57.52,2769.6,106.56,592.12,3.191,102.66,32.35,2.879,27.688,23.61,17.665,0.839,145.33,8.049,68.0,116.93,0.9427,0.7903,0.4397,39.03,0.5599,1,Lubrication Issue,Warning,0.3195,991.78,Inspect affected subsystem,95.98
2026-01-01T02:53:20,M006,Cruise,15594.9,22.21,60.4,2893.9,113.13,604.85,3.285,108.24,33.69,3.042,27.294,23.21,17.724,0.853,155.86,8.214,68.24,121.06,0.9474,0.7949,0.4387,39.13,0.5423,0,Lubrication Issue,Normal,0.3191,1001.24,No action,96.95
2026-01-01T02:53:30,M006,High Altitude,24447.6,-17.93,75.94,3110.4,120.68,635.49,3.035,112.58,36.62,3.202,27.498,25.34,17.452,1.016,171.34,8.964,81.17,136.2,0.9425,0.7901,0.4419,38.81,0.6422,1,Lubrication Issue,Warning,0.3204,1001.24,Inspect affected subsystem,97.91
2026-01-01T02:53:40,M006,Rapid Throttle,13906.7,22.05,58.02,2832.5,108.67,603.2,3.256,105.04,33.59,3.013,27.345,23.16,17.754,0.848,153.79,8.366,66.98,117.3,0.9416,0.7901,0.4617,36.83,0.5965,1,Lubrication Issue,Warning,0.3289,966.92,Inspect affected subsystem,97.52
2026-01-01T02:53:50,M006,High Altitude,26673.0,-15.12,69.75,2989.5,117.71,611.02,3.317,108.61,35.32,2.975,27.592,24.96,17.727,0.927,163.64,8.65,78.57,129.44,0.9412,0.7893,0.4523,37.77,0.5209,0,Lubrication Issue,Normal,0.3248,980.89,No action,97.93
2026-01-01T02:54:00,M006,High Altitude,24042.9,-33.73,69.64,3008.6,115.46,617.47,3.163,104.65,35.6,3.224,27.475,24.08,17.578,0.907,164.07,8.708,75.85,129.45,0.9418,0.7897,0.4478,38.22,0.5629,1,Lubrication Issue,Warning,0.3229,987.61,Inspect affected subsystem,98.42
2026-01-01T02:54:10,M006,Rapid Throttle,13095.7,34.93,82.94,3249.3,132.03,671.58,2.974,122.15,37.98,3.215,27.453,24.67,17.801,1.026,183.74,9.459,87.45,143.96,0.9439,0.7916,0.4429,38.71,0.6857,1,Lubrication Issue,Warning,0.3208,1003.03,Inspect affected subsystem,99.24
2026-01-01T02:54:20,M006,Rapid Throttle,11803.8,21.99,77.71,3174.2,120.86,639.28,3.19,112.25,36.85,3.225,27.646,24.85,17.636,0.965,185.1,8.873,82.56,138.18,0.9426,0.7908,0.453,37.7,0.635,1,Lubrication Issue,Warning,0.3251,973.09,Inspect affected subsystem,99.38
2026-01-01T02:54:30,M006,Cruise,16009.4,21.84,62.45,2950.9,111.1,606.72,3.2,105.69,34.42,2.936,27.429,24.58,17.707,0.848,159.11,8.457,71.82,123.04,0.9464,0.7943,0.4468,38.32,0.4846,0,Lubrication Issue,Normal,0.3224,1010.82,No action,95.16
2026-01-01T02:54:40,M006,Endurance,17317.6,9.84,57.53,2889.1,108.05,588.88,3.33,102.92,32.07,2.963,27.174,23.62,17.53,0.806,150.75,8.32,67.57,116.23,0.9397,0.7873,0.4399,39.01,0.5247,0,Lubrication Issue,Normal,0.3196,1010.25,No action,99.11
2026-01-01T02:54:50,M006,Rapid Throttle,9649.8,23.47,72.78,3048.3,120.29,634.24,3.27,109.11,35.78,3.01,27.457,25.33,17.681,0.945,173.94,8.926,81.02,132.94,0.9424,0.7906,0.4552,37.48,0.5799,1,Lubrication Issue,Warning,0.326,982.51,Inspect affected subsystem,98.02
2026-01-01T02:55:00,M006,Endurance,17309.2,22.12,62.49,2916.4,108.56,612.83,3.268,106.71,33.71,2.967,27.606,24.11,17.563,0.831,160.24,8.532,71.59,121.39,0.9396,0.7872,0.4406,38.94,0.5299,0,Lubrication Issue,Normal,0.3199,988.4,No action,99.03
2026-01-01T02:55:10,M006,Cruise,17197.7,21.73,62.24,2944.6,110.72,618.85,3.102,107.56,34.42,2.94,27.277,23.65,17.432,0.914,151.76,8.201,70.11,122.39,0.9443,0.7929,0.4642,36.58,0.5146,0,Lubrication Issue,Normal,0.33,966.87,No action,95.8
2026-01-01T02:55:20,M006,Rapid Throttle,6943.9,20.46,81.11,3176.3,116.13,646.42,3.089,111.37,37.37,3.208,27.239,25.1,17.619,0.994,181.82,9.216,89.49,142.03,0.9439,0.7916,0.4429,38.71,0.5795,1,Lubrication Issue,Warning,0.3208,1016.59,Inspect affected subsystem,97.4
2026-01-01T02:55:30,M006,Endurance,20294.8,11.68,55.95,2776.2,106.95,600.02,3.277,97.13,32.07,2.963,27.471,24.29,17.652,0.806,145.5,7.942,64.4,114.35,0.9385,0.7865,0.4497,38.03,0.4914,0,Lubrication Issue,Normal,0.3237,995.35,No action,95.91
2026-01-01T02:55:40,M006,Hot Weather,15396.2,35.26,65.6,3043.1,118.88,640.05,3.299,113.75,34.38,2.868,27.267,24.96,17.64,0.891,161.15,8.82,70.63,123.53,0.9349,0.7831,0.4547,37.53,0.5035,0,Lubrication Issue,Normal,0.3258,981.64,No action,99.16
2026-01-01T02:55:50,M006,Cruise,15346.6,26.77,73.17,3014.9,119.77,650.48,2.946,115.8,36.43,3.086,27.141,24.87,17.673,0.934,173.26,8.724,81.91,134.5,0.9469,0.7946,0.4423,38.77,0.5738,1,Lubrication Issue,Warning,0.3205,1017.59,Inspect affected subsystem,96.57
2026-01-01T02:56:00,M006,Rapid Throttle,9683.9,29.94,82.82,3221.7,123.64,667.47,3.047,119.71,38.49,3.039,27.483,26.11,17.505,0.997,188.65,9.157,88.46,143.55,0.9426,0.7907,0.4532,37.68,0.6196,1,Lubrication Issue,Warning,0.3251,988.63,Inspect affected subsystem,96.37
2026-01-01T02:56:10,M006,Endurance,16387.6,11.66,56.99,2849.9,108.96,579.75,3.336,101.31,32.66,2.981,27.183,23.69,17.626,0.817,151.42,8.085,66.46,115.82,0.9406,0.7879,0.4325,39.75,0.4965,0,Lubrication Issue,Normal,0.3166,1030.96,No action,97.11
2026-01-01T02:56:20,M006,Rapid Throttle,6763.0,25.9,42.96,2650.3,97.46,556.29,3.381,99.46,29.57,2.774,27.436,23.29,17.781,0.74,121.91,7.535,57.68,101.88,0.9439,0.7916,0.4427,38.73,0.5079,0,Lubrication Issue,Normal,0.3207,1013.14,No action,97.98
2026-01-01T02:56:30,M006,Rapid Throttle,7374.4,33.58,85.95,3301.2,131.14,680.89,2.959,122.13,38.45,3.339,27.241,26.15,17.671,1.005,191.9,9.295,87.83,146.73,0.9422,0.7905,0.4568,37.32,0.6809,1,Lubrication Issue,Warning,0.3267,972.76,Inspect affected subsystem,98.98
2026-01-01T02:56:40,M006,High Altitude,23651.2,-20.15,63.78,2933.3,111.32,605.44,3.202,106.29,33.35,3.005,27.284,23.25,17.348,0.899,163.18,8.473,74.48,123.24,0.9415,0.7895,0.4501,37.99,0.5176,0,Lubrication Issue,Normal,0.3238,996.23,No action,95.87
2026-01-01T02:56:50,M006,Hot Weather,15590.2,45.42,63.13,2928.8,121.94,655.81,3.172,122.66,33.18,2.983,27.302,24.24,17.569,0.878,158.05,8.53,70.08,120.67,0.9334,0.7821,0.4675,36.25,0.5271,0,Lubrication Issue,Normal,0.3315,957.7,No action,96.93
2026-01-01T02:57:00,M006,Rapid Throttle,11862.2,31.95,68.95,3029.3,119.25,651.7,3.173,117.19,35.26,2.99,27.415,23.88,17.44,0.934,164.55,8.827,75.92,128.74,0.9415,0.79,0.4623,36.77,0.5479,0,Lubrication Issue,Normal,0.3292,974.57,No action,95.3
2026-01-01T02:57:10,M006,Endurance,15234.4,18.92,78.58,3157.7,122.8,652.69,3.012,110.29,37.82,3.151,27.512,26.39,17.753,0.975,178.93,9.183,83.7,137.95,0.9386,0.7866,0.4489,38.11,0.6614,1,Lubrication Issue,Warning,0.3233,997.46,Inspect affected subsystem,97.91
2026-01-01T02:57:20,M006,High Altitude,22411.8,-31.0,64.18,2981.1,115.86,612.8,3.064,108.49,34.12,3.039,27.407,23.76,17.549,0.879,158.64,8.381,69.8,123.35,0.9399,0.7885,0.4631,36.69,0.5627,1,Lubrication Issue,Warning,0.3295,974.26,Inspect affected subsystem,96.63
2026-01-01T02:57:30,M006,Hot Weather,13972.8,39.15,72.11,3060.9,124.09,655.42,3.104,122.84,35.99,3.011,27.572,24.72,17.715,0.981,173.6,8.932,80.77,130.52,0.9361,0.7839,0.4446,38.54,0.5943,1,Lubrication Issue,Warning,0.3215,993.96,Inspect affected subsystem,97.09
2026-01-01T02:57:40,M006,Rapid Throttle,15614.8,21.81,86.28,3263.4,126.62,680.08,2.928,115.59,38.98,3.009,27.468,26.17,17.773,1.026,191.83,9.278,92.61,147.14,0.9425,0.7906,0.4546,37.54,0.5757,1,Lubrication Issue,Warning,0.3258,981.14,Inspect affected subsystem,98.04
2026-01-01T02:57:50,M006,Endurance,15866.2,18.36,51.83,2791.2,102.73,572.96,3.474,102.84,32.08,2.846,27.594,23.26,17.49,0.807,142.29,7.974,64.74,110.09,0.9387,0.7866,0.4483,38.17,0.495,0,Lubrication Issue,Normal,0.3231,987.34,No action,98.2
2026-01-01T02:58:00,M006,Rapid Throttle,6123.7,25.92,60.46,2929.8,110.93,613.13,3.214,108.51,33.11,3.08,27.458,24.37,17.46,0.857,156.67,8.026,71.27,119.96,0.9421,0.7904,0.4577,37.23,0.5578,1,Lubrication Issue,Warning,0.3271,963.65,Inspect affected subsystem,99.85
2026-01-01T02:58:10,M006,High Altitude,27075.8,-7.7,60.27,2933.7,109.82,607.97,3.168,101.25,33.12,3.17,27.441,24.17,17.732,0.855,153.79,8.379,67.77,119.65,0.9419,0.7898,0.4467,38.33,0.5827,1,Lubrication Issue,Warning,0.3224,988.15,Inspect affected subsystem,99.63
2026-01-01T02:58:20,M006,Rapid Throttle,9446.7,32.16,67.04,3038.8,118.47,637.52,3.245,115.87,34.68,3.043,27.193,24.27,17.482,0.899,165.77,8.477,75.03,126.93,0.9425,0.7906,0.4545,37.55,0.5154,0,Lubrication Issue,Normal,0.3257,975.04,No action,97.44
2026-01-01T02:58:30,M006,High Altitude,27012.5,-20.66,62.46,2905.4,109.16,609.94,4.158,93.99,33.5,2.269,27.305,24.12,17.848,0.865,152.69,8.156,70.46,121.47,0.9395,0.7882,0.4667,53.33,0.0742,0,Normal,Normal,0.0811,951.48,No action,98.44
2026-01-01T02:58:40,M006,Hot Weather,8033.0,46.73,58.66,2839.9,117.51,642.79,4.256,107.44,32.12,2.116,27.384,23.09,17.74,0.85,158.83,8.316,65.52,116.32,0.9348,0.783,0.456,54.4,0.0587,0,Normal,Normal,0.0764,992.06,No action,95.88
2026-01-01T02:58:50,M006,Rapid Throttle,7008.2,29.19,56.06,2856.6,111.83,598.3,4.4,96.04,31.73,2.304,27.376,23.28,17.69,0.842,149.43,8.303,63.83,115.37,0.9422,0.7905,0.4564,54.36,0.0973,0,Normal,Normal,0.0765,998.56,No action,96.33
2026-01-01T02:59:00,M006,Cruise,10243.5,17.11,59.77,2889.4,106.38,597.84,4.162,93.81,31.87,2.362,27.316,23.44,17.516,0.86,154.25,8.477,70.57,119.78,0.9442,0.7928,0.4649,53.51,0.0654,0,Normal,Normal,0.0803,960.45,No action,96.37
2026-01-01T02:59:10,M006,High Altitude,27933.8,-32.88,79.07,3121.7,122.34,630.73,4.081,103.14,37.65,2.519,27.328,25.53,17.638,1.035,181.95,8.72,87.17,139.3,0.9416,0.7896,0.4489,55.11,0.1884,0,Normal,Normal,0.0733,996.22,No action,96.17
2026-01-01T02:59:20,M006,Rapid Throttle,14011.7,21.39,68.26,3017.1,114.84,624.46,4.182,99.35,35.25,2.284,27.343,24.7,17.696,0.887,167.02,8.41,75.78,127.87,0.9408,0.7896,0.468,53.2,0.0668,0,Normal,Normal,0.0818,944.36,No action,99.08
2026-01-01T02:59:30,M006,Cruise,13826.0,19.2,71.37,3049.9,117.0,632.92,4.211,99.97,34.91,2.386,27.504,25.36,17.702,0.951,171.24,8.654,79.91,132.21,0.9451,0.7934,0.4571,54.29,0.1136,0,Normal,Normal,0.0769,961.6,No action,99.33
2026-01-01T02:59:40,M006,Hot Weather,17601.0,36.11,39.8,2592.3,100.21,576.01,4.459,91.43,27.04,1.963,27.321,23.25,17.507,0.668,124.59,7.261,54.08,96.71,0.9341,0.7826,0.4614,53.86,0.0771,0,Normal,Normal,0.0788,974.93,No action,97.68
2026-01-01T02:59:50,M006,Cruise,14296.4,27.0,65.51,2986.5,116.6,617.98,4.313,102.87,33.92,2.547,27.482,23.49,17.681,0.888,165.3,8.503,73.89,125.85,0.9443,0.7929,0.4638,53.62,0.1663,0,Normal,Normal,0.0799,961.34,No action,97.99
2026-01-01T03:00:00,M006,Endurance,17478.4,16.37,56.02,2801.8,109.29,585.38,4.413,91.6,31.53,2.121,27.265,23.15,17.566,0.812,145.62,8.228,66.79,114.19,0.9373,0.7857,0.4601,53.99,0.0185,0,Normal,Normal,0.0782,969.43,No action,95.52
2026-01-01T03:00:10,M006,Cruise,13746.1,19.19,63.81,2930.1,107.64,603.17,4.349,94.47,33.54,2.09,27.471,23.49,17.614,0.854,160.95,8.702,72.13,124.09,0.9445,0.793,0.4625,53.75,0.0187,0,Normal,Normal,0.0792,962.41,No action,95.36
2026-01-01T03:00:20,M006,High Altitude,29787.5,-30.8,56.23,2832.0,104.57,586.3,4.309,91.4,32.45,2.122,27.5,23.29,17.743,0.804,142.49,8.025,70.12,115.33,0.9414,0.7894,0.4506,54.94,0.1049,0,Normal,Normal,0.0741,991.51,No action,98.45
2026-01-01T03:00:30,M006,Hot Weather,12334.0,44.04,66.57,2971.4,124.23,664.04,4.028,106.34,34.6,2.468,27.395,23.97,17.817,0.888,159.14,8.561,77.41,124.43,0.9344,0.7828,0.4588,54.12,0.154,0,Normal,Normal,0.0776,975.69,No action,95.8
2026-01-01T03:00:40,M006,Hot Weather,14007.2,38.39,56.04,2808.7,114.64,608.1,4.343,103.81,31.72,2.236,27.347,23.07,17.718,0.823,148.55,8.123,65.94,113.45,0.9339,0.7824,0.4634,53.66,0.1165,0,Normal,Normal,0.0797,958.09,No action,99.7
2026-01-01T03:00:50,M006,Rapid Throttle,12893.4,25.51,83.65,3300.5,127.85,672.77,3.965,109.08,39.46,2.48,27.594,26.23,17.853,1.045,185.16,9.518,88.95,144.71,0.9439,0.7916,0.4426,55.74,0.2313,0,Normal,Normal,0.0707,999.62,No action,98.95
2026-01-01T03:01:00,M006,High Altitude,23644.0,-17.24,81.1,3173.1,123.69,651.01,3.947,106.15,37.84,2.743,27.44,26.01,17.932,1.006,186.06,9.306,84.56,141.23,0.9408,0.789,0.4562,54.38,0.1408,0,Normal,Normal,0.0765,992.29,No action,98.78
2026-01-01T03:01:10,M006,Endurance,18244.2,20.29,49.79,2727.6,103.94,571.14,4.297,88.53,31.9,2.191,27.498,23.3,17.383,0.76,138.41,7.576,61.12,107.57,0.9364,0.7851,0.4672,53.28,0.0701,0,Normal,Normal,0.0814,956.04,No action,99.47
2026-01-01T03:01:20,M006,Rapid Throttle,9473.4,23.09,75.18,3144.0,118.79,635.08,4.072,101.21,36.57,2.477,27.297,25.57,17.504,0.929,175.7,9.044,80.32,135.61,0.943,0.791,0.4498,55.02,0.1208,0,Normal,Normal,0.0737,992.94,No action,98.7
2026-01-01T03:01:30,M006,Endurance,18923.4,10.29,54.54,2743.6,107.34,583.16,4.085,91.55,31.39,2.396,27.322,23.22,17.606,0.81,142.31,8.102,62.86,112.43,0.9361,0.7849,0.4702,52.98,0.0709,0,Normal,Normal,0.0828,953.9,No action,96.07
2026-01-01T03:01:40,M006,Rapid Throttle,7212.8,23.8,93.67,3385.0,128.47,703.36,4.006,113.35,41.25,2.356,27.157,26.44,17.861,1.105,199.21,9.582,96.9,154.81,0.9421,0.7904,0.4573,54.27,0.1985,0,Normal,Normal,0.0769,973.55,No action,95.31
2026-01-01T03:01:50,M006,Cruise,10995.0,27.38,56.34,2807.8,107.32,605.63,4.249,96.09,32.62,2.188,27.344,23.48,17.547,0.876,151.53,7.99,66.14,116.21,0.9445,0.793,0.4628,53.72,0.0591,0,Normal,Normal,0.0794,971.82,No action,95.37
2026-01-01T03:02:00,M006,Endurance,22427.2,19.51,50.9,2720.6,99.21,575.05,4.38,87.57,31.25,2.394,27.166,23.27,17.662,0.804,148.19,7.69,63.73,108.99,0.938,0.7861,0.4544,54.56,0.1212,0,Normal,Normal,0.0757,990.65,No action,97.69
2026-01-01T03:02:10,M006,Endurance,21284.0,12.56,46.43,2712.6,100.03,572.47,4.411,86.32,29.29,2.177,27.364,23.0,17.532,0.726,130.99,7.848,62.01,104.18,0.9371,0.7855,0.462,53.8,0.035,0,Normal,Normal,0.079,965.33,No action,99.33
2026-01-01T03:02:20,M006,Hot Weather,10649.9,37.52,65.75,2964.3,117.66,644.19,4.154,109.27,33.99,2.409,27.295,24.61,17.655,0.93,162.24,8.55,75.21,123.76,0.9353,0.7834,0.4515,54.85,0.1491,0,Normal,Normal,0.0744,976.87,No action,95.23
2026-01-01T03:02:30,M006,Rapid Throttle,8165.8,34.54,84.46,3251.4,130.7,680.96,3.872,113.9,38.55,2.453,27.258,25.28,17.741,1.044,191.41,9.007,90.08,145.24,0.9425,0.7907,0.4538,54.62,0.2279,0,Normal,Normal,0.0754,1016.96,No action,96.94
2026-01-01T03:02:40,M006,High Altitude,24490.7,-21.38,64.4,2954.5,111.38,613.73,4.292,98.23,34.26,2.308,27.389,23.5,17.56,0.901,160.78,8.425,71.46,123.37,0.9389,0.7878,0.4714,52.86,0.1307,0,Normal,Normal,0.0833,924.48,No action,98.26
2026-01-01T03:02:50,M006,High Altitude,25308.2,-16.38,62.29,2936.3,109.92,592.96,4.25,97.81,33.68,2.618,27.413,23.9,17.627,0.869,157.18,8.061,69.32,121.51,0.9406,0.7889,0.4574,54.26,0.1313,0,Normal,Normal,0.077,977.07,No action,95.23
2026-01-01T03:03:00,M006,Endurance,20252.7,11.49,61.43,2950.1,109.69,596.86,4.147,94.37,33.92,2.415,27.263,24.35,17.553,0.831,152.46,8.362,71.59,119.55,0.9359,0.7848,0.4713,52.87,0.0866,0,Normal,Normal,0.0833,956.32,No action,97.3
2026-01-01T03:03:10,M006,Cruise,10314.9,24.93,72.41,3094.4,120.85,628.46,4.192,104.9,35.62,2.489,27.531,24.62,17.751,0.999,166.6,8.764,78.18,133.1,0.9442,0.7928,0.4647,53.53,0.1504,0,Normal,Normal,0.0803,966.63,No action,97.22
2026-01-01T03:03:20,M006,Rapid Throttle,14359.3,31.27,65.48,3014.2,118.43,638.88,4.212,102.58,34.89,2.51,27.34,23.76,17.507,0.856,162.9,8.405,75.59,125.11,0.9415,0.79,0.4622,53.78,0.2016,0,Normal,Normal,0.0791,978.18,No action,98.61
2026-01-01T03:03:30,M006,High Altitude,24851.0,-5.53,65.67,2940.2,113.16,600.51,4.113,97.11,34.61,2.262,27.369,23.72,17.721,0.96,161.17,8.543,73.84,124.71,0.939,0.7878,0.4712,52.88,0.1491,0,Normal,Normal,0.0832,961.79,No action,96.11
2026-01-01T03:03:40,M006,High Altitude,29622.6,-8.27,53.15,2782.5,105.14,579.97,4.163,88.55,31.49,2.273,27.329,23.5,17.819,0.824,148.52,7.944,64.31,111.91,0.9404,0.7888,0.4592,54.08,0.0486,0,Normal,Normal,0.0778,968.72,No action,100.0
2026-01-01T03:03:50,M006,Endurance,14461.8,21.42,51.62,2711.6,106.29,584.19,4.08,92.71,31.85,2.257,27.617,22.41,17.472,0.825,137.14,7.893,62.83,109.16,0.9347,0.784,0.4818,51.82,0.0779,0,Normal,Normal,0.0883,932.8,No action,99.78
2026-01-01T03:04:00,M006,Hot Weather,12451.4,46.28,71.75,3028.1,133.08,677.5,4.214,117.91,36.32,2.561,27.148,24.76,17.888,0.923,171.1,8.856,79.82,129.53,0.9333,0.782,0.4684,53.16,0.2017,0,Normal,Normal,0.082,958.74,No action,98.49
2026-01-01T03:04:10,M006,Cruise,12997.3,23.09,56.64,2868.6,106.18,593.1,4.153,97.54,31.94,2.346,27.45,23.58,17.781,0.843,149.56,8.127,68.08,116.37,0.9437,0.7924,0.4695,53.05,0.1299,0,Normal,Normal,0.0824,938.3,No action,97.38
2026-01-01T03:04:20,M006,High Altitude,25688.2,-34.8,74.28,3101.7,115.62,641.78,3.915,99.94,37.32,2.461,27.564,24.06,17.659,0.94,175.7,8.659,82.23,133.52,0.9382,0.7873,0.4777,52.23,0.1288,0,Normal,Normal,0.0863,945.21,No action,99.51
2026-01-01T03:04:30,M006,Endurance,20673.6,19.39,65.4,2930.5,112.51,606.38,3.987,96.23,34.35,2.281,27.527,23.89,17.577,0.944,156.82,8.598,74.63,123.88,0.937,0.7855,0.4627,53.73,0.0821,0,Normal,Normal,0.0793,983.51,No action,97.4
2026-01-01T03:04:40,M006,Rapid Throttle,7417.4,20.61,81.69,3222.4,121.89,658.17,3.89,102.93,37.4,2.381,27.446,25.81,17.643,0.989,185.19,9.247,85.95,141.67,0.9397,0.7888,0.4778,52.22,0.1393,0,Normal,Normal,0.0864,935.35,No action,96.0
2026-01-01T03:04:50,M006,Cruise,10711.7,27.31,64.37,2947.1,115.42,615.16,4.102,102.46,34.81,2.353,27.434,24.08,17.69,0.864,161.57,8.395,74.79,124.47,0.9434,0.7923,0.4713,52.87,0.0826,0,Normal,Normal,0.0833,954.08,No action,97.73
2026-01-01T03:05:00,M006,Rapid Throttle,10562.8,34.33,77.64,3178.4,125.16,676.42,4.058,109.13,38.32,2.465,27.222,24.87,17.43,0.964,179.95,8.797,84.31,137.58,0.9403,0.7892,0.4726,52.74,0.2101,0,Normal,Normal,0.0839,971.74,No action,98.06
2026-01-01T03:05:10,M006,Cruise,15999.8,18.96,53.14,2824.4,103.76,565.41,4.363,93.37,31.37,2.058,27.478,23.68,17.507,0.785,142.57,7.711,64.54,112.71,0.9438,0.7925,0.4684,53.16,0.0003,0,Normal,Normal,0.0819,935.16,No action,99.55
2026-01-01T03:05:20,M006,Cruise,16534.0,29.95,77.28,3180.6,124.46,657.09,4.039,107.49,37.06,2.6,27.272,25.1,17.625,0.977,181.03,8.979,82.86,137.59,0.9414,0.7909,0.4887,51.13,0.1618,0,Normal,Normal,0.0917,953.35,No action,98.65
2026-01-01T03:05:30,M006,High Altitude,25264.3,-33.91,70.52,3057.0,116.7,604.5,4.116,97.99,35.61,2.338,27.376,25.08,17.461,0.937,167.76,8.664,79.09,129.67,0.9385,0.7875,0.475,52.5,0.1191,0,Normal,Normal,0.085,952.55,No action,98.51
2026-01-01T03:05:40,M006,Endurance,20002.5,16.69,59.73,2878.0,108.39,595.78,4.264,94.2,32.96,2.518,27.394,23.56,17.627,0.829,152.2,8.112,71.64,117.6,0.935,0.7841,0.4795,52.05,0.1334,0,Normal,Normal,0.0872,934.53,No action,95.65
2026-01-01T03:05:50,M006,Hot Weather,8648.7,39.03,61.41,2884.1,123.43,637.64,4.11,107.98,33.71,2.287,27.233,24.15,17.474,0.892,152.59,8.398,73.01,118.83,0.9331,0.7819,0.4698,53.02,0.1692,0,Normal,Normal,0.0826,927.67,No action,98.27
2026-01-01T03:06:00,M006,Cruise,16832.1,27.82,67.18,3038.5,114.44,623.72,4.217,102.5,34.32,2.493,27.23,24.21,17.598,0.892,164.3,8.468,75.05,127.32,0.9429,0.7919,0.4757,52.43,0.0862,0,Normal,Normal,0.0853,949.58,No action,97.16
2026-01-01T03:06:10,M006,Endurance,15807.6,8.55,67.54,3030.3,110.87,614.36,4.201,98.47,34.89,2.405,27.497,24.74,17.54,0.904,166.47,8.694,77.99,125.93,0.9361,0.7849,0.4697,53.03,0.1151,0,Normal,Normal,0.0826,942.81,No action,99.54
2026-01-01T03:06:20,M006,High Altitude,22059.6,-21.76,77.84,3079.2,119.89,626.45,3.875,102.55,37.56,2.493,27.316,24.76,17.564,0.958,178.46,9.023,84.24,137.1,0.9376,0.7869,0.4823,51.77,0.1698,0,Normal,Normal,0.0886,932.91,No action,97.89
2026-01-01T03:06:30,M006,High Altitude,29658.7,-22.6,77.49,3137.3,119.91,638.26,3.962,105.97,36.84,2.44,27.163,24.55,17.794,0.986,175.85,9.055,82.81,137.13,0.9393,0.788,0.4681,53.19,0.1474,0,Normal,Normal,0.0818,953.41,No action,98.52
2026-01-01T03:06:40,M006,Hot Weather,17881.1,45.96,58.73,2830.8,118.98,636.91,4.306,106.61,32.56,2.341,27.354,23.9,17.453,0.851,144.77,8.136,67.21,115.96,0.9325,0.7815,0.4749,52.51,0.1133,0,Normal,Normal,0.085,952.14,No action,95.78
2026-01-01T03:06:50,M006,Endurance,15840.1,14.6,57.01,2831.9,104.69,594.73,4.178,94.3,32.68,2.242,27.656,23.61,17.667,0.806,147.0,8.014,67.03,115.12,0.9367,0.7853,0.4646,53.54,0.0676,0,Normal,Normal,0.0802,964.28,No action,97.2
2026-01-01T03:07:00,M006,Cruise,12893.6,17.29,63.23,2885.1,106.66,589.63,4.134,94.02,33.95,2.464,27.189,23.52,17.418,0.878,158.81,8.183,71.98,122.81,0.9412,0.7908,0.4902,50.98,0.1351,0,Normal,Normal,0.0925,960.24,No action,98.53
2026-01-01T03:07:10,M006,Hot Weather,9558.3,43.94,71.11,3108.5,124.85,663.87,4.038,111.43,36.37,2.187,27.371,24.6,17.366,0.963,169.99,8.588,77.98,128.92,0.9335,0.7822,0.4667,53.33,0.1219,0,Normal,Normal,0.0812,954.5,No action,97.62
2026-01-01T03:07:20,M006,High Altitude,23685.7,-20.36,74.31,3060.0,119.26,630.99,4.01,97.87,36.47,2.412,27.255,25.12,17.792,0.963,178.57,9.133,78.28,133.76,0.9391,0.7879,0.4697,53.03,0.1207,0,Normal,Normal,0.0825,957.34,No action,98.23
2026-01-01T03:07:30,M006,Endurance,17784.3,19.78,51.24,2655.7,104.62,579.73,4.31,89.53,32.39,2.254,27.403,23.28,17.907,0.79,136.4,7.827,62.29,109.08,0.9365,0.7852,0.4668,53.32,0.1185,0,Normal,Normal,0.0812,955.31,No action,98.38
2026-01-01T03:07:40,M006,Cruise,10376.4,16.52,67.86,2994.1,116.19,620.89,4.222,98.37,33.83,2.285,27.374,24.73,17.6,0.948,164.06,8.822,76.16,127.96,0.9426,0.7917,0.4787,52.13,0.1065,0,Normal,Normal,0.0868,933.3,No action,96.0
2026-01-01T03:07:50,M006,Cruise,16115.1,20.46,64.07,2907.5,109.19,605.0,4.283,94.86,34.14,2.506,27.438,24.21,17.676,0.857,157.57,8.515,75.68,124.05,0.9429,0.792,0.4756,52.44,0.1291,0,Normal,Normal,0.0853,954.12,No action,99.91
2026-01-01T03:08:00,M006,High Altitude,24561.6,-14.29,74.95,3136.0,119.56,646.09,4.159,98.58,35.94,2.553,27.448,24.66,17.691,1.016,174.56,8.594,81.71,133.89,0.9367,0.7863,0.4899,51.01,0.1939,0,Normal,Normal,0.0923,935.55,No action,98.44
2026-01-01T03:08:10,M006,Hot Weather,15155.3,37.42,74.16,3093.2,126.3,666.58,4.038,117.52,36.35,2.666,27.168,25.02,17.781,0.945,173.36,8.877,80.35,131.84,0.9325,0.7815,0.4753,52.47,0.1785,0,Normal,Normal,0.0852,956.86,No action,99.87
2026-01-01T03:08:20,M006,Rapid Throttle,13541.3,33.03,88.04,3314.3,132.88,683.5,3.866,116.46,39.31,2.804,27.309,25.99,17.716,1.056,192.71,9.415,90.78,148.15,0.939,0.7883,0.4832,51.68,0.2673,0,Normal,Normal,0.089,930.0,No action,97.83
2026-01-01T03:08:30,M006,Hot Weather,9795.2,37.2,53.93,2792.0,111.72,621.91,4.399,102.25,32.28,2.406,27.319,23.29,17.593,0.81,144.34,7.991,64.43,110.83,0.9315,0.7808,0.4834,51.66,0.0628,0,Normal,Normal,0.0891,926.97,No action,99.7
2026-01-01T03:08:40,M006,Endurance,19018.0,9.65,59.06,2825.2,109.27,593.24,4.155,91.21,31.04,2.289,27.264,23.19,17.419,0.825,154.9,8.084,71.29,116.73,0.934,0.7835,0.4871,51.29,0.1191,0,Normal,Normal,0.0909,923.89,No action,99.18
2026-01-01T03:08:50,M006,High Altitude,29438.8,-18.59,70.65,3042.3,114.77,624.7,4.239,99.65,34.89,2.39,27.367,24.49,17.601,0.958,169.45,8.641,78.6,129.93,0.9391,0.7879,0.4702,52.98,0.0873,0,Normal,Normal,0.0828,938.39,No action,95.84
2026-01-01T03:09:00,M006,Hot Weather,11516.4,40.27,54.44,2783.8,113.65,632.34,4.312,102.7,31.37,2.3,27.341,22.97,17.5,0.83,146.29,8.176,65.23,111.31,0.9313,0.7807,0.485,51.5,0.0423,0,Normal,Normal,0.0899,914.54,No action,99.5
2026-01-01T03:09:10,M006,Endurance,18021.2,10.36,52.29,2718.1,104.58,578.8,4.272,88.37,31.67,2.49,27.221,22.36,17.657,0.806,143.35,7.909,63.84,109.79,0.9344,0.7837,0.4844,51.56,0.1107,0,Normal,Normal,0.0896,917.37,No action,98.85
2026-01-01T03:09:20,M006,Hot Weather,15285.3,37.37,64.87,2917.4,118.88,641.56,3.869,110.03,34.32,2.555,27.327,24.39,17.564,0.87,158.51,8.214,74.11,122.24,0.9323,0.7813,0.4769,52.31,0.2035,0,Normal,Normal,0.0859,943.39,No action,98.73
2026-01-01T03:09:30,M006,Rapid Throttle,13657.9,28.78,48.95,2707.7,104.0,581.82,4.328,93.19,30.91,2.248,27.242,22.73,17.635,0.802,136.68,7.555,64.67,107.35,0.9391,0.7884,0.4825,51.75,0.0868,0,Normal,Normal,0.0886,940.18,No action,98.44
2026-01-01T03:09:40,M006,Cruise,10452.2,16.75,58.31,2849.6,111.46,580.59,4.122,97.9,33.18,2.408,27.216,22.7,17.727,0.849,153.81,8.129,69.75,117.59,0.9409,0.7906,0.4929,50.71,0.0802,0,Normal,Normal,0.0938,927.2,No action,96.3
2026-01-01T03:09:50,M006,Endurance,15052.5,11.65,71.57,3070.7,113.4,620.19,4.167,99.43,35.09,2.37,27.46,24.73,17.582,0.927,168.92,8.815,78.51,129.66,0.934,0.7835,0.4875,51.25,0.0666,0,Normal,Normal,0.0911,923.42,No action,95.49
2026-01-01T03:10:00,M006,Hot Weather,12409.3,46.47,74.04,3051.2,126.48,670.7,4.119,119.8,36.63,2.568,27.446,24.96,17.599,0.899,172.63,8.628,81.32,131.58,0.9318,0.781,0.4807,51.93,0.24,0,Normal,Normal,0.0877,922.09,No action,99.76
2026-01-01T03:10:10,M006,Hot Weather,8257.1,47.35,56.75,2777.7,118.66,656.29,4.172,108.42,33.41,2.509,27.348,24.16,17.529,0.858,148.77,8.085,65.81,113.63,0.931,0.7805,0.4875,51.25,0.1372,0,Normal,Normal,0.0911,910.94,No action,95.68
2026-01-01T03:10:20,M006,Hot Weather,15989.8,43.17,72.6,3081.9,127.36,672.35,4.044,112.02,36.18,2.533,27.409,25.47,17.615,0.957,174.44,8.873,79.96,130.0,0.9314,0.7807,0.4844,51.56,0.2459,0,Normal,Normal,0.0896,936.69,No action,97.6
2026-01-01T03:10:30,M006,Rapid Throttle,12388.7,23.96,70.76,3024.7,114.96,633.36,3.968,102.23,35.89,2.358,27.466,23.64,17.369,0.908,168.62,8.728,78.67,129.82,0.9377,0.7875,0.4944,50.56,0.1128,0,Normal,Normal,0.0946,912.2,No action,95.81
2026-01-01T03:10:40,M006,High Altitude,28737.5,-13.45,69.17,3044.0,113.9,607.43,4.051,96.25,36.95,2.347,27.207,24.61,17.808,0.869,166.9,8.413,77.16,128.02,0.9373,0.7867,0.4847,51.53,0.119,0,Normal,Normal,0.0897,929.49,No action,97.61
2026-01-01T03:10:50,M006,Hot Weather,12345.5,37.84,56.99,2827.4,114.29,627.32,4.31,103.46,31.86,2.436,27.352,23.89,17.432,0.856,146.39,8.129,65.31,114.07,0.932,0.7812,0.4793,52.07,0.0627,0,Normal,Normal,0.0871,916.25,No action,97.87
2026-01-01T03:11:00,M006,Cruise,12857.8,19.9,56.22,2835.1,107.74,591.48,4.111,93.73,31.28,2.098,27.318,23.76,17.678,0.813,147.17,7.913,69.04,115.45,0.9411,0.7908,0.4906,50.94,0.0487,0,Normal,Normal,0.0926,909.12,No action,98.13
2026-01-01T03:11:10,M006,Endurance,21637.8,13.35,62.71,2924.1,108.38,606.51,4.16,99.55,34.97,2.43,27.253,24.2,17.575,0.888,157.96,8.205,74.5,120.45,0.9338,0.7833,0.4894,51.06,0.0895,0,Normal,Normal,0.092,915.97,No action,97.71
2026-01-01T03:11:20,M006,Rapid Throttle,14519.2,30.28,73.13,3096.2,119.96,653.3,3.96,105.73,35.76,2.418,27.218,25.32,17.544,0.984,176.58,8.709,79.23,132.46,0.9385,0.788,0.4877,51.23,0.1419,0,Normal,Normal,0.0912,922.24,No action,97.2
2026-01-01T03:11:30,M006,Cruise,17530.8,19.8,71.26,3027.5,113.33,613.41,4.001,99.92,36.51,2.367,27.42,24.45,17.42,0.947,169.84,8.686,79.1,131.51,0.9424,0.7916,0.4797,52.03,0.1047,0,Normal,Normal,0.0873,928.75,No action,95.57
2026-01-01T03:11:40,M006,Cruise,14204.6,20.24,65.97,2981.1,113.25,615.72,4.297,97.08,35.29,2.158,27.601,24.41,17.818,0.902,159.66,8.328,74.71,125.52,0.9404,0.7903,0.4968,50.32,0.0657,0,Normal,Normal,0.0958,920.18,No action,98.49
2026-01-01T03:11:50,M006,Hot Weather,14048.9,44.51,53.53,2825.5,117.22,632.14,4.505,104.76,31.5,2.162,27.371,23.0,17.638,0.76,146.58,7.837,65.0,110.53,0.9321,0.7812,0.4782,52.18,0.072,0,Normal,Normal,0.0865,948.02,No action,95.57
2026-01-01T03:12:00,M006,High Altitude,24646.6,-31.67,85.96,3237.3,124.24,664.45,3.773,107.31,38.53,2.635,27.446,24.99,17.408,1.058,195.2,9.446,90.53,145.4,0.937,0.7865,0.4877,51.23,0.2063,0,Normal,Normal,0.0912,913.45,No action,96.27
2026-01-01T03:12:10,M006,Cruise,12003.2,19.22,62.86,2907.7,113.3,600.56,4.42,95.93,33.23,2.537,27.325,24.03,17.972,0.856,154.65,8.579,69.98,122.58,0.9419,0.7913,0.4838,51.62,0.1159,0,Normal,Normal,0.0893,930.31,No action,97.08
2026-01-01T03:12:20,M006,Cruise,13823.9,26.96,64.41,2971.6,116.3,623.25,4.275,101.89,34.16,2.525,27.267,24.71,17.493,0.909,158.99,8.122,71.15,124.25,0.9422,0.7914,0.482,51.8,0.0997,0,Normal,Normal,0.0884,945.32,No action,96.88
2026-01-01T03:12:30,M006,Cruise,12210.4,21.49,51.13,2740.2,110.06,584.22,4.499,94.42,31.04,2.282,27.244,22.7,17.583,0.781,140.36,8.035,63.66,110.15,0.9413,0.7909,0.4888,51.12,0.0913,0,Normal,Normal,0.0918,903.92,No action,98.27
2026-01-01T03:12:40,M006,Cruise,13006.0,21.35,69.52,3047.0,117.57,638.22,4.063,100.29,35.7,2.284,27.371,24.65,17.478,0.914,172.65,8.73,77.9,129.21,0.9403,0.7902,0.4979,50.21,0.0886,0,Normal,Normal,0.0964,908.2,No action,98.51
2026-01-01T03:12:50,M006,Hot Weather,11500.5,44.33,63.09,2913.1,120.68,655.76,4.037,112.11,34.48,2.124,27.359,24.72,17.565,0.819,160.64,8.181,72.13,120.19,0.9312,0.7806,0.4861,51.39,0.0758,0,Normal,Normal,0.0904,941.2,No action,99.45
2026-01-01T03:13:00,M006,Endurance,18145.8,13.41,63.45,2925.7,111.42,598.64,4.232,95.04,34.44,2.425,27.329,24.14,17.717,0.897,158.09,8.364,74.08,121.33,0.9344,0.7837,0.4846,51.54,0.1211,0,Normal,Normal,0.0896,930.87,No action,98.03
2026-01-01T03:13:10,M006,Hot Weather,13675.1,46.41,66.51,2933.7,124.19,647.81,3.902,111.61,33.46,2.435,27.305,23.87,17.644,0.879,165.41,8.72,75.9,123.5,0.9302,0.78,0.4942,50.58,0.1356,0,Normal,Normal,0.0945,926.11,No action,95.05
2026-01-01T03:13:20,M006,High Altitude,25375.7,-22.84,55.2,2732.4,109.92,584.42,4.337,91.07,31.09,2.349,27.758,22.85,17.42,0.797,148.29,8.029,65.97,113.32,0.9365,0.7861,0.4919,50.81,0.1016,0,Normal,Normal,0.0933,907.38,No action,99.94
2026-01-01T03:13:30,M006,High Altitude,24822.3,-16.76,74.43,3143.7,115.16,632.83,4.026,99.78,35.88,2.695,27.386,24.56,17.748,0.953,171.71,8.785,80.05,133.47,0.9372,0.7866,0.486,51.4,0.1463,0,Normal,Normal,0.0903,914.64,No action,96.58
2026-01-01T03:13:40,M006,High Altitude,26454.3,-18.8,54.98,2787.6,103.26,560.68,4.39,91.65,31.94,2.262,27.324,22.94,17.461,0.826,146.36,7.962,65.2,113.02,0.9361,0.7859,0.4951,50.49,0.0882,0,Normal,Normal,0.0949,895.43,No action,96.02
2026-01-01T03:13:50,M006,Cruise,13130.5,19.56,57.54,2866.5,105.27,590.25,4.264,93.36,33.57,2.211,27.233,23.22,17.463,0.84,149.48,8.142,69.38,116.75,0.9407,0.7905,0.4939,50.61,0.0576,0,Normal,Normal,0.0944,926.06,No action,96.67
2026-01-01T03:14:00,M006,Cruise,12007.5,21.22,58.56,2882.8,105.63,602.89,4.175,94.95,32.98,2.375,27.299,23.97,17.514,0.874,155.86,7.974,66.91,117.93,0.9412,0.7908,0.4898,51.02,0.0782,0,Normal,Normal,0.0923,909.73,No action,99.2
2026-01-01T03:14:10,M006,Rapid Throttle,9280.1,21.34,73.6,3067.4,118.76,640.1,4.059,99.93,36.14,2.569,27.31,25.47,17.818,0.952,171.31,8.67,80.31,132.67,0.9372,0.7871,0.4984,50.16,0.1429,0,Normal,Normal,0.0967,930.33,No action,96.67
2026-01-01T03:14:20,M006,Cruise,14501.8,27.79,50.75,2747.1,104.93,577.05,4.295,96.55,31.96,2.383,27.251,22.55,17.769,0.844,137.64,7.774,60.76,109.33,0.939,0.7893,0.5085,49.15,0.1228,0,Normal,Normal,0.102,890.89,No action,98.27
2026-01-01T03:14:30,M006,Hot Weather,17729.7,37.45,56.58,2866.2,113.54,618.35,4.129,104.21,32.63,2.51,27.484,23.25,17.497,0.815,144.8,8.42,68.12,113.33,0.9303,0.78,0.4931,50.69,0.1446,0,Normal,Normal,0.094,925.78,No action,99.85
2026-01-01T03:14:40,M006,High Altitude,26393.1,-22.19,63.07,2923.2,111.5,601.67,4.164,94.68,33.33,2.542,27.336,23.87,17.598,0.847,154.31,8.3,71.19,121.18,0.9349,0.7851,0.5051,49.49,0.1126,0,Normal,Normal,0.1002,881.78,No action,95.97
2026-01-01T03:14:50,M006,High Altitude,24085.1,-13.23,63.7,2929.1,113.68,596.93,4.151,95.22,33.64,2.293,27.192,23.44,17.595,0.869,158.39,8.439,73.73,122.28,0.9371,0.7866,0.4864,51.36,0.1446,0,Normal,Normal,0.0905,942.14,No action,96.0
2026-01-01T03:15:00,M006,Hot Weather,16945.9,46.04,58.81,2807.6,122.9,633.8,4.196,107.94,32.85,2.521,27.418,24.61,17.687,0.861,151.75,8.039,68.99,115.49,0.9296,0.7796,0.499,50.1,0.1231,0,Normal,Normal,0.097,918.51,No action,96.45
2026-01-01T03:15:10,M006,Endurance,16319.8,9.21,52.34,2725.0,103.23,572.56,4.282,90.42,31.6,2.235,27.623,22.82,17.581,0.798,140.21,7.854,63.31,109.63,0.9332,0.783,0.4941,50.59,0.1147,0,Normal,Normal,0.0944,907.3,No action,99.79
2026-01-01T03:15:20,M006,Endurance,20618.3,17.5,49.76,2701.7,99.32,576.54,4.278,91.23,29.98,2.387,27.356,21.63,17.776,0.761,139.64,7.773,59.72,107.21,0.9346,0.7839,0.4826,51.74,0.0682,0,Normal,Normal,0.0887,966.89,No action,99.64
2026-01-01T03:15:30,M006,High Altitude,23699.6,-26.4,55.04,2819.7,106.97,584.94,4.182,94.97,31.98,2.213,27.224,23.3,17.606,0.791,147.78,7.706,65.83,113.0,0.9357,0.7856,0.4987,50.13,0.0565,0,Normal,Normal,0.0968,904.34,No action,98.46
2026-01-01T03:15:40,M006,Cruise,11786.1,20.12,60.9,2926.1,112.35,607.69,4.13,92.64,33.36,2.469,27.375,24.34,17.537,0.89,154.09,8.302,69.54,120.32,0.9409,0.7906,0.4923,50.77,0.0927,0,Normal,Normal,0.0935,926.91,No action,95.46
2026-01-01T03:15:50,M006,High Altitude,25024.6,-27.01,66.98,2954.7,116.78,610.0,3.999,97.9,35.33,2.195,27.503,24.14,17.553,0.902,160.58,8.271,76.3,125.46,0.936,0.7858,0.4959,50.41,0.0626,0,Normal,Normal,0.0954,922.37,No action,95.14
2026-01-01T03:16:00,M006,Endurance,22560.7,24.34,42.64,2606.6,101.07,572.62,4.351,86.82,29.84,2.379,27.229,22.1,17.58,0.707,130.9,7.482,54.27,99.73,0.9339,0.7834,0.4883,51.17,0.1255,0,Normal,Normal,0.0915,923.65,No action,96.69
2026-01-01T03:16:10,M006,Rapid Throttle,8233.4,27.64,60.7,2883.9,116.22,612.37,4.062,94.99,34.14,2.537,27.178,23.38,17.551,0.81,149.49,8.41,72.59,119.01,0.936,0.7863,0.5082,49.18,0.1091,0,Normal,Normal,0.1019,888.48,No action,98.42
2026-01-01T03:16:20,M006,Endurance,18024.3,24.23,44.49,2676.4,100.11,555.68,4.366,91.42,29.11,2.389,27.589,21.93,17.592,0.705,128.99,7.556,55.84,101.51,0.9331,0.7829,0.4949,50.51,0.1009,0,Normal,Normal,0.0949,901.65,No action,95.54
2026-01-01T03:16:30,M006,High Altitude,24756.3,-14.15,66.84,2985.1,114.46,610.87,4.036,96.76,34.65,2.472,27.165,24.77,17.877,0.908,166.52,8.411,72.6,125.3,0.9359,0.7858,0.4968,50.32,0.1193,0,Normal,Normal,0.0958,882.23,No action,99.07
2026-01-01T03:16:40,M006,High Altitude,29291.5,-16.61,63.12,2935.5,110.63,605.27,4.163,95.12,34.6,2.667,27.399,24.09,17.661,0.847,158.01,8.286,74.41,121.45,0.936,0.7858,0.496,50.4,0.132,0,Normal,Normal,0.0954,919.4,No action,95.93
2026-01-01T03:16:50,M006,Rapid Throttle,12542.4,27.87,73.0,3088.9,123.27,650.9,3.994,104.35,37.13,2.482,27.458,24.34,17.461,0.973,169.08,8.81,82.36,131.85,0.9363,0.7865,0.506,49.4,0.1829,0,Normal,Normal,0.1007,877.1,No action,99.11
2026-01-01T03:17:00,M006,Rapid Throttle,6780.3,21.55,65.33,2973.7,115.06,621.18,4.362,96.3,34.67,2.404,27.232,23.6,17.507,0.909,155.82,8.382,73.22,123.97,0.9367,0.7868,0.5021,49.79,0.1155,0,Normal,Normal,0.0986,898.75,No action,95.96
2026-01-01T03:17:10,M006,High Altitude,29977.8,-32.06,78.17,3240.4,119.9,636.71,3.961,102.73,37.69,2.552,27.203,24.64,17.745,1.052,176.07,9.167,87.13,136.99,0.9356,0.7856,0.4992,50.08,0.1335,0,Normal,Normal,0.0971,917.71,No action,99.48
2026-01-01T03:17:20,M006,Cruise,10638.4,24.9,61.38,2856.3,110.49,598.9,4.115,98.81,34.19,2.348,27.316,24.06,17.503,0.889,149.35,8.218,74.85,120.88,0.9412,0.7908,0.4902,50.98,0.0675,0,Normal,Normal,0.0924,926.16,No action,97.27
2026-01-01T03:17:30,M006,Endurance,15475.0,10.48,65.16,2924.2,111.48,609.6,4.168,92.88,34.49,2.679,27.466,23.75,17.417,0.867,158.59,8.546,76.02,122.81,0.9329,0.7828,0.4965,50.35,0.1661,0,Normal,Normal,0.0957,908.09,No action,95.35
2026-01-01T03:17:40,M006,Cruise,10754.3,16.83,55.71,2807.1,110.59,594.54,4.333,96.22,31.65,2.307,27.54,23.4,17.607,0.825,143.19,7.947,64.94,114.58,0.9394,0.7896,0.5053,49.47,0.0696,0,Normal,Normal,0.1003,904.21,No action,99.76
2026-01-01T03:17:50,M006,Rapid Throttle,7202.0,20.68,66.84,2969.8,114.48,614.23,4.209,92.19,35.67,2.396,27.291,23.84,17.541,0.902,170.5,8.502,74.11,125.37,0.936,0.7863,0.5087,49.13,0.1037,0,Normal,Normal,0.1022,877.01,No action,98.75
2026-01-01T03:18:00,M006,Hot Weather,10956.9,38.02,53.65,2763.3,114.62,607.64,4.324,101.32,31.23,2.254,27.459,23.75,17.92,0.759,143.06,8.003,63.86,110.03,0.9287,0.7789,0.507,49.3,0.069,0,Normal,Normal,0.1012,892.22,No action,99.36
2026-01-01T03:18:10,M006,Cruise,12661.6,22.43,60.77,2906.7,111.74,599.34,4.099,96.11,32.96,2.342,27.493,23.58,17.465,0.845,151.18,8.146,70.62,120.3,0.9415,0.791,0.4873,51.27,0.0957,0,Normal,Normal,0.091,920.07,No action,96.45
2026-01-01T03:18:20,M006,Endurance,23480.7,10.88,64.5,2941.8,112.08,613.83,4.117,97.91,33.28,2.545,27.185,24.03,17.674,0.849,158.31,8.477,75.24,122.22,0.9334,0.7831,0.4927,50.73,0.1337,0,Normal,Normal,0.0937,929.78,No action,98.22
2026-01-01T03:18:30,M006,High Altitude,24256.3,-34.45,57.8,2873.9,107.54,588.27,3.981,91.31,32.28,2.457,27.312,23.49,17.469,0.803,151.84,8.041,68.49,115.7,0.9348,0.7851,0.5056,49.44,0.1312,0,Normal,Normal,0.1005,876.74,No action,98.76
2026-01-01T03:18:40,M006,High Altitude,28639.7,-6.31,69.15,3051.3,117.33,621.85,3.929,98.12,33.94,2.511,27.513,23.88,17.562,0.924,171.18,8.674,77.33,127.95,0.9371,0.7866,0.4863,51.37,0.1175,0,Normal,Normal,0.0905,913.5,No action,95.82
2026-01-01T03:18:50,M006,Endurance,22694.3,17.32,59.73,2825.4,108.37,586.88,4.28,96.81,33.14,2.251,27.37,23.53,17.569,0.888,150.78,8.228,68.63,117.21,0.9329,0.7828,0.4965,50.35,0.0752,0,Normal,Normal,0.0957,913.14,No action,95.51
2026-01-01T03:19:00,M006,Rapid Throttle,14103.6,29.59,88.42,3365.3,132.11,700.78,3.942,111.9,39.48,2.706,27.209,25.44,17.601,1.047,186.68,9.344,92.54,147.64,0.9353,0.7859,0.5144,48.56,0.2401,0,Normal,Normal,0.1053,886.23,No action,98.84
2026-01-01T03:19:10,M006,High Altitude,26304.2,-7.01,70.49,3011.2,115.92,629.35,4.168,97.15,36.54,2.528,27.286,23.78,17.607,0.905,165.28,8.513,80.03,128.93,0.9351,0.7853,0.503,49.7,0.1247,0,Normal,Normal,0.0991,924.46,No action,97.09
2026-01-01T03:19:20,M006,Rapid Throttle,11602.6,30.59,73.9,3075.2,125.02,648.77,3.965,107.88,37.22,2.55,27.34,24.88,17.48,0.937,171.45,8.476,80.17,132.79,0.9363,0.7865,0.5058,49.42,0.2215,0,Normal,Normal,0.1006,900.82,No action,99.99
2026-01-01T03:19:30,M006,Cruise,16274.8,16.85,56.43,2860.6,106.89,579.4,4.308,91.39,33.33,2.109,27.34,23.42,17.494,0.803,148.32,8.014,72.02,115.34,0.9394,0.7896,0.5047,49.53,0.0571,0,Normal,Normal,0.1,876.27,No action,96.3
2026-01-01T03:19:40,M006,High Altitude,27136.6,-10.28,63.88,2880.1,115.22,597.38,4.279,96.86,34.13,2.401,27.044,23.73,17.595,0.921,160.13,8.452,75.04,121.87,0.9341,0.7846,0.5114,48.86,0.0987,0,Normal,Normal,0.1036,868.89,No action,96.43
2026-01-01T03:19:50,M006,Cruise,13964.5,24.53,51.69,2768.0,105.86,573.57,4.322,95.57,31.52,2.43,27.27,22.61,17.677,0.766,143.53,8.026,63.42,110.29,0.9389,0.7893,0.5091,49.09,0.1607,0,Normal,Normal,0.1024,882.1,No action,97.12
2026-01-01T03:20:00,M007,Hot Weather,15967.6,42.9,69.46,3002.2,128.0,656.72,4.045,110.99,34.88,2.655,27.519,24.61,17.485,0.937,168.67,8.611,78.25,126.06,0.928,0.7785,0.5128,48.72,0.1654,0,Normal,Normal,0.1044,848.46,No action,97.13
2026-01-01T03:20:10,M007,Endurance,17354.6,15.25,56.51,2841.5,109.81,573.97,4.164,95.25,33.36,2.22,27.511,23.99,17.858,0.826,149.03,7.759,63.83,114.26,0.9349,0.7841,0.4801,51.99,0.0876,0,Normal,Normal,0.0875,959.62,No action,99.23
2026-01-01T03:20:20,M007,Cruise,13071.0,18.51,51.88,2737.2,102.14,570.95,4.28,89.92,31.85,2.531,27.298,23.55,17.521,0.773,138.54,7.957,62.88,110.43,0.9386,0.7891,0.5118,48.82,0.1293,0,Normal,Normal,0.1038,878.11,No action,98.34
2026-01-01T03:20:30,M007,High Altitude,25548.7,-24.29,72.59,3089.2,118.7,637.33,3.955,100.33,36.77,2.321,27.568,24.19,17.512,0.909,169.68,8.834,79.39,130.94,0.9344,0.7848,0.5093,49.07,0.1568,0,Normal,Normal,0.1025,894.53,No action,98.28
2026-01-01T03:20:40,M007,Rapid Throttle,9179.6,20.37,68.23,2983.3,115.37,617.48,4.248,97.81,35.73,2.686,27.282,23.14,17.702,0.948,166.86,8.39,76.83,127.19,0.9377,0.7875,0.494,50.6,0.1316,0,Normal,Normal,0.0944,906.45,No action,95.82
2026-01-01T03:20:50,M007,High Altitude,24009.4,-5.19,69.32,3007.0,118.71,611.62,4.126,100.62,35.61,2.396,27.094,24.39,17.508,0.926,165.01,8.557,76.43,127.71,0.9352,0.7853,0.5028,49.72,0.1454,0,Normal,Normal,0.099,885.9,No action,96.29
2026-01-01T03:21:00,M007,Rapid Throttle,10427.3,29.02,86.86,3296.9,129.8,670.3,3.807,113.95,40.46,2.83,27.238,25.87,17.352,1.072,185.52,9.159,91.55,145.61,0.9336,0.7847,0.5283,47.17,0.2898,0,Normal,Normal,0.1132,845.0,No action,96.36
2026-01-01T03:21:10,M007,Rapid Throttle,12543.8,23.25,70.03,3020.4,116.5,639.35,4.051,101.06,34.75,2.588,27.27,25.12,17.567,0.901,170.92,8.593,75.97,128.59,0.9355,0.786,0.5129,48.71,0.1518,0,Normal,Normal,0.1044,861.91,No action,99.81
2026-01-01T03:21:20,M007,High Altitude,22777.7,-6.18,65.09,3020.2,109.38,617.34,4.14,93.86,34.82,2.421,27.145,23.6,17.702,0.905,164.81,8.683,75.13,122.85,0.9328,0.7837,0.5225,47.75,0.1046,0,Normal,Normal,0.1099,873.71,No action,97.2
2026-01-01T03:21:30,M007,Endurance,15721.6,19.48,52.56,2717.3,106.24,560.41,4.347,90.84,32.01,2.178,27.536,23.8,17.518,0.8,144.61,7.785,63.41,109.75,0.9326,0.7826,0.4989,50.11,0.0917,0,Normal,Normal,0.0969,905.13,No action,97.49
2026-01-01T03:21:40,M007,Hot Weather,16756.4,36.69,68.12,3000.4,124.27,652.16,4.045,109.55,33.53,2.581,27.283,24.49,17.636,0.927,165.83,8.651,75.5,124.79,0.9284,0.7788,0.5089,49.11,0.2061,0,Normal,Normal,0.1022,866.41,No action,97.55
2026-01-01T03:21:50,M007,Endurance,22552.4,9.38,57.04,2825.5,108.61,583.26,4.139,91.08,33.25,2.214,27.334,24.15,17.611,0.798,151.55,8.189,69.67,114.21,0.9317,0.782,0.5063,49.37,0.0422,0,Normal,Normal,0.1009,876.01,No action,95.24
2026-01-01T03:22:00,M007,Hot Weather,12700.1,42.9,61.46,2876.8,122.14,657.35,4.237,108.56,32.74,2.673,27.395,23.95,17.375,0.896,149.68,8.572,71.57,117.97,0.9284,0.7788,0.5089,49.11,0.1457,0,Normal,Normal,0.1023,884.29,No action,99.87
2026-01-01T03:22:10,M007,High Altitude,23068.2,-11.69,65.4,2970.1,111.06,611.19,4.117,97.7,34.18,2.459,27.532,24.31,17.484,0.874,158.05,8.252,74.73,123.62,0.935,0.7852,0.504,49.6,0.1381,0,Normal,Normal,0.0996,896.78,No action,96.8
2026-01-01T03:22:20,M007,Endurance,23267.2,15.19,59.85,2839.9,108.32,599.62,4.038,91.46,33.57,2.433,27.154,23.49,17.539,0.912,149.94,8.297,70.91,117.25,0.9325,0.7825,0.5,50.0,0.0596,0,Normal,Normal,0.0975,884.49,No action,99.35
2026-01-01T03:22:30,M007,Endurance,15814.6,24.9,68.5,3012.8,115.87,643.2,3.965,104.16,35.27,2.691,27.37,24.31,17.662,0.933,160.72,8.38,76.58,125.59,0.9297,0.7806,0.5232,47.68,0.1333,0,Normal,Normal,0.1103,857.83,No action,95.94
2026-01-01T03:22:40,M007,Cruise,12282.9,23.41,49.54,2643.6,105.06,558.71,4.368,89.14,30.16,2.366,27.437,23.39,17.715,0.818,144.14,7.71,63.13,107.96,0.9385,0.789,0.5128,48.72,0.1239,0,Normal,Normal,0.1044,861.77,No action,96.48
2026-01-01T03:22:50,M007,Hot Weather,14645.1,37.8,61.83,2963.0,116.24,638.81,4.125,104.61,32.73,2.319,27.529,24.68,17.836,0.892,158.07,8.292,70.6,118.41,0.9287,0.7789,0.5069,49.31,0.1224,0,Normal,Normal,0.1012,884.4,No action,96.85
2026-01-01T03:23:00,M007,Cruise,13954.6,26.73,56.72,2891.5,108.68,596.23,4.185,94.46,31.84,2.223,27.183,23.47,17.572,0.784,146.79,8.115,67.48,115.61,0.9392,0.7895,0.5063,49.37,0.0799,0,Normal,Normal,0.1009,881.13,No action,95.92
2026-01-01T03:23:10,M007,Hot Weather,11401.9,44.09,61.01,2847.3,117.87,644.48,4.163,109.27,33.56,2.383,27.627,23.17,17.582,0.864,155.95,8.394,73.5,117.57,0.9287,0.779,0.5066,49.34,0.1359,0,Normal,Normal,0.101,882.2,No action,95.12
2026-01-01T03:23:20,M007,Rapid Throttle,14534.8,22.33,73.11,3055.4,119.76,639.36,4.084,106.44,37.8,2.41,27.585,23.78,17.624,0.931,168.44,8.833,83.81,131.55,0.9344,0.7853,0.5217,47.83,0.1366,0,Normal,Normal,0.1094,854.75,No action,96.0
2026-01-01T03:23:30,M007,Endurance,14090.8,14.41,56.39,2810.9,105.72,567.81,4.02,92.29,33.24,2.527,27.337,23.03,17.607,0.773,151.55,8.268,66.89,113.57,0.9319,0.7821,0.505,49.5,0.0854,0,Normal,Normal,0.1001,891.3,No action,97.63
2026-01-01T03:23:40,M007,Cruise,11362.2,18.67,64.94,2869.1,116.58,616.57,4.186,95.72,34.89,2.247,27.31,24.48,17.51,0.885,160.53,8.675,73.48,124.33,0.9398,0.7899,0.5015,49.85,0.0921,0,Normal,Normal,0.0983,879.73,No action,99.12
2026-01-01T03:23:50,M007,High Altitude,25088.1,-29.5,63.19,2925.8,109.82,590.19,4.242,98.52,34.58,2.575,27.615,23.4,17.635,0.866,159.46,8.376,72.33,121.17,0.9342,0.7846,0.5109,48.91,0.1144,0,Normal,Normal,0.1033,895.8,No action,95.82
2026-01-01T03:24:00,M007,Hot Weather,11900.7,36.0,60.44,2839.5,117.67,626.26,4.13,99.19,32.66,2.588,27.165,23.41,17.582,0.85,150.4,8.39,68.62,116.64,0.9269,0.7778,0.5213,47.87,0.1729,0,Normal,Normal,0.1092,848.57,No action,97.62
2026-01-01T03:24:10,M007,High Altitude,29375.3,-18.68,63.93,2904.6,113.75,595.61,3.845,94.51,34.53,2.348,27.089,23.29,17.728,0.903,157.41,8.352,72.31,121.97,0.9344,0.7847,0.5095,49.05,0.1296,0,Normal,Normal,0.1026,870.67,No action,99.75
2026-01-01T03:24:20,M007,High Altitude,22839.0,-27.15,65.81,2917.8,112.13,620.71,4.157,98.24,34.85,2.426,27.312,23.97,17.777,0.886,160.37,8.232,73.29,123.88,0.9342,0.7846,0.5109,48.91,0.1091,0,Normal,Normal,0.1033,866.84,No action,96.67
2026-01-01T03:24:30,M007,Endurance,17615.3,22.39,66.13,2968.5,112.93,625.78,4.075,101.53,33.96,2.478,27.427,24.67,17.546,0.857,163.24,8.663,76.45,123.46,0.9312,0.7816,0.5107,48.93,0.1313,0,Normal,Normal,0.1032,901.05,No action,97.01
2026-01-01T03:24:40,M007,Hot Weather,12988.4,36.96,80.94,3190.3,130.08,710.67,4.089,113.01,37.87,2.74,27.386,25.64,17.537,0.985,184.64,9.221,86.28,137.86,0.9282,0.7786,0.5107,48.93,0.2751,0,Normal,Normal,0.1032,883.66,No action,97.29
2026-01-01T03:24:50,M007,Cruise,10012.1,23.92,62.92,2924.8,115.54,613.4,4.08,95.67,34.23,2.317,27.448,23.48,17.656,0.89,156.08,8.399,70.99,121.85,0.938,0.7887,0.5165,48.35,0.0957,0,Normal,Normal,0.1065,857.97,No action,98.86
2026-01-01T03:25:00,M007,Hot Weather,17198.8,37.36,58.52,2871.6,120.54,617.88,4.165,104.04,33.47,2.465,27.487,24.67,17.612,0.873,150.88,8.156,68.5,115.1,0.9291,0.7792,0.5033,49.67,0.0914,0,Normal,Normal,0.0993,897.56,No action,97.18
2026-01-01T03:25:10,M007,High Altitude,25894.5,-12.47,64.88,2993.7,114.35,597.23,4.047,97.03,34.85,2.325,27.225,23.38,17.565,0.898,156.5,8.23,72.72,122.87,0.934,0.7845,0.5125,48.75,0.1363,0,Normal,Normal,0.1042,863.52,No action,97.74
2026-01-01T03:25:20,M007,High Altitude,29673.5,-7.44,74.46,3045.7,118.71,629.33,3.973,101.58,36.57,2.582,27.421,24.12,17.611,0.965,172.82,8.942,80.15,132.42,0.9323,0.7834,0.5267,47.33,0.1924,0,Normal,Normal,0.1123,843.06,No action,95.84
2026-01-01T03:25:30,M007,Hot Weather,9268.3,35.78,72.09,3039.1,125.76,661.53,3.994,110.61,36.67,2.713,27.377,24.8,17.624,0.933,172.1,8.47,81.4,128.73,0.9278,0.7784,0.5139,48.61,0.2084,0,Normal,Normal,0.105,861.43,No action,95.1
2026-01-01T03:25:40,M007,High Altitude,22442.6,-11.26,64.64,2911.3,116.6,600.78,3.808,95.35,33.55,2.499,27.401,23.76,17.434,0.915,157.63,8.169,72.88,122.58,0.9338,0.7844,0.5143,48.57,0.1389,0,Normal,Normal,0.1052,886.35,No action,96.74
2026-01-01T03:25:50,M007,Rapid Throttle,6474.0,30.87,83.66,3268.7,125.83,669.83,3.711,113.73,37.22,2.542,27.324,25.18,17.594,1.032,186.12,9.122,88.2,142.33,0.9338,0.7849,0.5268,47.32,0.2175,0,Normal,Normal,0.1124,854.47,No action,96.48
2026-01-01T03:26:00,M007,Rapid Throttle,12862.7,34.24,84.94,3231.7,131.8,680.24,3.882,114.65,39.13,2.492,27.223,25.38,17.471,1.061,191.38,9.181,91.78,144.31,0.9365,0.7867,0.5041,49.59,0.2621,0,Normal,Normal,0.0997,867.19,No action,95.27
2026-01-01T03:26:10,M007,Hot Weather,15865.2,41.51,75.82,3090.9,130.59,680.55,4.049,117.4,37.08,2.449,27.43,24.14,17.596,0.975,179.52,8.691,84.74,132.18,0.9262,0.7773,0.5274,47.26,0.197,0,Normal,Normal,0.1127,818.33,No action,98.25
2026-01-01T03:26:20,M007,High Altitude,23453.4,-18.42,62.25,2930.5,108.8,599.02,4.232,97.45,33.41,2.509,27.409,24.36,17.541,0.856,157.78,8.388,72.68,119.85,0.9325,0.7835,0.5253,47.47,0.1381,0,Normal,Normal,0.1115,845.2,No action,99.04
2026-01-01T03:26:30,M007,Cruise,14245.6,29.67,54.44,2763.4,110.82,594.8,4.03,98.72,32.87,2.269,27.345,23.77,17.517,0.784,145.19,8.199,64.39,112.8,0.9369,0.788,0.5255,47.45,0.0755,0,Normal,Normal,0.1116,875.31,No action,98.41
2026-01-01T03:26:40,M007,Hot Weather,11282.1,42.13,66.2,2935.8,122.59,649.18,4.134,112.56,35.44,2.432,27.451,23.81,17.604,0.878,161.53,8.5,74.94,122.81,0.9284,0.7787,0.5095,49.05,0.1474,0,Normal,Normal,0.1026,894.05,No action,96.05
2026-01-01T03:26:50,M007,Endurance,15188.8,17.59,56.32,2811.5,106.74,585.95,4.196,95.57,32.68,2.459,27.259,23.23,17.575,0.795,144.25,8.172,68.45,113.2,0.9303,0.7811,0.5181,48.19,0.0694,0,Normal,Normal,0.1073,881.53,No action,96.89
2026-01-01T03:27:00,M007,Cruise,14855.9,25.44,58.94,2859.8,114.4,606.03,4.161,98.62,33.52,2.488,27.422,23.63,17.312,0.846,151.42,8.144,68.29,117.41,0.9365,0.7877,0.529,47.1,0.1561,0,Normal,Normal,0.1136,855.8,No action,98.52
2026-01-01T03:27:10,M007,High Altitude,26900.6,-33.94,78.08,3069.4,117.67,638.38,4.173,102.65,37.35,2.396,27.268,25.02,17.464,0.944,174.57,8.983,84.77,136.29,0.9329,0.7838,0.5216,47.84,0.109,0,Normal,Normal,0.1093,858.54,No action,97.81
2026-01-01T03:27:20,M007,Rapid Throttle,15686.1,21.54,66.91,2997.1,113.24,613.21,3.981,97.39,34.37,2.353,27.31,24.46,17.65,0.899,165.99,8.651,75.54,125.53,0.9363,0.7865,0.5058,49.42,0.1027,0,Normal,Normal,0.1006,896.48,No action,98.25
2026-01-01T03:27:30,M007,Hot Weather,16669.3,45.29,69.74,3051.5,125.95,661.83,3.952,116.28,35.05,2.431,27.235,23.88,17.594,0.929,171.56,8.621,77.37,125.93,0.9259,0.7771,0.5298,47.02,0.1307,0,Normal,Normal,0.1141,857.96,No action,99.14
2026-01-01T03:27:40,M007,Cruise,12019.8,26.49,77.23,3097.1,119.94,664.69,3.855,110.01,37.79,2.567,27.216,25.44,17.675,0.921,174.83,9.108,80.97,136.64,0.9374,0.7883,0.5218,47.82,0.1874,0,Normal,Normal,0.1095,846.75,No action,98.73
2026-01-01T03:27:50,M007,Rapid Throttle,8465.3,32.25,75.69,3105.3,124.43,662.26,3.954,107.75,36.52,2.543,27.539,24.61,17.8,0.952,176.09,8.797,83.66,134.4,0.9351,0.7858,0.5154,48.46,0.1738,0,Normal,Normal,0.1059,881.98,No action,99.57
2026-01-01T03:28:00,M007,High Altitude,28649.0,-24.66,81.2,3248.0,120.73,643.39,3.975,102.24,37.95,2.468,27.509,24.82,17.57,1.041,180.65,8.998,87.1,139.11,0.9312,0.7826,0.5362,46.38,0.1647,0,Normal,Normal,0.1179,835.44,No action,99.64
2026-01-01T03:28:10,M007,Hot Weather,12887.1,37.06,70.55,3046.6,125.5,638.84,3.968,111.19,36.08,2.611,27.252,23.71,17.572,0.957,170.79,8.607,80.08,126.81,0.9262,0.7773,0.5272,47.28,0.2331,0,Normal,Normal,0.1126,847.75,No action,97.71
2026-01-01T03:28:20,M007,Endurance,20105.7,14.9,55.99,2809.7,104.65,574.47,4.053,92.43,31.74,2.48,27.273,22.88,17.654,0.785,148.13,8.042,66.58,112.8,0.93,0.7808,0.521,47.9,0.1275,0,Normal,Normal,0.109,864.95,No action,96.43
2026-01-01T03:28:30,M007,High Altitude,24732.3,-29.32,62.28,2954.0,109.59,599.87,4.033,95.55,34.41,2.555,27.328,23.82,17.606,0.894,158.49,8.011,72.07,119.73,0.9317,0.783,0.5319,46.81,0.1237,0,Normal,Normal,0.1153,826.14,No action,95.63
2026-01-01T03:28:40,M007,High Altitude,27345.2,-27.62,70.86,3074.9,117.86,626.14,3.98,99.43,36.14,2.519,27.211,24.26,17.606,0.97,173.29,8.5,76.7,128.55,0.9316,0.7829,0.5325,46.75,0.1172,0,Normal,Normal,0.1157,868.95,No action,97.24
2026-01-01T03:28:50,M007,Rapid Throttle,7464.2,31.65,86.99,3224.7,136.17,690.99,3.836,115.02,39.94,2.853,27.143,25.85,17.479,1.031,189.0,9.251,88.89,145.45,0.9324,0.7839,0.5387,46.13,0.3385,0,Normal,Normal,0.1194,836.38,No action,96.94
2026-01-01T03:29:00,M007,Endurance,17741.7,16.14,74.01,3084.3,118.59,642.84,4.039,100.62,37.39,2.624,27.311,24.44,17.651,0.993,173.16,8.49,79.25,130.95,0.9283,0.7797,0.5346,46.54,0.1644,0,Normal,Normal,0.1169,838.39,No action,95.77
2026-01-01T03:29:10,M007,Hot Weather,17357.5,43.11,76.2,3136.4,127.37,685.91,3.981,116.64,37.49,2.556,27.385,23.9,17.446,0.986,179.36,8.836,82.41,132.41,0.9255,0.7768,0.5332,46.68,0.2021,0,Normal,Normal,0.1161,831.07,No action,99.44
2026-01-01T03:29:20,M007,Rapid Throttle,14833.3,24.67,71.01,3023.8,118.5,623.37,4.072,102.97,35.62,2.725,27.308,24.47,17.704,0.901,166.45,8.531,79.17,129.38,0.9344,0.7853,0.5215,47.85,0.2056,0,Normal,Normal,0.1093,858.83,No action,96.76
2026-01-01T03:29:30,M007,Endurance,14386.9,16.62,52.48,2758.2,103.83,588.42,4.279,88.46,29.89,2.373,27.314,23.15,17.658,0.801,138.8,7.748,64.98,108.97,0.9288,0.78,0.5312,46.88,0.1092,0,Normal,Normal,0.1149,844.26,No action,98.44
2026-01-01T03:29:40,M007,Cruise,11599.2,21.52,67.24,3002.4,121.08,619.2,3.93,97.89,35.9,2.527,27.376,24.16,17.592,0.884,162.28,8.544,76.42,125.83,0.9355,0.787,0.5374,46.26,0.1895,0,Normal,Normal,0.1186,839.42,No action,96.99
2026-01-01T03:29:50,M007,Rapid Throttle,12368.4,20.09,82.52,3237.2,119.87,648.9,3.958,106.46,37.81,2.705,27.431,25.25,17.739,1.062,187.98,9.157,89.17,141.18,0.9339,0.7849,0.5259,47.41,0.2082,0,Normal,Normal,0.1118,864.42,No action,99.86
2026-01-01T03:30:00,M007,High Altitude,25011.0,-34.35,50.38,2749.7,101.94,570.03,4.185,92.81,30.99,2.459,27.373,23.31,17.725,0.802,135.23,7.584,60.67,107.37,0.9312,0.7826,0.5362,46.38,0.1001,0,Normal,Normal,0.1179,817.83,No action,98.26
2026-01-01T03:30:10,M007,Hot Weather,17101.2,44.47,64.43,3008.1,126.64,645.12,4.171,115.94,34.76,2.481,27.259,23.59,17.781,0.869,161.41,8.331,75.29,120.36,0.9252,0.7766,0.5361,46.39,0.1942,0,Normal,Normal,0.1179,861.07,No action,95.32
2026-01-01T03:30:20,M007,Hot Weather,13733.6,46.76,70.18,3048.2,128.56,672.5,4.031,115.34,37.12,2.426,27.14,24.67,17.517,0.95,165.17,8.546,79.14,126.09,0.9245,0.7762,0.5413,45.87,0.1948,0,Normal,Normal,0.121,821.54,No action,96.64
2026-01-01T03:30:30,M007,Hot Weather,14499.8,42.63,69.82,3028.9,124.28,674.17,3.95,113.31,34.7,2.77,27.209,24.16,17.636,0.912,167.29,8.741,77.12,125.97,0.9258,0.777,0.5312,46.88,0.2212,0,Normal,Normal,0.1149,837.61,No action,98.55
2026-01-01T03:30:40,M007,Cruise,12169.9,16.05,64.7,2894.0,107.89,620.55,4.061,100.18,34.45,2.515,27.315,22.5,17.751,0.869,164.12,8.448,72.45,123.51,0.937,0.788,0.5246,47.54,0.0956,0,Normal,Normal,0.1111,854.84,No action,98.88
2026-01-01T03:30:50,M007,Rapid Throttle,10225.7,23.86,46.3,2675.7,102.24,554.37,4.243,91.9,30.06,2.132,27.41,22.33,17.496,0.795,136.08,7.054,60.17,103.56,0.9332,0.7844,0.532,46.8,0.0352,0,Normal,Normal,0.1154,819.57,No action,96.79
2026-01-01T03:31:00,M007,Endurance,21569.1,17.78,49.08,2693.1,100.83,569.06,4.134,88.55,30.54,2.333,27.349,23.41,17.693,0.714,130.91,7.636,60.11,105.66,0.9298,0.7807,0.5227,47.73,0.1055,0,Normal,Normal,0.11,851.52,No action,98.66
2026-01-01T03:31:10,M007,High Altitude,26869.7,-22.2,75.39,3107.2,118.18,642.01,4.016,98.95,36.45,2.568,27.34,24.14,17.528,1.006,177.36,8.645,82.26,133.46,0.9327,0.7836,0.5234,47.66,0.1101,0,Normal,Normal,0.1104,851.35,No action,98.66
2026-01-01T03:31:20,M007,Cruise,14517.3,20.25,55.42,2794.2,104.55,578.2,4.271,92.41,33.59,2.203,27.166,23.1,17.698,0.804,144.82,7.941,67.57,113.69,0.9362,0.7875,0.5313,46.87,0.0931,0,Normal,Normal,0.115,826.02,No action,95.39
2026-01-01T03:31:30,M007,Hot Weather,17770.7,37.62,72.27,3080.5,127.67,675.3,3.99,114.18,36.59,2.366,27.247,24.63,17.515,0.957,169.61,8.578,81.23,128.34,0.9251,0.7766,0.5363,46.37,0.1475,0,Normal,Normal,0.118,853.09,No action,96.46
2026-01-01T03:31:40,M007,High Altitude,25431.4,-27.16,67.23,2971.3,112.51,619.83,4.096,100.71,35.78,2.491,27.589,24.94,17.731,0.901,162.57,8.508,76.39,124.99,0.9325,0.7835,0.5253,47.47,0.0733,0,Normal,Normal,0.1115,840.23,No action,98.7
2026-01-01T03:31:50,M007,Endurance,15434.7,18.26,51.77,2817.0,102.92,576.4,4.268,90.42,30.98,2.29,27.142,22.43,17.537,0.8,136.11,7.878,64.88,108.32,0.9292,0.7803,0.5278,47.22,0.0959,0,Normal,Normal,0.1129,836.42,No action,97.7
2026-01-01T03:32:00,M007,Endurance,23608.9,11.41,59.42,2905.1,110.5,597.96,4.125,94.37,33.82,2.436,27.289,23.87,17.488,0.777,148.2,8.315,67.37,116.16,0.9291,0.7803,0.5279,47.21,0.0976,0,Normal,Normal,0.113,825.9,No action,99.15
2026-01-01T03:32:10,M007,High Altitude,23361.0,-8.41,64.74,2939.6,108.92,606.55,4.142,99.32,34.18,2.64,27.329,23.23,17.768,0.902,158.71,8.341,73.55,122.17,0.9312,0.7827,0.5356,46.44,0.1495,0,Normal,Normal,0.1175,834.16,No action,95.92
2026-01-01T03:32:20,M007,Rapid Throttle,10463.7,28.15,51.2,2697.2,106.07,590.46,4.367,93.74,31.47,2.343,27.488,23.59,17.43,0.767,139.2,7.871,61.69,108.51,0.9325,0.784,0.5372,46.28,0.0816,0,Normal,Normal,0.1185,819.29,No action,98.02
2026-01-01T03:32:30,M007,Endurance,22823.3,18.0,52.92,2767.0,106.77,577.48,4.242,88.25,31.73,2.321,27.29,22.8,17.498,0.803,142.0,8.12,63.62,109.27,0.9279,0.7794,0.5383,46.17,0.0657,0,Normal,Normal,0.1192,828.02,No action,97.04
2026-01-01T03:32:40,M007,Rapid Throttle,9711.0,23.52,57.2,2822.3,106.95,605.05,4.141,95.53,32.2,2.318,27.178,22.63,17.689,0.827,149.65,8.094,67.5,114.72,0.9326,0.7841,0.5366,46.34,0.0837,0,Normal,Normal,0.1182,836.28,No action,99.48
2026-01-01T03:32:50,M007,Rapid Throttle,7903.1,27.0,85.04,3247.0,126.59,664.87,3.92,109.44,39.25,2.601,27.309,25.39,17.583,1.064,188.51,9.371,91.5,143.71,0.9336,0.7847,0.5287,47.13,0.2175,0,Normal,Normal,0.1135,837.08,No action,95.86
2026-01-01T03:33:00,M007,Hot Weather,10438.3,47.29,64.03,2882.4,122.95,648.93,3.941,116.52,35.32,2.339,27.374,24.4,17.726,0.941,157.54,8.364,73.17,119.81,0.9244,0.7761,0.5423,45.77,0.1316,0,Normal,Normal,0.1216,836.37,No action,96.69
2026-01-01T03:33:10,M007,Rapid Throttle,6987.2,32.9,75.73,3154.1,123.69,660.54,4.077,111.99,36.93,2.788,27.309,24.39,17.555,0.961,172.72,8.895,82.91,133.73,0.932,0.7837,0.5418,45.82,0.2047,0,Normal,Normal,0.1213,828.48,No action,95.21
2026-01-01T03:33:20,M007,Endurance,20659.8,8.49,47.3,2460.5,101.78,524.15,4.565,85.58,31.02,4.092,27.41,22.67,17.52,0.769,131.63,7.62,59.92,83.19,0.926,0.7782,0.5542,24.58,0.5843,1,Misfire,Warning,0.3791,800.74,Inspect affected subsystem,99.64
2026-01-01T03:33:30,M007,Endurance,16573.8,10.86,52.55,2573.2,107.33,533.04,4.228,90.74,31.04,3.819,27.342,22.65,17.624,0.822,139.09,7.961,65.29,88.89,0.9279,0.7795,0.5381,26.19,0.5307,0,Misfire,Normal,0.3691,836.16,No action,97.89
2026-01-01T03:33:40,M007,Cruise,15573.4,17.56,60.19,2679.4,109.04,555.03,4.138,93.01,33.69,3.978,27.417,24.48,17.595,0.857,151.94,8.142,70.53,98.28,0.9344,0.7863,0.5468,25.32,0.5537,1,Misfire,Warning,0.3744,819.74,Inspect affected subsystem,95.25
2026-01-01T03:33:50,M007,Hot Weather,16331.5,45.7,50.43,2566.8,116.93,574.82,4.223,105.69,31.9,3.812,27.352,22.65,17.673,0.748,139.6,7.956,62.19,85.81,0.9234,0.7754,0.5507,24.93,0.573,1,Misfire,Warning,0.3769,804.31,Inspect affected subsystem,96.58
2026-01-01T03:34:00,M007,Cruise,11481.8,18.63,58.85,2658.6,111.39,551.61,4.235,90.5,33.93,3.959,27.201,22.67,17.476,0.831,156.15,8.467,68.87,96.89,0.9343,0.7862,0.5473,25.27,0.5503,1,Misfire,Warning,0.3747,810.28,Inspect affected subsystem,95.55
2026-01-01T03:34:10,M007,Rapid Throttle,14819.7,32.65,69.16,2779.1,120.79,598.72,4.058,104.74,36.18,3.891,27.153,23.84,17.618,0.854,162.68,8.541,77.74,107.15,0.9329,0.7843,0.5341,26.59,0.5936,1,Misfire,Warning,0.3667,862.26,Inspect affected subsystem,98.25
2026-01-01T03:34:20,M007,Rapid Throttle,10415.4,20.86,80.1,2948.9,120.54,598.2,4.017,102.27,39.14,4.261,27.42,24.67,17.496,0.939,183.21,8.692,86.53,118.1,0.9314,0.7833,0.5467,25.33,0.6867,1,Misfire,Warning,0.3744,817.94,Inspect affected subsystem,97.9
2026-01-01T03:34:30,M007,Hot Weather,15862.3,40.4,68.17,2799.0,125.42,596.2,4.342,112.48,34.4,4.012,27.428,23.16,17.642,0.917,163.83,9.03,75.88,104.14,0.925,0.7765,0.5374,26.26,0.6361,1,Misfire,Warning,0.3686,814.14,Inspect affected subsystem,98.2
2026-01-01T03:34:40,M007,Endurance,20919.7,12.79,63.7,2766.9,111.27,567.32,4.066,94.77,34.81,3.924,27.196,24.87,17.468,0.864,155.83,8.46,71.25,100.28,0.9278,0.7794,0.5392,26.08,0.5665,1,Misfire,Warning,0.3697,829.28,Inspect affected subsystem,95.48
2026-01-01T03:34:50,M007,Endurance,14098.6,17.5,59.49,2651.0,110.54,546.59,4.301,94.29,33.79,3.887,27.258,23.69,17.533,0.904,145.57,8.182,69.7,95.72,0.9265,0.7785,0.55,25.0,0.5373,0,Misfire,Normal,0.3765,816.76,No action,96.95
2026-01-01T03:35:00,M007,Cruise,13717.5,26.55,57.62,2734.2,112.6,557.09,4.256,96.16,33.3,3.699,27.346,22.73,17.597,0.85,151.48,7.987,69.02,95.74,0.935,0.7867,0.5414,25.86,0.5668,1,Misfire,Warning,0.3711,824.95,Inspect affected subsystem,98.05
2026-01-01T03:35:10,M007,Hot Weather,14073.8,42.97,64.28,2707.9,122.82,612.7,4.223,112.61,34.69,4.061,27.505,23.8,17.345,0.864,157.71,8.538,73.17,100.14,0.9248,0.7764,0.5391,26.09,0.6335,1,Misfire,Warning,0.3697,852.07,Inspect affected subsystem,97.84
2026-01-01T03:35:20,M007,High Altitude,26417.6,-16.68,62.35,2740.8,109.1,563.53,4.252,97.22,34.0,3.622,27.188,23.98,17.515,0.898,153.62,8.345,72.56,99.57,0.9305,0.7822,0.5413,25.87,0.5509,1,Misfire,Warning,0.371,842.98,Inspect affected subsystem,95.87
2026-01-01T03:35:30,M007,Rapid Throttle,12799.8,24.35,64.27,2767.1,117.24,575.6,4.208,97.44,33.76,4.258,27.304,23.35,17.544,0.88,163.14,8.383,75.9,101.79,0.9314,0.7833,0.5465,25.35,0.6081,1,Misfire,Warning,0.3743,808.52,Inspect affected subsystem,96.32
2026-01-01T03:35:40,M007,Cruise,16993.6,23.63,51.63,2546.4,107.3,532.93,4.367,94.05,32.56,3.837,27.223,22.97,17.421,0.776,138.46,8.069,63.0,89.4,0.9344,0.7862,0.547,25.3,0.5548,1,Misfire,Warning,0.3745,801.63,Inspect affected subsystem,95.57
2026-01-01T03:35:50,M007,Rapid Throttle,11265.7,31.83,69.13,2783.6,122.61,604.55,3.896,106.24,36.48,4.09,27.148,24.93,17.336,0.9,166.65,8.574,77.01,106.73,0.9311,0.7831,0.5492,25.08,0.6368,1,Misfire,Warning,0.376,819.14,Inspect affected subsystem,96.67
2026-01-01T03:36:00,M007,Cruise,12111.0,17.02,66.44,2854.9,115.3,567.19,4.149,98.72,34.78,3.856,27.439,23.83,17.607,0.899,163.49,8.519,75.76,104.77,0.9344,0.7863,0.5466,25.34,0.5864,1,Misfire,Warning,0.3743,803.15,Inspect affected subsystem,97.44
2026-01-01T03:36:10,M007,Endurance,16189.0,18.28,66.22,2852.5,116.26,561.34,4.209,101.3,32.78,4.286,27.335,23.77,17.396,0.975,161.34,8.487,76.23,103.06,0.9288,0.78,0.5306,26.94,0.6359,1,Misfire,Warning,0.3646,832.95,Inspect affected subsystem,96.83
2026-01-01T03:36:20,M007,Cruise,10045.5,16.15,69.3,2850.4,118.41,583.57,4.075,98.95,35.73,3.965,27.282,24.44,17.422,0.923,165.0,8.688,77.24,107.45,0.9331,0.7854,0.5577,24.23,0.6423,1,Misfire,Warning,0.3814,811.17,Inspect affected subsystem,98.75
2026-01-01T03:36:30,M007,Rapid Throttle,6309.4,24.74,61.93,2714.3,113.69,586.04,3.964,101.47,33.1,4.19,27.261,22.85,17.693,0.878,157.55,8.328,69.23,99.51,0.9321,0.7837,0.541,25.9,0.5999,1,Misfire,Warning,0.3708,817.1,Inspect affected subsystem,95.37
2026-01-01T03:36:40,M007,Hot Weather,13024.3,45.89,64.8,2727.7,128.36,617.64,4.194,110.54,34.06,3.982,27.184,24.39,17.679,0.822,159.27,8.568,72.6,100.29,0.9229,0.7751,0.5549,24.51,0.6723,1,Misfire,Warning,0.3796,818.64,Inspect affected subsystem,99.45
2026-01-01T03:36:50,M007,Cruise,16309.9,23.51,70.51,2809.0,116.85,590.96,4.235,99.78,35.59,4.039,27.508,24.58,17.622,0.974,166.98,8.394,76.34,109.13,0.9351,0.7867,0.5412,25.88,0.595,1,Misfire,Warning,0.371,805.97,Inspect affected subsystem,97.53
2026-01-01T03:37:00,M007,Cruise,12772.4,22.68,61.54,2768.6,107.98,560.47,4.133,97.51,34.48,3.844,27.257,23.31,17.801,0.887,153.03,8.122,72.82,99.8,0.935,0.7866,0.542,25.8,0.5502,1,Misfire,Warning,0.3714,825.09,Inspect affected subsystem,97.85
2026-01-01T03:37:10,M007,Cruise,12879.6,26.8,59.14,2697.7,113.81,570.03,4.188,98.6,32.74,4.165,27.415,22.58,17.614,0.876,154.03,8.166,69.6,97.13,0.934,0.786,0.5497,25.03,0.5709,1,Misfire,Warning,0.3763,814.77,Inspect affected subsystem,98.75
2026-01-01T03:37:20,M007,Rapid Throttle,10822.2,30.89,82.9,3053.8,131.98,632.24,3.888,115.94,38.87,4.029,27.15,25.31,17.61,1.065,183.95,9.022,87.38,121.08,0.9317,0.7835,0.5439,25.61,0.7106,1,Misfire,Warning,0.3726,849.06,Inspect affected subsystem,97.68
2026-01-01T03:37:30,M007,Endurance,15705.8,10.73,55.72,2575.0,109.18,531.35,4.261,91.74,32.62,3.947,27.2,22.95,17.598,0.783,145.33,7.999,63.97,91.95,0.9269,0.7788,0.5465,25.35,0.554,1,Misfire,Warning,0.3742,814.64,Inspect affected subsystem,97.55
2026-01-01T03:37:40,M007,Cruise,17000.0,21.87,48.84,2527.3,102.83,538.59,4.247,91.92,31.15,3.856,27.239,21.75,17.452,0.798,135.17,7.478,63.32,86.44,0.934,0.786,0.5504,24.96,0.5725,1,Misfire,Warning,0.3767,831.47,Inspect affected subsystem,99.73
2026-01-01T03:37:50,M007,Endurance,15442.9,5.92,71.91,2909.8,117.34,597.56,4.047,100.6,35.64,4.163,27.598,23.92,17.438,0.982,166.5,8.594,79.69,108.48,0.9268,0.7787,0.5473,25.27,0.6512,1,Misfire,Warning,0.3748,798.55,Inspect affected subsystem,96.23
2026-01-01T03:38:00,M007,Cruise,12580.9,27.77,56.23,2665.1,110.78,564.37,4.279,101.06,31.83,4.075,27.314,22.82,17.288,0.809,146.8,7.988,70.26,94.29,0.935,0.7867,0.5416,25.84,0.5738,1,Misfire,Warning,0.3712,812.83,Inspect affected subsystem,96.88
2026-01-01T03:38:10,M007,Cruise,14884.8,18.64,69.67,2896.0,116.19,576.31,4.049,100.13,35.75,4.09,27.296,24.93,17.462,0.93,165.3,8.353,75.7,108.16,0.9345,0.7864,0.5455,25.45,0.5805,1,Misfire,Warning,0.3736,830.45,Inspect affected subsystem,98.51
2026-01-01T03:38:20,M007,High Altitude,24262.0,-25.23,63.22,2743.1,113.58,572.93,4.279,98.15,34.83,4.062,27.264,23.46,17.636,0.916,159.29,8.161,72.47,100.13,0.9288,0.7811,0.5556,24.44,0.5864,1,Misfire,Warning,0.3801,779.24,Inspect affected subsystem,99.93
2026-01-01T03:38:30,M007,Endurance,22772.4,21.43,71.91,2842.5,113.75,580.67,4.077,101.46,36.49,4.152,27.285,23.6,17.62,0.944,167.32,8.704,78.36,108.02,0.9247,0.7773,0.5647,23.53,0.5915,1,Misfire,Warning,0.386,777.2,Inspect affected subsystem,96.13
2026-01-01T03:38:40,M007,Rapid Throttle,6420.4,20.73,93.73,3177.1,131.78,649.94,3.885,109.16,42.13,4.295,27.255,26.17,17.797,1.088,200.24,9.444,100.0,132.59,0.9331,0.7844,0.5325,26.75,0.742,1,Misfire,Warning,0.3657,845.13,Inspect affected subsystem,97.85
2026-01-01T03:38:50,M007,Rapid Throttle,6840.4,34.62,51.8,2602.4,110.25,564.55,4.159,99.81,31.51,3.975,27.37,22.62,17.36,0.797,139.63,7.667,64.43,88.9,0.9313,0.7832,0.5477,25.23,0.5461,0,Misfire,Normal,0.375,815.7,No action,98.86
2026-01-01T03:39:00,M007,Cruise,11245.2,24.47,62.64,2700.4,115.94,571.95,4.128,97.47,34.16,4.015,27.216,24.2,17.33,0.893,154.55,8.287,72.91,100.74,0.934,0.786,0.55,25.0,0.568,1,Misfire,Warning,0.3765,809.99,Inspect affected subsystem,99.79
2026-01-01T03:39:10,M007,High Altitude,25347.7,-5.13,69.78,2743.5,114.68,588.33,4.149,103.23,35.93,4.226,27.432,23.91,17.532,0.91,166.66,8.552,76.84,107.23,0.9306,0.7822,0.5408,25.92,0.5502,1,Misfire,Warning,0.3707,822.5,Inspect affected subsystem,99.31
2026-01-01T03:39:20,M007,Cruise,17010.1,22.91,58.01,2759.9,112.05,596.91,4.212,95.58,31.77,2.525,27.202,23.52,17.545,0.86,147.49,8.344,69.42,116.2,0.9353,0.7869,0.5392,46.08,0.1301,0,Normal,Normal,0.1198,835.66,No action,96.64
2026-01-01T03:39:30,M007,Hot Weather,13967.8,40.93,79.45,3174.1,131.08,676.98,3.915,115.62,38.95,2.441,27.133,24.39,17.725,0.99,184.13,8.823,86.44,135.48,0.9244,0.7761,0.5424,45.76,0.2551,0,Normal,Normal,0.1217,816.36,No action,98.64
2026-01-01T03:39:40,M007,Rapid Throttle,15159.9,30.05,80.37,3159.2,126.74,665.33,3.883,107.29,38.34,2.804,27.227,24.24,17.479,0.983,185.67,8.809,86.23,138.27,0.9309,0.7829,0.551,44.9,0.2812,0,Normal,Normal,0.1271,809.27,No action,97.77
2026-01-01T03:39:50,M007,High Altitude,29375.7,-19.22,63.29,2865.4,116.47,587.37,4.216,96.72,34.86,2.347,27.365,23.56,17.622,0.925,155.61,8.249,71.83,120.06,0.9281,0.7806,0.5614,43.86,0.1247,0,Normal,Normal,0.1338,800.01,No action,96.99
2026-01-01T03:40:00,M007,Endurance,18495.8,13.17,71.29,3067.1,112.19,621.52,4.082,100.67,35.92,2.639,27.308,23.84,17.594,0.946,168.13,8.475,78.08,127.72,0.9263,0.7783,0.552,44.8,0.1161,0,Normal,Normal,0.1277,805.75,No action,97.86
2026-01-01T03:40:10,M007,High Altitude,23197.5,-29.64,73.88,3107.2,117.95,632.37,3.966,100.91,36.5,2.691,27.299,24.47,17.632,0.935,165.51,8.564,80.71,131.23,0.9296,0.7816,0.549,45.1,0.092,0,Normal,Normal,0.1258,805.99,No action,96.92
2026-01-01T03:40:20,M007,High Altitude,25122.2,-12.81,59.05,2867.6,109.9,588.17,4.132,95.61,33.22,2.55,27.256,23.22,17.514,0.819,155.42,8.19,70.42,115.78,0.9285,0.7808,0.5584,44.16,0.1283,0,Normal,Normal,0.1318,806.34,No action,96.76
2026-01-01T03:40:30,M007,Cruise,16575.4,23.78,62.91,2907.1,112.96,605.64,4.019,97.14,34.95,2.583,27.226,24.72,17.457,0.866,157.21,8.129,73.06,120.88,0.9333,0.7855,0.5558,44.42,0.1272,0,Normal,Normal,0.1302,811.65,No action,96.73
2026-01-01T03:40:40,M007,Hot Weather,17113.3,42.15,51.21,2772.1,112.03,616.36,4.258,103.12,31.14,2.686,27.54,22.23,17.707,0.728,143.02,7.977,63.84,106.59,0.9234,0.7754,0.5508,44.92,0.118,0,Normal,Normal,0.127,795.52,No action,97.98
2026-01-01T03:40:50,M007,Cruise,10745.7,29.26,52.35,2767.0,108.2,591.3,4.174,99.06,32.7,2.287,27.521,22.34,17.313,0.811,141.75,7.923,66.03,109.79,0.9324,0.7849,0.5632,43.68,0.0409,0,Normal,Normal,0.135,787.72,No action,99.6
2026-01-01T03:41:00,M007,Hot Weather,16384.9,42.79,65.78,2915.3,123.62,659.14,4.069,110.66,35.17,2.491,27.381,25.04,17.476,0.883,154.51,8.48,76.06,121.07,0.9219,0.7744,0.5634,43.66,0.1707,0,Normal,Normal,0.1352,780.79,No action,95.38
2026-01-01T03:41:10,M007,Endurance,23962.8,20.49,56.59,2856.7,107.28,585.83,3.943,96.15,32.55,2.61,27.208,23.07,17.312,0.916,150.48,8.332,65.56,112.67,0.926,0.7782,0.554,44.6,0.1654,0,Normal,Normal,0.129,815.13,No action,96.18
2026-01-01T03:41:20,M007,Endurance,22054.7,13.2,53.86,2772.3,105.55,575.29,4.134,90.56,33.87,2.386,27.247,22.79,17.531,0.787,141.77,7.978,66.15,109.69,0.925,0.7775,0.5625,43.75,0.0889,0,Normal,Normal,0.1346,796.29,No action,96.98
2026-01-01T03:41:30,M007,Cruise,11439.5,23.46,59.15,2842.7,112.52,619.41,4.112,96.14,33.7,2.626,27.451,23.03,17.805,0.829,155.2,8.108,69.96,116.65,0.9315,0.7843,0.5707,42.93,0.1397,0,Normal,Normal,0.1401,760.36,No action,96.74
2026-01-01T03:41:40,M007,Cruise,12630.2,26.75,60.09,2874.8,116.05,613.05,4.212,97.81,34.36,2.515,27.222,23.3,17.616,0.88,151.41,8.138,71.62,117.85,0.9327,0.7851,0.5609,43.91,0.0951,0,Normal,Normal,0.1335,790.78,No action,97.08
2026-01-01T03:41:50,M007,Hot Weather,8251.4,36.69,59.19,2864.4,118.67,637.54,4.3,102.96,32.49,2.505,27.426,23.35,17.563,0.844,146.86,8.388,70.55,114.71,0.9235,0.7755,0.55,45.0,0.1695,0,Normal,Normal,0.1264,813.64,No action,95.01
2026-01-01T03:42:00,M007,High Altitude,27308.5,-21.96,73.77,3082.8,116.33,633.02,3.94,102.13,35.94,2.424,27.013,24.94,17.501,0.942,168.45,8.626,81.07,131.38,0.9308,0.7824,0.5392,46.08,0.1439,0,Normal,Normal,0.1197,842.46,No action,99.5
2026-01-01T03:42:10,M007,Endurance,23285.2,24.15,63.82,2930.6,119.49,626.27,3.938,100.32,34.04,2.695,27.368,23.06,17.376,0.858,159.95,8.602,74.68,119.78,0.9247,0.7773,0.5651,43.49,0.1788,0,Normal,Normal,0.1364,758.96,No action,98.1
2026-01-01T03:42:20,M007,Cruise,16414.2,24.16,71.84,3038.5,114.43,637.48,4.037,103.01,36.57,2.543,27.419,23.61,17.348,0.937,167.07,8.669,79.93,129.87,0.9321,0.7847,0.5659,43.41,0.167,0,Normal,Normal,0.1369,766.63,No action,95.83
2026-01-01T03:42:30,M007,Hot Weather,16280.5,45.95,64.59,2941.6,126.26,646.08,4.067,112.24,34.91,2.536,27.183,23.29,17.373,0.888,161.88,8.397,73.9,119.88,0.922,0.7745,0.5627,43.73,0.1726,0,Normal,Normal,0.1347,801.57,No action,96.34
2026-01-01T03:42:40,M007,Endurance,21830.0,24.38,53.47,2764.4,105.46,581.3,4.203,92.02,32.09,2.188,27.168,23.34,17.37,0.753,143.88,8.0,63.91,109.32,0.9251,0.7775,0.562,43.8,0.1087,0,Normal,Normal,0.1343,780.14,No action,97.93
2026-01-01T03:42:50,M007,Endurance,19416.4,8.83,58.26,2836.9,108.97,591.64,4.126,94.68,34.21,2.235,27.441,23.7,17.604,0.803,151.2,8.092,69.29,114.09,0.9245,0.7772,0.5667,43.33,0.1011,0,Normal,Normal,0.1374,785.8,No action,96.42
2026-01-01T03:43:00,M007,High Altitude,29897.9,-21.16,68.38,3015.9,113.95,615.01,4.137,99.07,36.18,2.464,27.31,24.04,17.445,0.883,165.18,8.785,77.5,125.35,0.9285,0.7808,0.5584,44.16,0.1111,0,Normal,Normal,0.1319,786.09,No action,99.73
2026-01-01T03:43:10,M007,Endurance,21029.7,24.02,53.34,2778.5,106.47,589.0,4.271,93.7,33.27,2.398,27.435,23.49,17.548,0.752,141.42,7.943,64.45,109.11,0.9247,0.7773,0.5654,43.46,0.1219,0,Normal,Normal,0.1365,809.13,No action,95.98
2026-01-01T03:43:20,M007,Hot Weather,11980.8,35.75,74.07,3066.1,126.69,657.74,4.038,108.83,36.36,2.499,27.172,24.85,17.638,0.941,175.28,8.578,80.97,129.26,0.9209,0.7738,0.5715,42.85,0.1707,0,Normal,Normal,0.1407,757.87,No action,98.64
2026-01-01T03:43:30,M007,Hot Weather,8184.0,40.88,52.66,2706.7,114.44,616.77,4.16,105.17,32.44,2.321,27.266,22.2,17.177,0.767,141.9,7.517,64.62,107.72,0.9215,0.7741,0.567,43.3,0.0991,0,Normal,Normal,0.1376,803.58,No action,95.27
2026-01-01T03:43:40,M007,Rapid Throttle,6159.6,25.77,72.51,3083.1,117.26,654.14,3.871,106.17,37.16,2.559,27.291,24.57,17.56,0.867,168.49,8.712,78.95,129.95,0.9299,0.7823,0.5593,44.07,0.1891,0,Normal,Normal,0.1325,786.77,No action,95.84
2026-01-01T03:43:50,M007,Cruise,13361.1,27.15,56.09,2811.5,116.7,605.78,4.328,97.83,31.91,2.5,27.323,23.04,17.37,0.786,149.02,8.142,67.48,113.85,0.9334,0.7856,0.5548,44.52,0.1212,0,Normal,Normal,0.1295,802.75,No action,97.84
2026-01-01T03:44:00,M007,Endurance,19463.3,8.11,63.35,2964.9,111.74,618.06,4.06,95.92,33.78,2.609,27.161,24.22,17.571,0.944,156.47,8.474,73.64,119.43,0.9254,0.7777,0.5595,44.05,0.1424,0,Normal,Normal,0.1326,790.72,No action,95.19
2026-01-01T03:44:10,M007,Endurance,21225.1,17.19,60.68,2900.3,108.51,598.25,4.122,94.87,32.77,2.459,27.353,23.52,17.552,0.825,150.51,8.165,69.08,116.71,0.9253,0.7777,0.5599,44.01,0.1016,0,Normal,Normal,0.1329,774.31,No action,99.12
2026-01-01T03:44:20,M007,Cruise,10668.1,20.21,62.51,2858.5,109.37,599.18,4.241,96.39,33.99,2.327,27.169,24.32,17.338,0.874,158.07,8.253,72.28,120.27,0.9323,0.7849,0.5642,43.58,0.1445,0,Normal,Normal,0.1357,785.94,No action,95.95
2026-01-01T03:44:30,M007,High Altitude,29866.5,-19.05,83.79,3189.7,124.42,656.2,3.816,104.59,39.39,2.69,27.437,25.19,17.628,1.012,185.19,9.065,92.29,140.93,0.9276,0.7802,0.5662,43.38,0.1881,0,Normal,Normal,0.1371,783.12,No action,96.11
2026-01-01T03:44:40,M007,Endurance,17625.0,14.41,55.63,2773.1,105.96,570.45,4.21,93.64,32.31,2.545,27.281,23.0,17.638,0.841,149.37,7.754,65.89,111.45,0.9247,0.7773,0.5648,43.52,0.0924,0,Normal,Normal,0.1361,785.1,No action,97.84
2026-01-01T03:44:50,M007,Hot Weather,12203.2,35.58,65.69,2948.8,118.92,643.04,4.151,106.45,34.34,2.472,27.284,23.72,17.404,0.886,156.18,8.589,73.21,120.99,0.9219,0.7745,0.5631,43.69,0.1634,0,Normal,Normal,0.135,788.3,No action,96.24
2026-01-01T03:45:00,M007,Endurance,19235.8,7.87,45.36,2667.4,101.85,545.53,4.385,88.77,30.54,2.488,27.143,22.19,17.547,0.742,124.77,7.589,56.09,100.76,0.9233,0.7764,0.5764,42.36,0.1586,0,Normal,Normal,0.144,742.46,No action,97.78
2026-01-01T03:45:10,M007,Endurance,18214.3,16.76,44.35,2658.8,97.44,561.25,4.411,86.01,31.31,1.977,27.167,22.52,17.37,0.697,124.86,7.825,57.7,99.98,0.9248,0.7774,0.5641,43.59,0.0138,0,Normal,Normal,0.1356,798.96,No action,97.74
2026-01-01T03:45:20,M007,Endurance,16698.3,8.09,48.23,2730.5,101.76,570.96,4.34,85.79,30.16,2.425,27.225,21.77,17.465,0.781,137.16,7.501,61.77,103.78,0.9239,0.7768,0.5714,42.86,0.1264,0,Normal,Normal,0.1406,763.71,No action,95.42
2026-01-01T03:45:30,M007,Hot Weather,8369.4,43.01,59.65,2885.2,122.05,646.44,4.128,108.3,33.84,2.288,27.296,23.49,17.505,0.872,152.68,8.183,70.35,115.15,0.9234,0.7754,0.5512,44.88,0.1138,0,Normal,Normal,0.1272,815.37,No action,95.23
2026-01-01T03:45:40,M007,Hot Weather,8733.2,43.78,61.83,2847.8,116.86,656.48,4.013,107.78,34.0,2.571,27.295,23.51,17.537,0.889,156.74,8.428,75.39,116.91,0.921,0.7739,0.5705,42.95,0.1375,0,Normal,Normal,0.14,770.52,No action,96.1
2026-01-01T03:45:50,M007,Hot Weather,10610.7,36.47,64.41,2871.0,121.41,633.13,4.135,100.52,34.26,2.248,27.193,23.76,17.51,0.839,156.02,8.102,73.9,119.88,0.9229,0.7751,0.5554,44.46,0.1263,0,Normal,Normal,0.1299,825.44,No action,96.51
2026-01-01T03:46:00,M007,Cruise,14560.0,18.92,42.14,2615.3,94.71,543.28,4.21,86.59,28.98,2.315,27.208,23.03,17.762,0.681,129.48,7.422,56.43,99.13,0.9318,0.7845,0.5683,43.17,0.1289,0,Normal,Normal,0.1385,783.47,No action,99.47
2026-01-01T03:46:10,M007,Cruise,16292.4,27.84,62.23,2876.8,113.75,616.74,4.106,100.73,34.71,2.605,27.391,23.7,17.514,0.871,154.22,8.181,71.79,120.04,0.9326,0.7851,0.5617,43.83,0.1376,0,Normal,Normal,0.1341,787.92,No action,95.51
2026-01-01T03:46:20,M007,Cruise,11447.0,17.92,64.57,2960.3,116.31,604.21,4.2,94.78,33.7,2.506,27.345,24.09,17.507,0.87,157.82,8.301,71.45,122.64,0.9334,0.7856,0.5547,44.53,0.1544,0,Normal,Normal,0.1295,804.57,No action,99.29
2026-01-01T03:46:30,M007,Hot Weather,17559.2,46.54,73.25,3057.0,131.44,700.44,3.952,117.94,36.1,2.612,27.325,23.9,17.752,0.932,177.92,8.693,81.22,128.4,0.9208,0.7737,0.5727,42.73,0.2632,0,Normal,Normal,0.1415,758.23,No action,95.95
2026-01-01T03:46:40,M007,Endurance,18431.3,20.86,60.92,2852.8,113.65,605.62,4.077,98.23,33.31,2.53,27.44,23.49,17.659,0.831,149.98,8.38,70.81,116.68,0.9239,0.7768,0.5714,42.86,0.1333,0,Normal,Normal,0.1406,787.11,No action,97.06
2026-01-01T03:46:50,M007,Rapid Throttle,10881.4,21.82,58.48,2901.0,109.76,608.26,4.176,95.43,32.0,2.335,27.456,22.5,17.533,0.827,147.13,8.194,68.38,115.31,0.9288,0.7815,0.5684,43.16,0.102,0,Normal,Normal,0.1385,781.5,No action,99.47
2026-01-01T03:47:00,M007,Rapid Throttle,11475.5,32.77,80.94,3261.2,129.69,692.71,3.837,116.44,38.31,2.755,27.162,24.2,17.38,0.997,183.35,8.987,87.89,138.24,0.9282,0.7812,0.5731,42.69,0.2799,0,Normal,Normal,0.1417,782.03,No action,97.42
2026-01-01T03:47:10,M007,Endurance,19379.3,20.69,57.4,2883.4,108.64,614.23,4.176,92.17,33.18,2.534,27.485,22.9,17.618,0.804,149.53,8.058,71.2,112.89,0.9228,0.776,0.5809,41.91,0.1167,0,Normal,Normal,0.1472,735.71,No action,96.27
2026-01-01T03:47:20,M007,Cruise,13502.7,20.52,53.49,2756.2,105.63,572.95,4.189,93.11,32.5,2.335,27.535,22.9,17.768,0.779,138.68,7.969,67.32,110.95,0.9323,0.7849,0.5642,43.58,0.1386,0,Normal,Normal,0.1357,789.41,No action,99.88
2026-01-01T03:47:30,M007,Rapid Throttle,8971.3,21.69,73.01,3086.0,119.47,639.26,3.868,103.73,37.79,2.686,27.451,24.55,17.723,0.922,171.12,8.736,81.33,130.07,0.9281,0.781,0.5745,42.55,0.1676,0,Normal,Normal,0.1427,761.26,No action,99.65
2026-01-01T03:47:40,M007,Endurance,18491.3,7.27,59.76,2855.8,106.58,588.52,4.271,96.24,34.2,2.749,27.225,22.47,17.487,0.802,153.46,7.944,73.3,115.56,0.9242,0.777,0.5689,43.11,0.1587,0,Normal,Normal,0.1389,779.24,No action,95.8
2026-01-01T03:47:50,M007,Hot Weather,10597.1,42.22,70.51,3065.1,127.44,648.46,4.084,107.27,35.9,2.909,27.258,23.84,17.512,0.917,167.12,8.348,77.45,125.75,0.9213,0.7741,0.5681,43.19,0.2336,0,Normal,Normal,0.1383,776.94,No action,99.28
2026-01-01T03:48:00,M007,Endurance,20761.8,23.78,49.39,2703.0,102.81,568.42,4.455,90.92,30.9,2.18,27.205,23.11,17.576,0.744,136.14,7.265,58.34,105.19,0.9252,0.7777,0.5604,43.96,0.1226,0,Normal,Normal,0.1332,797.53,No action,99.03
2026-01-01T03:48:10,M007,Hot Weather,10270.0,41.17,66.02,2906.7,121.02,659.21,3.977,108.35,34.17,2.426,27.506,24.34,17.45,0.917,161.37,8.042,75.62,121.56,0.9231,0.7752,0.5535,44.65,0.1471,0,Normal,Normal,0.1287,792.67,No action,96.47
2026-01-01T03:48:20,M007,Cruise,17906.7,22.06,54.41,2733.4,104.57,581.36,4.086,95.07,31.89,2.401,27.298,22.34,17.675,0.807,148.23,8.015,69.93,111.62,0.9308,0.7839,0.5769,42.31,0.1325,0,Normal,Normal,0.1444,757.15,No action,99.79
2026-01-01T03:48:30,M007,Rapid Throttle,15756.4,20.32,79.93,3113.6,123.2,654.01,3.79,103.73,37.96,2.569,27.399,25.3,17.622,0.928,183.35,9.086,84.64,136.98,0.9272,0.7805,0.5814,41.86,0.177,0,Normal,Normal,0.1476,746.71,No action,99.96
2026-01-01T03:48:40,M007,Endurance,21288.9,6.5,62.75,2926.5,112.41,599.93,4.154,93.32,33.36,2.579,27.332,24.95,17.819,0.797,157.3,8.369,74.22,118.49,0.9237,0.7766,0.5737,42.63,0.1285,0,Normal,Normal,0.1422,782.32,No action,95.57
2026-01-01T03:48:50,M007,High Altitude,29713.4,-7.92,61.98,2852.6,112.64,596.9,4.126,94.63,34.96,2.678,27.304,22.85,17.343,0.853,158.35,8.382,72.51,118.49,0.927,0.7798,0.571,42.9,0.1293,0,Normal,Normal,0.1403,760.37,No action,96.32
2026-01-01T03:49:00,M007,Cruise,10078.2,28.46,70.51,3001.6,125.23,642.6,3.96,103.63,35.95,2.658,27.33,24.1,17.524,0.958,165.8,8.682,81.54,128.71,0.9331,0.7854,0.5579,44.21,0.2089,0,Normal,Normal,0.1315,791.63,No action,97.18
2026-01-01T03:49:10,M007,Cruise,17287.2,15.1,61.54,2824.6,110.14,601.81,4.189,96.47,34.23,2.383,27.372,23.42,17.467,0.844,151.16,8.281,70.83,119.19,0.9319,0.7846,0.5673,43.27,0.1068,0,Normal,Normal,0.1378,798.07,No action,96.76
2026-01-01T03:49:20,M007,High Altitude,22826.1,-24.05,58.4,2865.1,109.88,596.62,4.164,94.23,33.96,2.656,27.378,23.3,17.417,0.867,149.84,7.939,73.7,115.0,0.9279,0.7804,0.5633,43.67,0.1148,0,Normal,Normal,0.1351,788.25,No action,96.55
2026-01-01T03:49:30,M007,Endurance,19876.6,9.87,57.48,2801.0,106.63,588.22,4.163,92.52,32.87,2.421,27.263,23.48,17.525,0.753,150.48,8.202,69.45,113.21,0.9241,0.7769,0.5702,42.98,0.0885,0,Normal,Normal,0.1398,786.68,No action,98.77
2026-01-01T03:49:40,M007,Hot Weather,12386.7,36.11,58.93,2894.1,113.63,625.53,4.335,102.74,33.32,2.371,27.391,23.91,17.612,0.829,150.87,8.339,70.84,114.16,0.922,0.7745,0.5627,43.73,0.1136,0,Normal,Normal,0.1347,790.3,No action,95.56
2026-01-01T03:49:50,M007,Cruise,17935.1,21.3,69.51,3007.7,118.61,619.5,3.987,98.13,35.2,2.639,27.496,24.16,17.414,0.875,168.03,8.671,78.04,127.26,0.9312,0.7841,0.5737,42.63,0.1873,0,Normal,Normal,0.1422,754.44,No action,96.8
2026-01-01T03:50:00,M007,High Altitude,25413.1,-27.47,72.98,3039.7,114.58,617.2,3.866,101.57,37.37,2.737,27.211,24.0,17.635,0.895,172.02,8.835,80.0,129.88,0.9276,0.7802,0.5657,43.43,0.1903,0,Normal,Normal,0.1367,794.26,No action,95.18
2026-01-01T03:50:10,M007,Rapid Throttle,10398.1,29.29,77.72,3131.8,124.93,665.76,4.018,110.06,37.77,2.758,27.167,24.8,17.563,0.94,177.82,8.724,82.99,134.89,0.928,0.781,0.5751,42.49,0.1842,0,Normal,Normal,0.1431,756.92,No action,99.64
2026-01-01T03:50:20,M007,Hot Weather,15640.6,45.65,53.8,2749.4,119.92,632.66,4.057,107.87,31.54,2.596,27.227,22.58,17.614,0.823,145.14,7.926,64.96,108.67,0.9204,0.7734,0.5759,42.41,0.1728,0,Normal,Normal,0.1437,751.51,No action,95.1
2026-01-01T03:50:30,M007,Hot Weather,10349.1,42.64,55.53,2797.8,116.82,635.18,4.116,105.62,33.08,2.454,27.386,22.55,17.419,0.853,144.24,7.87,65.16,110.27,0.9195,0.7728,0.5832,41.68,0.1241,0,Normal,Normal,0.1488,729.25,No action,98.03
2026-01-01T03:50:40,M007,Endurance,23566.0,19.93,57.53,2737.7,111.6,591.09,3.992,93.05,34.59,2.398,27.318,23.2,17.464,0.815,150.7,7.877,67.33,112.93,0.9223,0.7757,0.585,41.5,0.1146,0,Normal,Normal,0.1502,749.67,No action,98.94
2026-01-01T03:50:50,M007,Hot Weather,10628.6,37.35,50.87,2739.6,116.26,592.47,4.164,99.91,32.53,2.615,27.221,22.49,17.554,0.756,132.48,7.748,61.17,105.4,0.9186,0.7722,0.5909,40.91,0.0998,0,Normal,Normal,0.1544,734.68,No action,97.41
2026-01-01T03:51:00,M007,Cruise,10157.2,20.0,67.62,2972.6,116.93,622.96,3.922,98.9,34.38,2.593,27.307,23.61,17.461,0.915,169.63,8.47,76.11,125.28,0.931,0.784,0.5751,42.49,0.1781,0,Normal,Normal,0.1431,800.91,No action,96.44
2026-01-01T03:51:10,M007,Endurance,18754.6,14.7,49.66,2646.5,99.4,562.67,4.349,93.17,31.23,2.599,27.357,23.25,17.668,0.759,138.67,7.565,62.54,105.0,0.9226,0.7759,0.5824,41.76,0.1114,0,Normal,Normal,0.1483,761.17,No action,98.19
2026-01-01T03:51:20,M007,Rapid Throttle,9830.3,31.69,66.63,2941.5,118.59,647.14,4.029,107.81,35.62,2.641,27.297,23.52,17.304,0.888,163.82,8.228,74.97,123.62,0.9285,0.7813,0.5711,42.89,0.1897,0,Normal,Normal,0.1404,789.64,No action,97.77
2026-01-01T03:51:30,M007,Rapid Throttle,10264.3,27.79,78.5,3096.8,125.1,657.84,3.963,108.07,37.85,2.65,27.181,25.39,17.584,0.952,175.56,8.848,82.97,135.63,0.9277,0.7808,0.5771,42.29,0.2003,0,Normal,Normal,0.1445,770.92,No action,97.71
2026-01-01T03:51:40,M007,Hot Weather,8637.4,41.18,69.5,2902.6,126.95,665.81,4.068,111.06,36.22,2.642,27.191,22.6,17.437,0.92,165.02,8.498,79.94,124.36,0.9196,0.7729,0.5826,41.74,0.1754,0,Normal,Normal,0.1484,740.72,No action,96.62
2026-01-01T03:51:50,M007,Cruise,14279.5,16.59,58.29,2762.0,104.09,578.75,4.274,96.97,32.07,2.627,27.289,23.36,17.341,0.851,144.18,8.465,71.51,115.83,0.9319,0.7846,0.5678,43.22,0.1378,0,Normal,Normal,0.1382,773.48,No action,97.98
2026-01-01T03:52:00,M007,Hot Weather,17020.4,36.55,69.18,3013.3,126.35,646.5,4.076,110.05,35.12,2.541,27.441,23.59,17.609,0.929,161.56,8.314,78.68,124.31,0.9209,0.7738,0.5718,42.82,0.1925,0,Normal,Normal,0.1409,780.71,No action,95.18
2026-01-01T03:52:10,M007,High Altitude,24298.1,-18.77,51.41,2698.1,104.25,576.31,3.999,93.17,31.49,2.502,27.116,22.87,17.429,0.793,136.91,7.772,65.19,107.3,0.925,0.7785,0.5878,41.22,0.0847,0,Normal,Normal,0.1522,739.3,No action,97.01
2026-01-01T03:52:20,M007,Cruise,17012.4,15.22,57.82,2795.0,111.54,591.78,4.051,92.82,33.54,2.621,27.126,23.35,17.645,0.889,144.51,7.811,67.72,114.84,0.9293,0.7828,0.5895,41.05,0.1414,0,Normal,Normal,0.1534,730.88,No action,95.86
2026-01-01T03:52:30,M007,Hot Weather,10565.0,45.74,61.36,2893.6,124.92,655.06,3.995,108.27,34.8,2.552,27.288,23.72,17.576,0.805,148.0,8.536,71.64,115.97,0.9187,0.7723,0.5903,40.97,0.1657,0,Normal,Normal,0.154,722.46,No action,98.16
2026-01-01T03:52:40,M007,High Altitude,27609.1,-15.23,77.65,3116.1,118.55,640.85,3.909,101.45,37.96,2.891,27.069,24.54,17.367,0.964,173.65,8.657,82.9,134.19,0.9255,0.7788,0.5832,41.68,0.1841,0,Normal,Normal,0.1488,729.97,No action,95.09
2026-01-01T03:52:50,M007,Endurance,21150.8,13.46,50.99,2703.0,101.85,578.62,4.337,89.3,31.48,2.59,27.244,22.53,17.569,0.772,136.02,8.004,64.1,106.2,0.9218,0.7754,0.589,41.1,0.1094,0,Normal,Normal,0.1531,730.14,No action,96.32
2026-01-01T03:53:00,M007,Cruise,17077.6,19.73,72.18,3001.9,115.14,627.83,3.869,99.88,35.71,2.525,27.418,24.31,17.671,0.909,174.08,8.704,81.6,130.12,0.9316,0.7844,0.5697,43.03,0.1363,0,Normal,Normal,0.1394,784.74,No action,95.17
2026-01-01T03:53:10,M007,Rapid Throttle,12727.6,23.16,69.55,2924.7,114.87,637.97,3.996,102.03,35.91,2.726,27.129,23.11,17.419,0.915,167.73,8.546,76.19,126.3,0.9271,0.7804,0.5829,41.71,0.1893,0,Normal,Normal,0.1486,744.09,No action,99.2
2026-01-01T03:53:20,M008,Hot Weather,11461.9,38.92,76.55,3075.9,130.06,685.05,3.98,113.09,39.27,2.708,27.355,24.03,17.478,1.0,177.04,8.622,87.19,131.2,0.9184,0.7721,0.5926,40.74,0.2125,0,Normal,Normal,0.1557,732.97,No action,97.78
2026-01-01T03:53:30,M008,Hot Weather,16464.8,42.85,64.14,2986.2,122.99,641.04,4.134,109.58,33.86,2.385,27.172,23.1,17.521,0.886,153.17,8.511,74.11,119.08,0.9202,0.7733,0.5773,42.27,0.1353,0,Normal,Normal,0.1447,784.15,No action,99.21
2026-01-01T03:53:40,M008,Endurance,23122.0,12.13,51.86,2745.3,102.11,581.75,4.012,91.16,31.94,2.419,27.225,22.72,17.749,0.773,139.29,7.71,64.41,107.29,0.923,0.7761,0.5794,42.06,0.0767,0,Normal,Normal,0.1462,748.81,No action,95.87
2026-01-01T03:53:50,M008,Rapid Throttle,8554.0,21.52,98.0,3348.1,134.6,692.72,3.723,111.31,42.46,2.947,27.304,25.07,17.692,1.066,201.52,9.901,100.0,155.43,0.9271,0.7804,0.5829,41.71,0.3333,0,Normal,Normal,0.1486,742.16,No action,99.37
2026-01-01T03:54:00,M008,Hot Weather,12834.2,40.76,69.95,3036.8,128.03,668.26,4.207,112.42,35.69,2.644,27.188,23.81,17.487,0.883,168.54,8.489,78.56,124.54,0.9183,0.772,0.5934,40.66,0.1766,0,Normal,Normal,0.1563,763.4,No action,95.33
2026-01-01T03:54:10,M008,Cruise,10555.7,29.24,55.09,2771.0,110.18,597.32,4.225,98.19,32.21,2.544,27.192,22.86,17.587,0.765,147.9,8.114,67.41,112.05,0.9293,0.7829,0.5888,41.12,0.1069,0,Normal,Normal,0.1529,729.11,No action,97.73
2026-01-01T03:54:20,M008,Rapid Throttle,14063.2,32.48,72.24,3026.0,119.62,648.25,3.962,106.45,35.53,2.627,27.44,23.76,17.352,0.905,168.45,8.688,78.85,128.93,0.9265,0.78,0.5879,41.21,0.185,0,Normal,Normal,0.1522,742.94,No action,96.34
2026-01-01T03:54:30,M008,Hot Weather,10795.1,45.64,54.77,2768.5,115.24,621.91,4.305,105.35,32.2,2.24,27.226,22.83,17.618,0.806,144.18,7.915,67.36,109.72,0.9207,0.7736,0.5735,42.65,0.0828,0,Normal,Normal,0.142,776.01,No action,98.68
2026-01-01T03:54:40,M008,Rapid Throttle,10686.1,29.24,83.3,3205.3,127.61,667.49,3.823,112.79,39.35,2.795,27.215,25.21,17.52,1.035,190.24,9.079,89.34,140.14,0.926,0.7797,0.5915,40.85,0.2585,0,Normal,Normal,0.1549,728.23,No action,98.06
2026-01-01T03:54:50,M008,High Altitude,29255.1,-9.71,55.12,2762.2,103.56,588.44,4.23,91.96,33.07,2.582,27.292,23.09,17.508,0.851,143.98,8.029,63.39,111.29,0.926,0.7792,0.5791,42.09,0.138,0,Normal,Normal,0.1459,761.61,No action,97.77
2026-01-01T03:55:00,M008,Hot Weather,14595.1,39.78,64.97,2949.2,123.74,650.87,4.076,111.93,34.93,2.606,26.993,23.02,17.5,0.85,159.94,8.368,73.38,119.72,0.9192,0.7727,0.5855,41.45,0.1701,0,Normal,Normal,0.1505,770.34,No action,98.25
2026-01-01T03:55:10,M008,Rapid Throttle,9427.9,28.54,68.75,2964.7,115.91,639.26,4.063,102.95,35.26,2.426,27.435,24.64,17.568,0.95,163.36,8.397,75.68,125.3,0.9261,0.7797,0.5907,40.93,0.1331,0,Normal,Normal,0.1543,738.5,No action,96.38
2026-01-01T03:55:20,M008,Rapid Throttle,12441.3,29.47,83.06,3205.2,129.93,670.32,3.77,109.73,39.03,2.693,27.253,25.51,17.629,0.964,178.58,9.013,90.97,140.23,0.9274,0.7806,0.5796,42.04,0.2708,0,Normal,Normal,0.1463,749.97,No action,96.11
2026-01-01T03:55:30,M008,Endurance,19796.6,19.7,59.98,2840.0,107.78,613.1,4.137,96.16,33.67,2.678,27.205,23.12,17.568,0.818,151.01,8.25,73.33,115.28,0.9216,0.7753,0.5904,40.96,0.1485,0,Normal,Normal,0.1541,745.98,No action,97.82
2026-01-01T03:55:40,M008,Cruise,13990.2,22.31,46.79,2644.8,103.33,555.7,4.284,89.15,31.49,2.386,27.376,22.1,17.487,0.726,133.78,7.561,61.71,103.68,0.9303,0.7835,0.5807,41.93,0.0544,0,Normal,Normal,0.1471,736.82,No action,99.14
2026-01-01T03:55:50,M008,Endurance,19564.9,14.54,64.37,2944.5,111.77,620.3,4.184,98.77,34.56,2.261,27.337,23.53,17.536,0.885,153.58,8.589,73.88,119.56,0.9208,0.7747,0.5972,40.28,0.0806,0,Normal,Normal,0.1591,760.46,No action,97.87
2026-01-01T03:56:00,M008,High Altitude,26886.9,-29.66,65.02,2892.2,115.36,607.41,4.052,96.13,35.57,2.535,27.048,23.71,17.529,0.89,155.62,8.28,72.59,121.12,0.9246,0.7783,0.5905,40.95,0.1533,0,Normal,Normal,0.1542,733.16,No action,97.9
2026-01-01T03:56:10,M008,Rapid Throttle,6464.6,22.65,90.04,3320.5,124.82,677.4,3.939,112.13,40.33,2.684,27.249,25.72,17.542,1.052,196.79,9.555,95.67,147.31,0.9272,0.7804,0.5819,41.81,0.2182,0,Normal,Normal,0.148,743.41,No action,99.47
2026-01-01T03:56:20,M008,Endurance,20541.2,18.21,63.85,2927.9,110.07,598.22,4.038,92.95,35.1,2.355,27.168,23.71,17.524,0.858,157.12,8.64,71.13,119.02,0.9207,0.7746,0.5982,40.18,0.0807,0,Normal,Normal,0.1598,698.06,No action,98.07
2026-01-01T03:56:30,M008,Rapid Throttle,8817.8,20.03,74.87,3096.5,122.84,651.03,3.894,101.5,36.99,2.651,27.25,23.5,17.654,0.912,169.74,8.674,84.87,131.45,0.9257,0.7794,0.5945,40.55,0.2353,0,Normal,Normal,0.1571,733.73,No action,98.77
2026-01-01T03:56:40,M008,Hot Weather,9295.0,40.46,68.64,2987.8,124.58,668.79,4.217,111.49,35.93,2.754,27.114,23.8,17.527,0.906,164.01,8.678,76.91,123.32,0.9188,0.7723,0.5896,41.04,0.2464,0,Normal,Normal,0.1534,765.22,No action,95.67
2026-01-01T03:56:50,M008,Hot Weather,15557.6,35.81,56.06,2776.5,113.93,625.14,4.088,105.97,32.48,2.448,27.22,22.9,17.57,0.84,142.11,8.468,66.78,110.86,0.9199,0.7731,0.5803,41.97,0.1132,0,Normal,Normal,0.1468,755.7,No action,96.11
2026-01-01T03:57:00,M008,High Altitude,28654.6,-18.24,69.06,2982.0,116.76,626.41,3.832,98.35,35.18,2.677,27.147,23.51,17.394,0.902,165.63,8.35,76.31,125.35,0.9252,0.7786,0.5862,41.38,0.1729,0,Normal,Normal,0.151,716.29,No action,98.2
2026-01-01T03:57:10,M008,Rapid Throttle,12547.9,29.94,74.8,3106.9,123.83,663.0,3.994,106.7,38.01,2.735,27.376,24.24,17.692,0.948,172.08,8.848,80.31,131.71,0.9272,0.7804,0.5819,41.81,0.2176,0,Normal,Normal,0.1479,737.82,No action,99.68
2026-01-01T03:57:20,M008,Hot Weather,15807.5,46.06,61.02,2881.8,122.62,667.62,4.054,109.51,34.0,2.498,27.483,23.11,17.722,0.847,155.32,8.321,69.81,115.85,0.9198,0.773,0.5808,41.92,0.1693,0,Normal,Normal,0.1472,761.28,No action,95.44
2026-01-01T03:57:30,M008,Rapid Throttle,15872.9,32.03,39.82,2571.2,101.87,571.71,4.298,95.81,28.7,2.347,27.322,22.01,17.486,0.658,126.57,7.266,53.27,95.57,0.9251,0.7791,0.5988,40.12,0.0784,0,Normal,Normal,0.1603,711.57,No action,96.49
2026-01-01T03:57:40,M008,Rapid Throttle,7112.2,24.4,73.73,3033.6,116.89,642.27,4.05,103.99,36.82,2.636,27.254,24.64,17.448,0.974,174.83,8.752,81.23,130.4,0.9262,0.7798,0.5902,40.98,0.1904,0,Normal,Normal,0.1539,729.51,No action,97.63
2026-01-01T03:57:50,M008,Hot Weather,10428.2,40.71,56.99,2736.6,114.29,640.37,4.29,107.97,33.46,2.584,27.176,22.7,17.437,0.819,145.53,8.148,68.53,111.25,0.917,0.7711,0.6045,39.55,0.1315,0,Normal,Normal,0.1646,708.35,No action,99.23
2026-01-01T03:58:00,M008,High Altitude,29005.1,-18.34,69.18,2954.2,115.99,610.95,3.948,100.46,36.39,2.563,27.309,23.34,17.614,0.982,165.54,8.551,77.02,124.95,0.9227,0.777,0.6065,39.35,0.1674,0,Normal,Normal,0.1662,705.52,No action,99.16
2026-01-01T03:58:10,M008,Hot Weather,9757.5,38.1,82.52,3172.6,131.92,688.91,3.78,119.36,38.88,2.959,27.282,24.69,17.436,1.054,185.09,8.922,90.38,137.42,0.9193,0.7727,0.5851,41.49,0.2798,0,Normal,Normal,0.1502,748.2,No action,95.45
2026-01-01T03:58:20,M008,Cruise,14724.3,20.46,55.2,2762.1,107.07,593.56,4.116,96.84,32.3,2.392,27.15,23.47,17.314,0.802,143.05,8.031,66.98,111.93,0.9281,0.7821,0.5993,40.07,0.0945,0,Normal,Normal,0.1606,709.2,No action,96.08
2026-01-01T03:58:30,M008,Endurance,20237.2,6.99,56.33,2770.4,106.94,589.43,4.237,95.95,32.85,2.341,27.284,22.29,17.504,0.806,142.86,7.817,69.41,111.4,0.9207,0.7746,0.5987,40.13,0.0875,0,Normal,Normal,0.1602,708.42,No action,97.6
2026-01-01T03:58:40,M008,Hot Weather,9890.5,46.77,77.29,3105.9,132.36,695.62,3.94,115.36,37.87,2.703,27.278,24.11,17.748,0.967,178.22,8.713,82.52,132.32,0.9201,0.7732,0.5786,42.14,0.2537,0,Normal,Normal,0.1456,748.32,No action,98.32
2026-01-01T03:58:50,M008,Endurance,17743.3,9.54,53.67,2772.9,105.08,570.04,4.072,91.39,33.31,2.611,27.407,23.03,17.182,0.773,146.7,7.991,68.14,109.26,0.9236,0.7766,0.5741,42.59,0.131,0,Normal,Normal,0.1424,762.83,No action,96.25
2026-01-01T03:59:00,M008,Endurance,17832.1,7.05,68.9,2951.1,115.2,630.33,4.044,101.49,36.0,2.606,27.531,24.49,17.561,0.977,167.81,8.754,77.85,124.43,0.9222,0.7756,0.5862,41.38,0.1164,0,Normal,Normal,0.151,745.75,No action,98.52
2026-01-01T03:59:10,M008,High Altitude,27196.4,-13.26,78.19,3150.5,124.86,641.65,3.936,101.72,37.48,2.88,27.369,24.76,17.454,0.946,173.88,9.203,84.38,134.32,0.9237,0.7776,0.5985,40.15,0.2463,0,Normal,Normal,0.1601,726.32,No action,99.01
2026-01-01T03:59:20,M008,Hot Weather,13359.8,44.39,61.89,2868.6,124.58,652.49,4.264,109.49,33.38,2.778,27.169,23.44,17.496,0.844,154.57,8.318,73.05,116.22,0.9172,0.7713,0.6024,39.76,0.2313,0,Normal,Normal,0.1631,716.62,No action,96.72
2026-01-01T03:59:30,M008,Rapid Throttle,13520.1,23.28,80.0,3127.8,125.43,657.62,3.764,108.5,38.16,2.795,27.336,24.76,17.669,0.956,181.56,8.851,88.04,136.5,0.9249,0.7789,0.6011,39.89,0.2705,0,Normal,Normal,0.162,721.05,No action,98.2
2026-01-01T03:59:40,M008,High Altitude,22026.4,-34.97,56.06,2815.3,106.18,600.65,4.255,95.32,32.97,2.589,27.163,22.61,17.662,0.751,140.38,8.139,68.04,111.7,0.9231,0.7772,0.6035,39.65,0.1065,0,Normal,Normal,0.1638,711.15,No action,97.05
2026-01-01T03:59:50,M008,High Altitude,24016.5,-8.98,71.65,3057.4,114.25,629.8,3.955,103.96,36.68,2.562,27.07,24.82,17.239,0.933,168.87,8.747,78.5,127.65,0.9236,0.7776,0.5993,40.07,0.1685,0,Normal,Normal,0.1607,735.14,No action,98.92
2026-01-01T04:00:00,M008,Rapid Throttle,12360.2,22.34,52.23,2762.7,106.33,591.31,4.256,94.86,31.96,2.563,27.381,22.24,17.442,0.772,138.15,7.848,64.99,108.56,0.9269,0.7803,0.5838,41.62,0.1027,0,Normal,Normal,0.1493,741.95,No action,99.52
2026-01-01T04:00:10,M008,High Altitude,29785.4,-26.58,78.14,3090.5,121.33,658.99,3.913,104.82,36.64,2.599,27.193,24.1,17.473,0.931,182.25,9.025,85.26,134.48,0.9246,0.7782,0.5907,40.93,0.1749,0,Normal,Normal,0.1543,734.15,No action,99.73
2026-01-01T04:00:20,M008,High Altitude,25881.2,-9.81,64.87,2942.3,112.29,613.65,3.994,98.39,35.66,2.478,27.22,23.0,17.558,0.829,156.87,8.327,73.8,120.67,0.9232,0.7773,0.6026,39.74,0.1075,0,Normal,Normal,0.1632,715.18,No action,97.84
2026-01-01T04:00:30,M008,Rapid Throttle,13863.7,23.26,78.79,3124.9,122.82,661.4,3.92,108.37,36.94,2.64,27.6,25.12,17.322,0.939,168.34,8.921,86.72,135.27,0.9249,0.7789,0.6011,39.89,0.185,0,Normal,Normal,0.162,724.07,No action,97.05
2026-01-01T04:00:40,M008,High Altitude,22210.3,-7.85,74.72,3116.5,117.28,633.54,3.872,101.21,36.66,2.896,27.438,24.64,17.403,0.974,166.81,8.846,81.8,130.79,0.9237,0.7776,0.5986,40.14,0.1727,0,Normal,Normal,0.1602,720.45,No action,95.28
2026-01-01T04:00:50,M008,Endurance,14216.3,16.23,55.23,2670.8,106.67,576.91,4.209,96.33,32.98,2.492,27.186,22.91,17.521,0.749,147.26,7.769,66.26,110.26,0.9205,0.7745,0.5999,40.01,0.1022,0,Normal,Normal,0.1611,741.42,No action,98.03
2026-01-01T04:01:00,M008,Hot Weather,10688.8,35.54,75.88,3075.2,127.62,673.06,4.147,110.04,36.91,2.771,27.263,24.64,17.359,0.923,178.25,8.771,82.46,130.43,0.9179,0.7718,0.5967,40.33,0.1968,0,Normal,Normal,0.1587,710.75,No action,96.27
2026-01-01T04:01:10,M008,Cruise,12840.7,24.9,53.06,2802.8,106.33,602.71,4.103,93.68,32.06,2.597,27.266,22.78,17.444,0.774,145.87,7.887,61.2,109.44,0.9265,0.781,0.6126,38.74,0.1469,0,Normal,Normal,0.1709,707.97,No action,98.65
2026-01-01T04:01:20,M008,High Altitude,29908.4,-12.01,73.53,3094.0,116.22,635.98,3.88,102.47,36.6,2.759,27.152,24.14,17.779,0.894,166.4,8.565,83.48,129.4,0.9228,0.7771,0.6055,39.45,0.2156,0,Normal,Normal,0.1654,703.82,No action,99.07
2026-01-01T04:01:30,M008,Endurance,16817.3,12.63,69.88,2946.7,113.01,647.24,3.981,101.11,35.45,2.694,27.268,23.97,17.527,0.991,174.2,8.749,78.43,124.84,0.9194,0.7738,0.6088,39.12,0.1727,0,Normal,Normal,0.168,704.81,No action,96.8
2026-01-01T04:01:40,M008,High Altitude,27731.7,-33.36,75.02,3055.5,116.22,636.86,3.982,98.69,37.13,2.867,27.28,24.4,17.694,0.943,173.3,8.777,83.69,130.76,0.9221,0.7766,0.6114,38.86,0.1851,0,Normal,Normal,0.17,700.78,No action,95.76
2026-01-01T04:01:50,M008,High Altitude,22074.7,-33.83,73.71,3070.7,115.66,634.48,3.974,103.24,38.42,2.695,27.269,23.86,17.585,0.964,173.27,8.81,82.16,129.36,0.9218,0.7764,0.6142,38.58,0.1426,0,Normal,Normal,0.1722,701.72,No action,98.06
2026-01-01T04:02:00,M008,Cruise,10634.2,18.84,61.21,2921.3,113.46,603.61,4.087,95.56,35.03,2.29,27.257,23.11,17.565,0.837,149.52,8.148,71.82,117.94,0.9273,0.7815,0.6057,39.43,0.1062,0,Normal,Normal,0.1656,719.88,No action,98.39
2026-01-01T04:02:10,M008,Cruise,12567.0,21.55,56.07,2761.5,112.93,594.47,4.185,92.01,32.85,2.667,27.196,22.75,17.479,0.867,148.62,8.366,67.11,113.28,0.9305,0.7837,0.5792,42.08,0.1362,0,Normal,Normal,0.146,748.27,No action,99.71
2026-01-01T04:02:20,M008,Rapid Throttle,7106.0,22.77,69.66,2927.6,116.63,628.1,3.953,102.02,34.84,2.636,27.333,23.46,17.658,0.905,167.86,8.716,78.91,126.11,0.9256,0.7794,0.5953,40.47,0.1516,0,Normal,Normal,0.1576,735.94,No action,98.79
2026-01-01T04:02:30,M008,Hot Weather,16787.3,44.48,55.26,2717.6,118.82,635.66,4.053,110.39,32.7,2.327,27.249,22.34,17.566,0.808,144.5,7.937,66.19,109.8,0.9185,0.7722,0.5918,40.82,0.1455,0,Normal,Normal,0.1551,731.24,No action,96.04
2026-01-01T04:02:40,M008,Endurance,21619.7,18.44,63.39,2913.7,110.29,610.02,4.163,97.43,33.46,2.349,27.08,23.29,17.329,0.822,159.77,8.042,75.42,118.17,0.9188,0.7734,0.614,38.6,0.0519,0,Normal,Normal,0.172,685.75,No action,95.24
2026-01-01T04:02:50,M008,Hot Weather,14734.1,47.3,45.97,2657.3,112.72,600.26,4.084,106.51,31.23,2.505,27.466,21.09,17.335,0.763,131.54,7.14,62.55,100.13,0.9166,0.7709,0.6072,39.28,0.0796,0,Normal,Normal,0.1667,716.26,No action,98.3
2026-01-01T04:03:00,M008,Cruise,10295.3,15.65,61.73,2880.3,106.97,590.74,4.015,100.24,34.67,2.519,27.465,22.6,17.417,0.862,147.96,8.221,73.76,118.56,0.9277,0.7818,0.6022,39.78,0.1026,0,Normal,Normal,0.1629,723.26,No action,96.5
2026-01-01T04:03:10,M008,Rapid Throttle,13623.2,28.05,61.99,2845.6,116.17,614.13,4.117,99.79,33.99,2.419,27.322,23.6,17.512,0.881,156.56,8.115,72.86,118.36,0.926,0.7797,0.5914,40.86,0.1975,0,Normal,Normal,0.1548,727.57,No action,96.05
2026-01-01T04:03:20,M008,Endurance,22744.9,7.65,65.56,2925.8,111.89,611.83,4.082,97.53,35.87,2.657,27.389,23.04,17.469,0.862,161.43,8.669,74.43,120.5,0.9195,0.7738,0.6083,39.17,0.1433,0,Normal,Normal,0.1676,694.47,No action,99.62
2026-01-01T04:03:30,M008,Endurance,16019.4,14.16,68.3,3013.4,115.6,621.34,4.152,99.09,35.75,2.648,27.243,23.97,17.588,0.947,160.1,8.338,78.62,123.34,0.9199,0.7741,0.6053,39.47,0.1179,0,Normal,Normal,0.1652,700.08,No action,98.26
2026-01-01T04:03:40,M008,Rapid Throttle,14800.5,31.76,72.29,3023.8,126.03,658.42,4.2,106.63,37.27,2.772,27.41,24.86,17.51,0.945,168.09,8.79,81.4,128.89,0.926,0.7797,0.5916,40.84,0.2276,0,Normal,Normal,0.155,714.23,No action,95.27
2026-01-01T04:03:50,M008,High Altitude,26185.8,-30.74,66.64,2886.6,113.14,629.93,3.878,95.9,34.45,2.734,27.11,23.26,17.545,0.904,164.53,8.476,76.33,122.39,0.9228,0.777,0.6057,39.43,0.1683,0,Normal,Normal,0.1655,719.73,No action,97.8
2026-01-01T04:04:00,M008,Cruise,12040.1,28.56,56.19,2819.8,112.3,597.47,4.064,101.3,33.06,2.474,27.305,22.55,17.499,0.809,150.25,8.083,67.9,112.74,0.9271,0.7814,0.6078,39.22,0.1289,0,Normal,Normal,0.1672,702.98,No action,97.56
2026-01-01T04:04:10,M008,Endurance,14784.2,21.29,61.93,2911.3,107.25,603.85,3.928,97.23,35.17,2.694,27.15,22.86,17.414,0.867,156.01,8.208,69.53,116.8,0.9193,0.7737,0.6097,39.03,0.1459,0,Normal,Normal,0.1686,707.48,No action,97.12
2026-01-01T04:04:20,M008,Rapid Throttle,12260.1,27.91,89.31,3286.5,129.67,697.39,3.77,113.25,39.86,2.94,27.251,23.56,17.434,1.09,197.12,9.506,90.02,145.75,0.9238,0.7782,0.6096,39.04,0.3048,0,Normal,Normal,0.1686,716.69,No action,95.54
2026-01-01T04:04:30,M008,Cruise,10177.3,15.64,75.58,3117.2,119.93,626.1,4.003,102.13,36.12,2.723,27.663,24.38,17.48,0.944,172.8,9.064,83.12,132.91,0.9284,0.7822,0.597,40.3,0.1537,0,Normal,Normal,0.1589,741.91,No action,97.46
2026-01-01T04:04:40,M008,High Altitude,27204.8,-21.26,59.18,2857.6,109.98,589.9,4.007,97.03,32.78,2.45,27.296,22.67,17.548,0.885,149.85,8.211,72.54,114.72,0.9223,0.7767,0.6097,39.03,0.0576,0,Normal,Normal,0.1686,705.18,No action,96.81
2026-01-01T04:04:50,M008,Hot Weather,11890.5,39.63,55.1,2802.9,112.71,626.02,4.131,105.87,32.81,2.486,27.499,23.04,17.339,0.825,143.42,7.957,68.19,109.33,0.9168,0.7711,0.6055,39.45,0.1021,0,Normal,Normal,0.1654,720.91,No action,99.19
2026-01-01T04:05:00,M008,Hot Weather,10604.3,36.12,54.5,2822.3,114.43,625.94,4.229,103.27,33.06,2.435,27.252,23.06,17.43,0.744,139.18,8.005,64.99,108.79,0.9171,0.7713,0.6031,39.69,0.11,0,Normal,Normal,0.1635,736.26,No action,97.22
2026-01-01T04:05:10,M008,Hot Weather,12711.0,43.56,65.84,2972.2,126.52,664.49,4.084,115.11,34.33,2.516,27.304,22.6,17.405,0.863,161.63,8.467,76.79,120.2,0.9173,0.7713,0.6019,39.81,0.1864,0,Normal,Normal,0.1626,734.54,No action,98.71
2026-01-01T04:05:20,M008,High Altitude,28047.9,-25.12,58.88,2835.1,110.03,588.97,4.012,93.53,34.69,2.448,27.254,22.28,17.506,0.844,153.58,8.138,67.07,114.38,0.9221,0.7766,0.6113,38.87,0.1717,0,Normal,Normal,0.1699,701.71,No action,96.36
2026-01-01T04:05:30,M008,Hot Weather,16576.3,41.75,72.09,3073.9,124.64,663.48,4.141,113.68,36.4,2.68,27.322,23.38,17.428,0.884,169.73,8.544,80.09,126.52,0.9174,0.7715,0.6005,39.95,0.2095,0,Normal,Normal,0.1616,713.67,No action,98.6
2026-01-01T04:05:40,M008,High Altitude,29101.0,-13.92,52.76,2736.7,104.92,578.27,4.347,89.49,31.35,2.547,27.24,23.01,17.639,0.772,141.19,7.706,65.49,108.63,0.9246,0.7783,0.5904,40.96,0.0659,0,Normal,Normal,0.1541,740.73,No action,99.57
2026-01-01T04:05:50,M008,Hot Weather,17324.1,35.82,75.1,3055.4,125.48,678.34,3.997,113.3,37.81,2.862,27.098,23.76,17.55,0.937,170.01,8.752,81.26,128.97,0.9148,0.7697,0.6224,37.76,0.1929,0,Normal,Normal,0.1788,670.6,No action,97.6
2026-01-01T04:06:00,M008,Hot Weather,17736.6,46.57,75.1,2976.4,133.84,678.97,3.79,118.85,37.66,2.57,27.226,23.9,17.523,0.924,173.57,8.96,86.34,129.1,0.9155,0.7701,0.617,38.3,0.296,0,Normal,Normal,0.1744,689.04,No action,99.72
2026-01-01T04:06:10,M008,Cruise,16067.7,29.93,57.58,2793.3,114.64,626.83,4.25,99.68,33.06,2.609,27.153,22.15,17.582,0.853,146.81,8.214,69.23,114.06,0.9265,0.781,0.6124,38.76,0.0949,0,Normal,Normal,0.1708,670.92,No action,96.97
2026-01-01T04:06:20,M008,Cruise,13129.6,28.35,74.03,3039.9,123.84,662.6,4.117,105.22,36.87,2.759,27.275,23.89,17.594,0.922,172.79,8.775,81.7,130.83,0.9262,0.7808,0.6152,38.48,0.1722,0,Normal,Normal,0.173,684.09,No action,98.21
2026-01-01T04:06:30,M008,Rapid Throttle,9603.8,20.62,63.27,2946.5,110.06,610.54,3.893,98.71,35.48,2.654,27.361,22.78,17.536,0.83,147.8,8.311,75.28,119.15,0.9234,0.778,0.6131,38.69,0.1566,0,Normal,Normal,0.1713,713.31,No action,95.84
2026-01-01T04:06:40,M008,Endurance,20617.0,13.97,43.33,2661.6,100.43,557.42,4.384,85.49,29.43,2.525,27.383,22.11,17.55,0.7,125.64,7.099,58.77,98.05,0.9194,0.7738,0.6091,39.09,0.0944,0,Normal,Normal,0.1682,686.99,No action,98.29
2026-01-01T04:06:50,M008,Hot Weather,10070.5,37.8,60.19,2816.7,116.74,619.21,3.948,103.87,33.23,2.682,27.284,23.93,17.519,0.856,143.31,7.908,68.53,114.44,0.9169,0.7711,0.6054,39.46,0.1341,0,Normal,Normal,0.1653,711.05,No action,97.83
2026-01-01T04:07:00,M008,Cruise,14102.9,15.09,43.04,2579.1,99.44,553.68,4.39,85.65,28.78,2.445,27.338,22.44,17.513,0.71,128.36,7.435,56.6,99.24,0.9269,0.7812,0.6095,39.05,0.1306,0,Normal,Normal,0.1685,697.06,No action,97.13
2026-01-01T04:07:10,M008,Rapid Throttle,13354.1,31.99,67.49,3027.8,121.37,641.01,3.916,107.49,35.59,2.786,27.211,24.65,17.542,0.869,164.84,8.373,76.57,123.63,0.9243,0.7786,0.6056,39.44,0.1619,0,Normal,Normal,0.1655,725.33,No action,95.05
2026-01-01T04:07:20,M008,Cruise,10859.3,26.13,66.06,2871.9,111.93,616.58,3.984,98.11,35.23,2.783,27.258,23.84,17.528,0.892,161.79,8.134,72.72,122.92,0.9274,0.7816,0.6054,39.46,0.1769,0,Normal,Normal,0.1653,711.79,No action,96.03
2026-01-01T04:07:30,M008,Endurance,23975.6,24.38,55.49,2816.5,109.3,595.37,4.208,97.26,32.54,2.338,27.524,22.48,17.356,0.815,148.8,8.087,67.68,109.92,0.9172,0.7723,0.6272,37.28,0.1014,0,Normal,Normal,0.1827,645.78,No action,96.22
2026-01-01T04:07:40,M008,Endurance,19668.1,18.87,67.04,2940.9,114.78,633.62,4.167,94.33,36.98,2.765,27.178,22.18,17.488,0.843,159.98,8.404,81.59,121.49,0.917,0.7722,0.629,37.1,0.1442,0,Normal,Normal,0.1842,663.74,No action,99.93
2026-01-01T04:07:50,M008,Rapid Throttle,12344.3,28.16,67.28,2959.2,118.72,627.86,4.047,103.87,35.62,2.851,27.207,23.05,17.604,0.884,164.2,8.4,75.16,123.29,0.9237,0.7781,0.6107,38.93,0.1281,0,Normal,Normal,0.1694,697.01,No action,99.61
2026-01-01T04:08:00,M008,High Altitude,27530.9,-18.39,69.49,2979.4,116.03,630.47,4.025,100.04,35.6,2.566,27.086,23.9,17.312,0.891,160.64,8.479,78.49,125.04,0.9217,0.7763,0.6154,38.46,0.157,0,Normal,Normal,0.1731,681.09,No action,96.61
2026-01-01T04:08:10,M008,High Altitude,25081.5,-6.9,81.21,3161.3,120.4,651.84,3.933,105.49,38.03,2.734,27.2,24.87,17.586,0.966,181.87,9.285,89.84,137.11,0.9224,0.7768,0.6089,39.11,0.1666,0,Normal,Normal,0.168,733.6,No action,99.21
2026-01-01T04:08:20,M008,Cruise,17424.6,20.82,55.22,2835.5,105.33,591.34,4.196,93.53,33.08,2.552,27.251,22.26,17.592,0.741,149.92,7.851,65.96,111.81,0.9274,0.7816,0.6054,39.46,0.1075,0,Normal,Normal,0.1653,712.3,No action,98.89
2026-01-01T04:08:30,M008,High Altitude,24458.3,-20.4,71.88,3041.6,120.58,636.95,3.907,98.77,36.16,2.675,27.24,24.07,17.242,0.945,167.88,8.55,79.15,127.57,0.9221,0.7766,0.6113,38.87,0.1881,0,Normal,Normal,0.1699,706.43,No action,95.24
2026-01-01T04:08:40,M008,Hot Weather,17243.3,47.45,66.46,2874.0,127.59,650.56,4.091,114.48,34.96,2.57,27.374,22.9,17.4,0.891,158.49,8.32,76.63,120.44,0.9154,0.7701,0.6178,38.22,0.1947,0,Normal,Normal,0.175,694.0,No action,97.58
2026-01-01T04:08:50,M008,High Altitude,25836.4,-34.33,66.77,2982.6,114.15,618.9,4.025,95.46,35.89,2.808,27.283,23.93,17.388,0.958,166.54,8.548,77.2,122.34,0.9219,0.7764,0.6132,38.68,0.1629,0,Normal,Normal,0.1714,684.63,No action,96.39
2026-01-01T04:09:00,M008,High Altitude,28798.9,-22.27,68.92,2939.7,116.24,617.57,4.086,96.72,35.83,2.589,27.099,23.65,17.251,0.911,163.63,8.438,76.76,124.34,0.9211,0.7759,0.6203,37.97,0.1362,0,Normal,Normal,0.1771,667.96,No action,98.0
2026-01-01T04:09:10,M008,Hot Weather,12028.5,39.52,57.58,2789.3,113.74,622.44,4.185,104.28,33.85,2.483,27.301,22.89,17.528,0.835,147.9,8.289,70.78,111.76,0.9165,0.7708,0.6082,39.18,0.1086,0,Normal,Normal,0.1675,705.31,No action,95.26
2026-01-01T04:09:20,M008,Endurance,22433.6,7.85,55.25,2752.3,106.52,576.79,4.184,89.3,33.52,2.575,27.164,23.6,17.672,0.833,143.04,7.703,68.79,109.93,0.9186,0.7732,0.6157,38.43,0.1496,0,Normal,Normal,0.1734,682.43,No action,96.61
2026-01-01T04:09:30,M008,Hot Weather,15175.8,42.09,64.02,2906.8,123.34,651.07,3.91,111.24,33.69,2.608,27.243,23.18,17.543,0.853,157.79,8.392,73.0,118.01,0.9155,0.7701,0.6169,38.31,0.1525,0,Normal,Normal,0.1743,688.47,No action,98.57
2026-01-01T04:09:40,M008,Hot Weather,13514.2,44.02,51.37,2802.6,118.06,625.92,4.141,103.37,31.55,2.695,27.316,22.9,17.321,0.759,137.26,7.749,65.06,105.32,0.9153,0.77,0.6183,38.17,0.1498,0,Normal,Normal,0.1755,681.92,No action,98.05
2026-01-01T04:09:50,M008,Cruise,13177.9,21.11,70.48,2992.0,119.42,626.84,4.138,102.84,36.13,2.64,27.288,24.46,17.394,0.919,170.33,8.734,80.41,127.14,0.9259,0.7806,0.6174,38.26,0.1732,0,Normal,Normal,0.1747,675.03,No action,98.41
2026-01-01T04:10:00,M008,Hot Weather,15674.8,45.49,70.07,2952.0,125.77,663.11,4.062,115.57,36.38,2.61,27.161,24.2,17.864,0.932,166.36,8.592,77.84,124.08,0.9155,0.7701,0.6169,38.31,0.2044,0,Normal,Normal,0.1744,695.49,No action,98.24
2026-01-01T04:10:10,M008,High Altitude,24859.0,-11.36,70.81,3037.2,118.41,622.86,3.87,98.95,37.63,2.481,27.389,23.88,17.301,0.924,168.95,8.518,79.61,126.15,0.9206,0.7756,0.6243,37.57,0.1609,0,Normal,Normal,0.1804,682.51,No action,99.74
2026-01-01T04:10:20,M008,Cruise,14566.7,29.31,62.13,2909.5,116.39,630.29,4.041,101.14,34.57,2.631,27.306,23.7,17.603,0.809,157.46,8.042,70.88,118.36,0.9247,0.7798,0.6274,37.26,0.1825,0,Normal,Normal,0.1829,677.74,No action,97.89
2026-01-01T04:10:30,M008,Endurance,20730.3,18.39,61.84,2844.2,110.6,615.29,4.116,98.14,33.4,2.627,27.198,22.61,17.431,0.85,150.67,8.361,72.07,116.05,0.916,0.7715,0.6375,36.25,0.1367,0,Normal,Normal,0.1914,660.21,No action,95.82
2026-01-01T04:10:40,M008,Cruise,12520.4,21.12,49.55,2678.7,102.79,578.46,4.187,90.02,31.49,2.483,27.292,21.92,17.252,0.743,136.23,7.605,62.14,105.76,0.926,0.7807,0.6166,38.34,0.147,0,Normal,Normal,0.1741,683.42,No action,98.34
2026-01-01T04:10:50,M008,Rapid Throttle,6820.4,33.0,62.01,2887.1,119.71,630.0,4.223,103.35,34.97,2.704,27.274,23.04,17.366,0.889,152.69,7.983,75.42,117.95,0.9238,0.7782,0.61,39.0,0.1905,0,Normal,Normal,0.1689,712.76,No action,98.32
2026-01-01T04:11:00,M008,Endurance,20291.8,13.2,66.31,2959.2,113.54,626.2,3.928,100.13,35.98,2.76,27.358,23.76,17.655,0.87,160.3,8.509,75.19,120.97,0.9181,0.7729,0.6201,37.99,0.1334,0,Normal,Normal,0.1769,697.32,No action,96.94
2026-01-01T04:11:10,M008,Cruise,10582.9,24.74,71.64,3026.7,118.09,636.36,3.886,103.67,36.15,2.723,27.23,24.36,17.513,0.936,162.17,8.651,81.89,128.31,0.9258,0.7805,0.6181,38.19,0.1975,0,Normal,Normal,0.1753,705.84,No action,98.02
2026-01-01T04:11:20,M008,Endurance,19372.9,5.63,38.32,2515.8,95.41,546.58,4.206,86.65,28.32,2.533,27.301,21.39,17.564,0.66,118.19,6.977,54.43,92.67,0.9174,0.7724,0.6261,37.39,0.1011,0,Normal,Normal,0.1818,666.98,No action,98.54
2026-01-01T04:11:30,M008,High Altitude,23136.3,-11.28,64.31,2864.9,114.72,617.19,4.192,99.77,33.86,2.777,27.023,22.39,17.47,0.873,160.2,8.135,74.44,119.59,0.9206,0.7756,0.6238,37.62,0.1604,0,Normal,Normal,0.1799,694.85,No action,99.76
2026-01-01T04:11:40,M008,High Altitude,23745.1,-9.44,55.46,2859.6,107.67,580.26,3.635,93.2,33.03,2.766,27.307,22.3,17.513,0.769,141.15,7.942,67.12,110.67,0.9208,0.7757,0.6223,29.77,0.4547,0,Sensor Drift,Normal,0.4287,682.59,No action,95.53
2026-01-01T04:11:50,M008,Hot Weather,12495.7,36.87,59.8,2833.6,115.28,627.77,3.727,107.77,34.59,2.39,27.359,22.43,17.375,0.841,143.34,8.099,67.83,113.57,0.9144,0.7694,0.6262,29.38,0.3757,0,Sensor Drift,Normal,0.4319,689.72,No action,99.13
2026-01-01T04:12:00,M008,Rapid Throttle,10164.5,31.27,70.99,2991.7,117.67,654.48,3.534,107.52,36.79,2.794,27.294,23.44,17.697,0.929,168.91,8.586,81.45,126.16,0.9195,0.7753,0.646,27.4,0.4716,0,Sensor Drift,Normal,0.4487,619.29,No action,99.1
2026-01-01T04:12:10,M008,High Altitude,23168.0,-11.68,71.64,3007.4,113.36,626.44,3.827,99.24,35.63,2.727,27.237,23.17,17.618,0.913,171.38,8.598,80.99,126.84,0.9198,0.7751,0.6305,28.95,0.4225,0,Sensor Drift,Normal,0.4355,663.99,No action,96.32
2026-01-01T04:12:20,M008,Endurance,17951.2,15.24,52.54,2709.9,109.3,584.07,3.978,94.06,32.1,2.532,27.355,23.42,17.391,0.792,132.89,7.619,66.01,106.92,0.9171,0.7722,0.6286,29.14,0.3834,0,Sensor Drift,Normal,0.4339,666.01,No action,98.11
2026-01-01T04:12:30,M008,Hot Weather,17415.5,35.8,59.67,2848.9,120.46,622.89,4.474,107.42,33.3,2.672,27.301,23.03,17.507,0.828,156.57,8.132,71.58,113.56,0.915,0.7698,0.6212,29.88,0.4329,0,Sensor Drift,Normal,0.4278,688.42,No action,97.51
2026-01-01T04:12:40,M008,Hot Weather,9859.3,42.67,54.06,2769.3,117.53,623.58,3.475,102.36,31.95,2.549,27.317,22.43,17.514,0.772,138.68,7.821,67.09,107.81,0.9142,0.7693,0.6272,29.28,0.4539,0,Sensor Drift,Normal,0.4327,662.33,No action,97.63
2026-01-01T04:12:50,M008,Cruise,17647.8,29.77,66.55,2988.3,127.19,632.41,4.222,103.64,35.43,2.731,27.048,23.49,17.669,0.868,154.45,8.489,75.47,122.94,0.925,0.78,0.6248,29.52,0.4844,0,Sensor Drift,Normal,0.4308,672.86,No action,98.49
2026-01-01T04:13:00,M008,Hot Weather,11980.6,38.31,56.66,2784.2,113.06,617.36,3.774,104.47,33.4,2.322,27.38,23.65,17.471,0.793,142.74,8.215,69.64,110.36,0.9139,0.7691,0.63,29.0,0.3632,0,Sensor Drift,Normal,0.435,662.52,No action,98.49
2026-01-01T04:13:10,M008,High Altitude,29365.2,-26.28,61.69,2896.6,117.05,605.94,4.386,98.99,34.41,2.59,27.153,22.93,17.511,0.84,149.88,7.997,73.6,116.87,0.9203,0.7754,0.6263,29.37,0.398,0,Sensor Drift,Normal,0.432,665.68,No action,97.73
2026-01-01T04:13:20,M008,Rapid Throttle,7404.3,21.34,60.8,2844.3,117.05,604.53,4.383,95.47,34.6,2.773,27.155,22.8,17.664,0.8,150.15,8.059,71.76,116.2,0.9212,0.7764,0.6319,28.81,0.4071,0,Sensor Drift,Normal,0.4366,658.42,No action,98.18
2026-01-01T04:13:30,M008,High Altitude,28394.1,-27.98,62.63,2891.3,113.97,612.29,3.703,97.89,35.05,2.503,27.308,23.6,17.528,0.855,157.21,8.221,72.73,117.64,0.9194,0.7748,0.6343,28.57,0.4025,0,Sensor Drift,Normal,0.4386,654.65,No action,97.45
2026-01-01T04:13:40,M008,Endurance,16101.2,21.46,67.94,2908.5,118.52,616.31,4.267,101.91,35.32,2.711,27.106,22.98,17.481,0.854,165.46,8.398,77.06,122.23,0.9162,0.7717,0.6355,28.45,0.4144,0,Sensor Drift,Normal,0.4397,669.83,No action,97.97
2026-01-01T04:13:50,M008,Hot Weather,16076.4,39.33,69.64,2926.5,125.02,662.45,3.878,109.4,35.78,2.507,27.238,23.28,17.41,0.915,170.18,8.362,77.17,123.54,0.915,0.7698,0.6209,29.91,0.4261,0,Sensor Drift,Normal,0.4276,697.38,No action,99.39
2026-01-01T04:14:00,M008,Rapid Throttle,13048.1,33.1,87.7,3289.6,133.46,687.8,3.711,116.85,40.65,2.975,27.198,24.94,17.596,1.072,189.84,9.295,90.93,143.42,0.921,0.7763,0.6334,28.66,0.5802,1,Sensor Drift,Warning,0.4379,658.84,Inspect affected subsystem,98.16
2026-01-01T04:14:10,M008,Hot Weather,15893.5,36.0,71.85,2994.2,116.22,651.47,3.627,107.55,36.53,2.703,27.228,24.4,17.698,0.938,175.45,8.531,81.16,125.97,0.916,0.7705,0.6126,30.74,0.4485,0,Sensor Drift,Normal,0.4209,683.28,No action,97.43
2026-01-01T04:14:20,M008,Rapid Throttle,6283.8,21.41,76.88,3024.8,122.97,650.43,3.848,102.25,37.7,2.699,27.326,24.63,17.593,0.979,178.95,8.844,88.36,132.5,0.9212,0.7765,0.6314,28.86,0.4634,0,Sensor Drift,Normal,0.4362,653.15,No action,95.36
2026-01-01T04:14:30,M008,Endurance,23435.2,22.69,70.77,2995.6,114.04,630.27,4.081,99.47,35.67,2.68,27.314,24.48,17.642,0.875,169.21,8.588,82.6,125.28,0.9172,0.7723,0.6271,29.29,0.4043,0,Sensor Drift,Normal,0.4327,687.49,No action,97.17
2026-01-01T04:14:40,M008,Endurance,22841.0,23.71,56.45,2791.5,100.21,600.74,3.834,95.27,32.82,2.753,27.204,22.56,17.482,0.806,145.8,7.902,68.62,110.72,0.9164,0.7718,0.6342,28.58,0.4003,0,Sensor Drift,Normal,0.4386,656.3,No action,95.04
2026-01-01T04:14:50,M008,Rapid Throttle,7542.5,34.96,75.8,3129.2,122.35,677.66,4.342,114.75,36.97,2.825,27.17,23.87,17.574,0.92,168.04,8.625,82.31,131.35,0.921,0.7763,0.6336,28.64,0.4402,0,Sensor Drift,Normal,0.438,661.88,No action,98.05
2026-01-01T04:15:00,M008,Rapid Throttle,13023.9,25.18,39.52,2511.3,108.74,554.82,3.956,88.32,30.15,2.457,27.156,22.09,17.383,0.666,119.26,7.523,53.97,94.4,0.9198,0.7755,0.6437,27.63,0.3388,0,Sensor Drift,Normal,0.4467,654.08,No action,98.87
2026-01-01T04:15:10,M008,High Altitude,29891.0,-9.23,65.84,2887.7,114.5,616.11,4.041,100.6,35.04,2.672,27.199,24.56,17.494,0.926,158.49,8.664,73.82,120.83,0.9192,0.7746,0.6362,28.38,0.3855,0,Sensor Drift,Normal,0.4403,664.49,No action,95.75
2026-01-01T04:15:20,M008,Hot Weather,16236.3,36.75,64.65,2889.5,115.08,640.13,4.213,107.06,35.41,2.785,27.134,23.74,17.493,0.94,160.83,8.341,74.94,118.3,0.9137,0.769,0.6316,28.84,0.4121,0,Sensor Drift,Normal,0.4363,676.91,No action,97.46
2026-01-01T04:15:30,M008,Cruise,16019.1,19.9,63.35,2902.1,114.41,609.38,3.793,94.76,34.37,2.697,27.408,23.34,17.423,0.885,157.19,8.108,74.49,119.38,0.9236,0.7791,0.6368,28.32,0.4323,0,Sensor Drift,Normal,0.4408,662.14,No action,99.2
2026-01-01T04:15:40,M008,High Altitude,24781.0,-24.49,74.5,3087.3,119.38,629.02,4.119,100.67,36.8,2.691,27.42,22.92,17.495,0.947,168.43,8.803,84.22,129.61,0.9193,0.7747,0.6346,28.54,0.4303,0,Sensor Drift,Normal,0.4389,647.71,No action,97.91
2026-01-01T04:15:50,M008,Endurance,18977.1,14.72,51.51,2686.2,111.66,581.82,3.955,89.41,31.41,2.458,27.279,22.32,17.54,0.77,138.11,7.556,62.24,105.76,0.9164,0.7718,0.6342,28.58,0.348,0,Sensor Drift,Normal,0.4386,661.2,No action,99.17
2026-01-01T04:16:00,M008,Endurance,21294.8,5.13,64.67,2852.6,110.28,616.41,3.729,95.34,35.1,2.469,27.338,22.92,17.707,0.86,156.21,8.284,74.07,119.18,0.9174,0.7724,0.6258,29.42,0.4029,0,Sensor Drift,Normal,0.4315,651.73,No action,97.19
2026-01-01T04:16:10,M008,High Altitude,27599.5,-23.66,62.92,2877.2,109.94,599.68,4.316,95.35,35.08,2.736,27.358,23.06,17.603,0.873,151.19,8.245,71.45,118.18,0.9207,0.7756,0.6236,29.64,0.4161,0,Sensor Drift,Normal,0.4298,669.43,No action,95.68
2026-01-01T04:16:20,M008,Endurance,21523.2,17.9,53.79,2787.8,105.53,579.52,4.279,90.75,32.54,2.53,27.197,23.27,17.596,0.792,138.44,7.892,65.26,108.27,0.9176,0.7726,0.6243,29.57,0.3747,0,Sensor Drift,Normal,0.4303,688.85,No action,99.87
2026-01-01T04:16:30,M008,Rapid Throttle,13513.5,26.78,72.99,3020.4,114.57,658.19,4.042,106.08,36.56,2.639,27.22,23.75,17.406,0.915,168.05,8.888,82.71,128.55,0.9212,0.7764,0.632,28.8,0.4257,0,Sensor Drift,Normal,0.4367,649.93,No action,95.62
2026-01-01T04:16:40,M008,High Altitude,24171.5,-33.96,63.51,2906.2,111.22,610.85,4.359,98.65,34.91,2.85,27.247,22.54,17.58,0.908,155.84,8.588,74.3,118.92,0.9214,0.7761,0.6177,30.23,0.399,0,Sensor Drift,Normal,0.425,692.63,No action,98.94
2026-01-01T04:16:50,M008,Endurance,19566.0,16.76,54.07,2694.7,113.16,580.91,4.62,89.94,31.6,2.373,27.342,22.97,17.564,0.751,140.19,7.888,66.72,108.26,0.916,0.7715,0.6376,28.24,0.3332,0,Sensor Drift,Normal,0.4414,641.26,No action,99.38
2026-01-01T04:17:00,M008,Cruise,16514.0,20.48,66.38,2940.6,108.9,617.08,4.08,100.17,35.98,2.6,27.131,23.59,17.598,0.915,156.32,8.378,78.5,122.42,0.9234,0.7789,0.6387,28.13,0.3439,0,Sensor Drift,Normal,0.4424,653.41,No action,97.51
2026-01-01T04:17:10,M008,Cruise,15039.0,18.46,67.5,2955.5,116.1,620.25,4.176,100.5,35.27,2.582,27.006,23.53,17.418,0.84,161.18,8.351,77.71,123.43,0.9228,0.7785,0.6436,27.64,0.3809,0,Sensor Drift,Normal,0.4467,639.12,No action,97.44
2026-01-01T04:17:20,M008,Cruise,11381.4,19.58,77.88,3138.2,124.55,648.93,3.555,100.46,38.85,2.678,27.15,24.28,17.455,0.966,177.94,9.203,82.08,133.99,0.9228,0.7785,0.6436,27.64,0.5105,0,Sensor Drift,Normal,0.4467,624.81,No action,97.44
2026-01-01T04:17:30,M008,High Altitude,27652.0,-9.44,76.84,3086.7,116.33,646.72,3.875,107.55,38.1,2.713,27.082,23.7,17.672,0.98,175.94,8.843,86.03,131.67,0.918,0.7738,0.6462,27.38,0.4289,0,Sensor Drift,Normal,0.4489,642.91,No action,99.59
2026-01-01T04:17:40,M008,Endurance,18184.6,24.06,50.44,2717.1,102.57,596.65,4.431,91.9,32.48,2.568,27.105,22.16,17.651,0.735,141.25,7.516,65.32,104.47,0.9152,0.771,0.6443,27.57,0.3792,0,Sensor Drift,Normal,0.4472,659.45,No action,99.78
2026-01-01T04:17:50,M008,Cruise,17392.1,23.7,65.41,2879.2,111.54,611.64,3.675,98.74,35.96,2.664,27.126,23.14,17.449,0.86,163.81,8.223,73.33,121.32,0.9229,0.7786,0.6429,27.71,0.4711,0,Sensor Drift,Normal,0.446,610.78,No action,96.61
2026-01-01T04:18:00,M008,Hot Weather,16133.1,44.02,58.83,2817.0,127.51,638.48,3.778,110.84,34.6,2.479,27.211,22.65,17.382,0.784,152.87,8.24,68.84,112.23,0.9124,0.7681,0.6425,27.75,0.4933,0,Sensor Drift,Normal,0.4457,641.88,No action,97.21
2026-01-01T04:18:10,M008,High Altitude,28214.9,-28.44,75.65,3111.8,118.34,637.31,4.023,103.27,38.55,2.826,27.261,25.35,17.467,0.953,172.89,8.837,85.52,130.23,0.9169,0.7731,0.6554,26.46,0.4437,0,Sensor Drift,Normal,0.4571,632.8,No action,99.1
2026-01-01T04:18:20,M008,Hot Weather,10165.3,37.1,63.92,2938.3,122.09,629.02,4.144,104.34,34.75,2.733,27.204,23.88,17.48,0.882,155.17,8.209,73.16,117.34,0.9126,0.7682,0.641,27.9,0.4448,0,Sensor Drift,Normal,0.4444,638.76,No action,97.92
2026-01-01T04:18:30,M008,High Altitude,28400.8,-19.3,70.52,2942.7,116.51,630.87,4.159,100.9,37.3,2.67,27.171,24.4,17.639,0.909,163.58,8.72,81.16,125.43,0.9186,0.7742,0.6412,35.88,0.1369,0,Normal,Normal,0.1946,649.88,No action,96.71
2026-01-01T04:18:40,M008,Rapid Throttle,11638.4,20.19,38.03,2550.9,95.5,548.08,4.436,84.4,29.78,2.579,26.943,21.53,17.462,0.714,119.3,7.049,50.0,92.98,0.9203,0.7759,0.6393,36.07,0.1179,0,Normal,Normal,0.1929,650.82,No action,99.04
2026-01-01T04:18:50,M008,High Altitude,27242.7,-19.92,72.84,3046.8,119.08,637.54,3.751,100.79,36.98,2.861,27.18,23.74,17.461,0.968,173.79,8.515,80.64,127.84,0.9189,0.7744,0.6386,36.14,0.229,0,Normal,Normal,0.1923,643.62,No action,96.17
2026-01-01T04:19:00,M008,Endurance,17839.0,15.81,67.46,2915.1,113.9,616.06,3.833,98.41,36.36,2.745,27.246,23.37,17.481,0.879,169.32,8.452,75.39,121.69,0.916,0.7715,0.6377,36.23,0.1637,0,Normal,Normal,0.1915,656.0,No action,95.67
2026-01-01T04:19:10,M008,High Altitude,24943.1,-12.49,70.19,3010.0,110.36,632.54,3.937,100.14,37.43,2.945,27.181,24.34,17.584,0.904,171.7,8.261,79.25,125.01,0.9182,0.7739,0.6445,35.55,0.1889,0,Normal,Normal,0.1974,643.67,No action,99.12
2026-01-01T04:19:20,M008,High Altitude,25256.4,-32.2,66.46,2997.1,110.33,616.35,3.954,97.72,35.78,2.716,27.23,23.61,17.313,0.819,157.43,8.369,75.48,121.4,0.9189,0.7744,0.6386,36.14,0.187,0,Normal,Normal,0.1923,650.14,No action,98.37
2026-01-01T04:19:30,M008,Hot Weather,16117.5,47.38,76.03,3063.2,133.57,709.14,3.945,119.33,37.43,2.88,27.175,24.54,17.486,0.903,176.6,8.811,83.12,129.59,0.9134,0.7688,0.634,36.6,0.2514,0,Normal,Normal,0.1884,668.77,No action,98.05
2026-01-01T04:19:40,M008,Hot Weather,11353.3,35.56,72.11,2938.8,127.41,663.53,3.91,111.74,36.84,2.717,27.361,22.97,17.296,0.91,165.55,8.612,79.89,125.55,0.9128,0.7684,0.6392,36.08,0.2573,0,Normal,Normal,0.1928,632.02,No action,96.89
2026-01-01T04:19:50,M008,High Altitude,25040.6,-7.19,71.11,2992.4,115.67,629.52,3.858,100.86,37.34,2.729,27.444,22.4,17.551,0.952,167.78,8.615,79.79,125.8,0.9175,0.7735,0.6501,34.99,0.178,0,Normal,Normal,0.2023,621.44,No action,97.36
2026-01-01T04:20:00,M008,Endurance,18271.6,13.98,45.2,2594.1,101.44,560.21,4.137,83.83,30.06,2.722,27.278,21.7,17.583,0.74,131.61,7.407,60.1,98.89,0.9132,0.7696,0.661,33.9,0.201,0,Normal,Normal,0.2122,606.92,No action,97.36
2026-01-01T04:20:10,M008,Cruise,13625.0,17.72,48.22,2730.3,103.25,579.13,4.245,89.14,30.1,2.533,27.273,22.73,17.271,0.784,130.65,7.804,59.65,103.71,0.9221,0.7781,0.6491,35.09,0.1151,0,Normal,Normal,0.2014,634.11,No action,96.43
2026-01-01T04:20:20,M008,Rapid Throttle,6084.4,29.19,58.14,2785.9,116.9,603.19,4.01,99.06,33.74,2.625,27.192,22.77,17.374,0.83,151.95,8.177,70.15,113.31,0.9202,0.7758,0.6401,35.99,0.1099,0,Normal,Normal,0.1936,659.44,No action,99.46
2026-01-01T04:20:30,M008,Hot Weather,10113.3,44.36,72.55,3018.3,125.38,666.19,4.175,115.58,37.31,2.539,27.277,24.45,17.348,0.962,167.43,8.607,80.76,125.72,0.9115,0.7675,0.6496,35.04,0.1791,0,Normal,Normal,0.2019,653.37,No action,97.04
2026-01-01T04:20:40,M008,Rapid Throttle,14019.6,26.21,77.72,3118.1,124.21,668.29,4.04,106.9,37.45,2.733,27.24,23.83,17.421,0.989,177.15,8.731,86.85,133.39,0.9214,0.7766,0.6303,36.97,0.2083,0,Normal,Normal,0.1853,653.92,No action,95.67
2026-01-01T04:20:50,M008,Rapid Throttle,6064.7,22.11,75.17,3062.1,119.42,631.57,4.068,106.17,36.51,2.831,27.231,24.01,17.42,0.961,172.08,8.93,82.36,130.33,0.9192,0.7751,0.6482,35.18,0.2116,0,Normal,Normal,0.2007,638.02,No action,99.02
2026-01-01T04:21:00,M008,Endurance,18363.7,7.2,54.63,2779.7,101.98,591.98,4.163,92.66,33.1,2.621,27.268,21.97,17.625,0.852,139.1,8.072,66.17,108.67,0.9152,0.7709,0.6445,35.55,0.1153,0,Normal,Normal,0.1974,648.28,No action,99.27
2026-01-01T04:21:10,M008,Cruise,16941.0,23.93,57.19,2789.4,105.73,608.49,4.157,97.59,33.34,2.526,27.404,22.63,17.449,0.789,139.32,7.716,66.29,112.74,0.9217,0.7778,0.6529,34.71,0.1738,0,Normal,Normal,0.2048,625.17,No action,98.53
2026-01-01T04:21:20,M008,Endurance,15794.4,14.95,54.9,2763.5,107.33,590.34,4.185,92.94,33.88,2.648,27.285,22.72,17.363,0.754,145.22,7.969,65.95,108.96,0.9153,0.771,0.6433,35.67,0.124,0,Normal,Normal,0.1963,641.25,No action,97.45
2026-01-01T04:21:30,M008,Hot Weather,16984.9,40.43,62.23,2875.9,118.52,640.74,4.154,108.38,35.39,2.544,27.146,22.61,17.302,0.8,149.98,8.156,72.0,115.74,0.913,0.7685,0.6374,36.26,0.1421,0,Normal,Normal,0.1912,646.75,No action,97.92
2026-01-01T04:21:40,M008,Rapid Throttle,9046.8,30.32,89.01,3243.6,133.6,693.9,3.742,117.66,40.28,2.975,27.099,25.51,17.318,1.085,196.65,9.43,95.85,144.44,0.9198,0.7755,0.6437,35.63,0.2769,0,Normal,Normal,0.1967,662.57,No action,98.71
2026-01-01T04:21:50,M008,Rapid Throttle,10283.5,30.94,72.3,3019.7,121.65,657.32,3.869,108.78,37.2,2.93,26.97,23.55,17.732,0.955,176.93,8.845,84.67,127.54,0.9197,0.7755,0.6441,35.59,0.2447,0,Normal,Normal,0.1971,647.41,No action,96.05
2026-01-01T04:22:00,M008,Endurance,15619.1,13.31,53.16,2703.4,108.33,574.57,4.426,89.83,32.18,2.667,27.079,22.82,17.483,0.796,137.31,7.633,67.3,107.15,0.9149,0.7708,0.6464,35.36,0.1628,0,Normal,Normal,0.1991,641.83,No action,97.72
2026-01-01T04:22:10,M008,Cruise,10713.2,20.71,65.53,2903.2,113.85,600.35,4.086,97.3,35.07,2.662,27.192,23.52,17.632,0.897,156.31,8.25,76.83,121.19,0.9216,0.7777,0.6533,34.67,0.139,0,Normal,Normal,0.2052,603.94,No action,96.2
2026-01-01T04:22:20,M008,Cruise,10307.8,23.67,57.14,2802.8,113.93,596.36,4.051,94.58,33.27,2.52,27.08,21.84,17.402,0.784,145.61,8.037,69.79,112.67,0.9216,0.7777,0.6535,34.65,0.1002,0,Normal,Normal,0.2053,631.86,No action,96.32
2026-01-01T04:22:30,M008,Cruise,15972.8,28.2,64.76,2944.3,116.55,630.9,4.048,101.92,36.21,2.59,27.023,23.14,17.228,0.866,159.09,8.299,72.21,120.4,0.9216,0.7777,0.6536,34.64,0.133,0,Normal,Normal,0.2055,599.37,No action,99.68
2026-01-01T04:22:40,M008,Hot Weather,17082.8,38.2,75.68,3054.9,132.61,680.07,3.744,115.53,37.06,2.831,27.307,24.3,17.363,0.887,170.32,8.698,83.44,128.95,0.9121,0.7679,0.6449,35.51,0.3036,0,Normal,Normal,0.1977,628.77,No action,96.54
2026-01-01T04:22:50,M008,Cruise,11211.0,16.78,45.66,2618.8,102.96,562.14,4.221,85.56,30.1,2.425,27.138,23.21,17.349,0.711,130.35,7.554,58.62,101.16,0.9224,0.7783,0.6467,35.33,0.0986,0,Normal,Normal,0.1993,643.57,No action,95.35
2026-01-01T04:23:00,M008,Cruise,17158.2,27.91,64.12,2918.7,114.48,625.41,4.041,101.21,34.73,2.577,27.351,23.05,17.473,0.867,157.39,8.317,74.09,119.56,0.9206,0.7771,0.6613,33.87,0.1122,0,Normal,Normal,0.2125,620.82,No action,96.66
2026-01-01T04:23:10,M008,Endurance,20319.8,9.41,55.47,2844.8,109.7,590.69,4.182,98.0,32.69,2.733,27.113,22.58,17.441,0.828,144.83,8.025,65.83,109.56,0.9154,0.7711,0.6423,35.77,0.1615,0,Normal,Normal,0.1955,605.63,No action,98.35
2026-01-01T04:23:20,M008,High Altitude,28288.4,-11.98,60.08,2789.9,109.45,593.87,4.019,92.73,33.94,2.597,27.087,23.24,17.532,0.807,146.01,8.326,71.84,114.72,0.9176,0.7736,0.6488,35.12,0.1588,0,Normal,Normal,0.2011,616.96,No action,98.23
2026-01-01T04:23:30,M008,Hot Weather,13465.2,38.58,71.61,3003.3,128.7,667.55,4.02,115.3,36.95,2.746,27.033,23.26,17.768,0.947,171.63,8.75,81.72,124.95,0.9123,0.768,0.6432,35.68,0.2008,0,Normal,Normal,0.1962,653.76,No action,96.08
2026-01-01T04:23:40,M008,High Altitude,27477.9,-15.22,60.82,2845.3,110.18,588.86,4.099,97.09,33.56,2.494,27.28,22.9,17.575,0.831,153.62,8.252,71.41,115.42,0.9174,0.7734,0.6512,34.88,0.1539,0,Normal,Normal,0.2033,628.33,No action,96.09
2026-01-01T04:23:50,M008,Hot Weather,12201.1,37.73,57.15,2801.1,117.92,614.2,4.176,107.56,33.26,2.59,27.228,22.3,17.509,0.792,141.07,7.968,69.21,110.37,0.9114,0.7674,0.6509,34.91,0.1638,0,Normal,Normal,0.203,628.42,No action,95.47
2026-01-01T04:24:00,M008,Endurance,23363.4,19.24,59.62,2785.6,111.73,588.61,4.061,98.12,33.71,2.674,27.11,22.82,17.525,0.828,148.43,8.094,70.79,113.21,0.9128,0.7693,0.6645,33.55,0.143,0,Normal,Normal,0.2154,594.53,No action,97.16
2026-01-01T04:24:10,M008,Rapid Throttle,14818.7,21.59,72.93,2988.2,118.58,626.21,3.8,100.77,36.6,2.606,27.238,23.21,17.475,0.943,174.72,8.836,82.81,128.04,0.9191,0.7751,0.6491,35.09,0.1452,0,Normal,Normal,0.2014,633.93,No action,99.52
2026-01-01T04:24:20,M008,Endurance,17620.4,13.62,58.23,2806.4,108.31,603.43,4.124,96.61,33.9,2.575,27.189,21.65,17.448,0.85,147.16,7.799,70.97,111.74,0.9123,0.769,0.6682,33.18,0.1823,0,Normal,Normal,0.2188,611.38,No action,99.0
2026-01-01T04:24:30,M008,High Altitude,29207.0,-11.21,72.84,3033.6,116.48,619.3,3.83,98.29,37.33,2.903,27.284,24.16,17.562,0.96,165.76,8.584,82.83,127.21,0.916,0.7725,0.6626,33.74,0.1812,0,Normal,Normal,0.2137,599.77,No action,97.66
2026-01-01T04:24:40,M008,Endurance,22684.5,5.47,68.76,2961.2,114.01,610.24,4.074,97.45,35.93,2.566,27.27,23.33,17.656,0.893,165.1,8.609,79.64,122.6,0.9141,0.7702,0.6533,34.67,0.1892,0,Normal,Normal,0.2052,599.37,No action,98.91
2026-01-01T04:24:50,M008,Rapid Throttle,10896.1,23.27,72.21,3032.1,119.78,633.59,3.843,105.93,37.41,2.703,27.123,23.24,17.555,0.882,170.12,8.388,80.24,127.25,0.9188,0.7749,0.6518,34.82,0.1797,0,Normal,Normal,0.2038,650.81,No action,99.61
2026-01-01T04:25:00,M008,Endurance,22358.4,6.75,61.31,2863.3,110.24,601.21,3.971,90.58,33.95,2.735,27.108,23.1,17.18,0.853,145.93,8.266,70.4,114.98,0.9132,0.7697,0.6604,33.96,0.1901,0,Normal,Normal,0.2116,592.45,No action,98.83
2026-01-01T04:25:10,M008,Hot Weather,16623.4,46.73,68.85,2975.1,125.21,673.96,4.124,115.53,36.12,2.741,27.205,23.56,17.377,0.903,161.35,8.499,77.5,122.2,0.9123,0.768,0.6433,35.67,0.2225,0,Normal,Normal,0.1964,636.64,No action,96.35
2026-01-01T04:25:20,M008,High Altitude,27314.5,-32.11,53.75,2751.1,104.12,593.58,4.017,90.88,32.56,2.53,27.426,21.89,17.333,0.742,136.82,7.667,66.72,108.05,0.9161,0.7725,0.6621,33.79,0.1408,0,Normal,Normal,0.2131,613.36,No action,97.01
2026-01-01T04:25:30,M008,Hot Weather,8541.6,43.3,60.29,2833.8,121.54,656.43,4.03,105.63,33.23,2.691,27.263,22.29,17.474,0.807,152.63,7.777,73.35,113.17,0.9097,0.7663,0.6648,33.52,0.2147,0,Normal,Normal,0.2156,601.71,No action,98.49
2026-01-01T04:25:40,M008,Cruise,13082.1,19.75,62.59,2861.7,104.46,604.76,4.059,97.31,34.31,2.754,27.344,22.62,17.391,0.898,155.41,8.099,71.93,118.02,0.9207,0.7771,0.6608,33.92,0.16,0,Normal,Normal,0.212,607.02,No action,99.85
2026-01-01T04:25:50,M008,Endurance,21185.0,13.48,41.74,2545.6,96.48,546.45,4.382,87.69,30.46,2.566,27.121,21.27,17.382,0.719,124.65,7.4,59.57,95.44,0.9132,0.7697,0.6604,33.96,0.1186,0,Normal,Normal,0.2117,617.8,No action,96.67
2026-01-01T04:26:00,M008,Rapid Throttle,13132.2,33.68,67.4,3007.4,121.87,642.03,4.155,106.82,36.05,2.774,27.145,24.02,17.463,0.901,165.71,8.487,78.13,122.48,0.9192,0.7752,0.648,35.2,0.1768,0,Normal,Normal,0.2005,634.12,No action,99.61
2026-01-01T04:26:10,M008,Endurance,18398.3,8.25,54.37,2786.2,104.96,599.03,4.119,91.09,32.3,2.793,27.432,22.34,17.438,0.806,138.77,7.77,66.8,108.1,0.9135,0.7698,0.6587,34.13,0.1601,0,Normal,Normal,0.2101,609.39,No action,98.3
2026-01-01T04:26:20,M008,Cruise,17876.5,18.37,55.16,2705.2,105.45,582.12,4.027,91.7,32.36,2.734,27.264,22.62,17.512,0.791,143.74,7.612,69.05,110.32,0.9198,0.7765,0.6684,33.16,0.1134,0,Normal,Normal,0.2191,593.25,No action,96.11
2026-01-01T04:26:30,M008,Hot Weather,15507.7,35.86,75.25,3129.8,126.23,662.73,3.97,110.03,37.93,2.807,27.196,24.86,17.212,0.947,172.03,8.838,84.94,128.01,0.9097,0.7663,0.6648,33.52,0.2568,0,Normal,Normal,0.2156,587.62,No action,96.32
2026-01-01T04:26:40,M009,Endurance,15959.5,17.74,64.47,2939.6,112.72,626.44,3.971,96.38,35.85,2.563,27.014,22.63,17.566,0.88,154.43,8.215,73.39,118.31,0.9141,0.7702,0.6535,34.65,0.1257,0,Normal,Normal,0.2054,642.39,No action,96.51
2026-01-01T04:26:50,M009,Cruise,11334.9,25.28,70.94,2938.5,118.89,636.36,3.904,106.08,36.06,2.757,27.215,24.18,17.627,0.898,166.96,8.645,79.65,126.48,0.9207,0.7771,0.661,33.9,0.199,0,Normal,Normal,0.2122,615.5,No action,95.11
2026-01-01T04:27:00,M009,Endurance,21524.6,21.77,58.33,2786.6,108.36,610.6,4.229,97.67,34.95,2.591,27.236,22.46,17.354,0.803,148.54,7.798,69.03,111.98,0.9131,0.7695,0.6619,33.81,0.1398,0,Normal,Normal,0.213,607.68,No action,95.19
2026-01-01T04:27:10,M009,Cruise,14204.9,24.43,63.63,2862.2,114.99,627.8,3.912,97.36,34.18,2.642,27.149,22.33,17.461,0.806,154.35,8.176,73.88,118.97,0.9202,0.7768,0.665,33.5,0.1444,0,Normal,Normal,0.2158,591.13,No action,97.1
2026-01-01T04:27:20,M009,Rapid Throttle,11385.2,24.99,81.78,3094.8,126.5,656.2,3.725,107.0,38.68,2.953,27.188,24.22,17.421,0.965,179.85,8.906,90.01,136.53,0.9172,0.7738,0.6652,33.48,0.311,0,Normal,Normal,0.216,595.21,No action,99.85
2026-01-01T04:27:30,M009,High Altitude,29269.6,-30.38,61.1,2853.4,112.16,611.38,3.769,96.77,34.89,2.752,27.051,22.43,17.526,0.83,146.89,7.976,72.5,115.1,0.9143,0.7714,0.6765,32.35,0.2135,0,Normal,Normal,0.2268,589.01,No action,98.21
2026-01-01T04:27:40,M009,Rapid Throttle,6330.0,34.62,80.81,3162.3,130.68,679.09,3.814,112.63,39.56,2.746,27.234,24.08,17.604,0.986,184.63,8.797,85.97,136.14,0.9197,0.7755,0.6441,35.59,0.2657,0,Normal,Normal,0.1971,635.61,No action,99.29
2026-01-01T04:27:50,M009,Endurance,16644.1,7.95,58.69,2811.5,110.02,609.0,4.024,98.38,32.72,2.472,27.19,22.25,17.631,0.825,147.43,7.921,68.9,112.23,0.9125,0.7692,0.6665,33.35,0.0883,0,Normal,Normal,0.2173,599.4,No action,96.57
2026-01-01T04:28:00,M009,Rapid Throttle,15297.8,27.01,48.41,2651.9,104.01,580.95,4.277,97.88,31.31,2.8,27.187,21.68,17.385,0.739,129.79,7.598,60.14,102.89,0.9169,0.7736,0.6676,33.24,0.1419,0,Normal,Normal,0.2183,588.33,No action,99.25
2026-01-01T04:28:10,M009,High Altitude,27843.7,-33.98,62.32,2862.0,112.5,615.33,4.136,93.37,33.01,2.526,27.075,22.8,17.3,0.853,157.22,8.35,73.45,116.73,0.9164,0.7728,0.6592,34.08,0.122,0,Normal,Normal,0.2105,622.33,No action,97.23
2026-01-01T04:28:20,M009,Rapid Throttle,14858.0,32.88,89.29,3239.8,129.49,688.79,3.654,120.31,41.48,3.096,27.017,25.1,17.528,1.052,195.22,9.482,94.24,144.24,0.9178,0.7742,0.66,34.0,0.3297,0,Normal,Normal,0.2113,618.0,No action,98.48
2026-01-01T04:28:30,M009,Rapid Throttle,9736.2,34.07,74.46,3050.6,126.74,657.11,3.99,111.58,37.11,2.705,27.341,23.93,17.303,0.94,170.45,8.475,84.07,129.06,0.9167,0.7735,0.669,33.1,0.2049,0,Normal,Normal,0.2196,598.84,No action,96.07
2026-01-01T04:28:40,M009,High Altitude,28455.4,-14.39,67.05,2959.5,116.19,624.5,4.11,100.35,35.68,2.588,27.117,23.18,17.452,0.825,157.18,8.639,76.96,121.62,0.9171,0.7732,0.6534,34.66,0.1296,0,Normal,Normal,0.2053,622.53,No action,99.28
2026-01-01T04:28:50,M009,Rapid Throttle,6959.5,31.16,79.76,3095.8,127.34,670.38,4.084,116.26,39.31,2.834,27.228,24.73,17.366,1.012,177.64,9.121,86.97,134.68,0.918,0.7743,0.6585,34.15,0.2237,0,Normal,Normal,0.2099,609.37,No action,97.5
2026-01-01T04:29:00,M009,Cruise,14082.8,18.38,55.76,2817.6,107.79,595.87,4.076,93.38,33.31,2.679,27.209,23.19,17.251,0.78,139.69,7.988,67.64,111.11,0.9208,0.7772,0.6604,33.96,0.1242,0,Normal,Normal,0.2116,618.51,No action,98.12
2026-01-01T04:29:10,M009,Cruise,10232.8,20.59,51.17,2717.8,103.15,577.0,4.269,90.18,32.59,2.518,27.202,22.59,17.589,0.728,134.49,7.706,65.08,106.2,0.9193,0.7762,0.6723,32.77,0.1065,0,Normal,Normal,0.2227,570.68,No action,97.17
2026-01-01T04:29:20,M009,Hot Weather,15817.3,38.27,63.74,2897.9,121.94,647.33,4.117,105.78,35.62,2.708,27.138,22.81,17.476,0.836,152.65,8.353,70.74,116.6,0.9097,0.7663,0.6646,33.54,0.1878,0,Normal,Normal,0.2155,602.25,No action,95.47
2026-01-01T04:29:30,M009,Rapid Throttle,13953.2,22.71,61.58,2815.0,109.78,602.58,4.145,98.86,34.04,2.559,27.277,22.97,17.165,0.853,151.89,8.322,73.02,116.19,0.9171,0.7738,0.6656,33.44,0.0925,0,Normal,Normal,0.2164,595.87,No action,95.4
2026-01-01T04:29:40,M009,High Altitude,28921.3,-18.7,66.28,2886.3,113.65,625.53,3.835,99.12,34.63,2.767,27.049,23.31,17.417,0.874,162.88,8.119,75.95,120.74,0.9165,0.7729,0.658,34.2,0.1519,0,Normal,Normal,0.2094,632.15,No action,96.83
2026-01-01T04:29:50,M009,Cruise,13250.7,16.4,60.45,2861.1,112.57,592.81,4.007,96.82,35.28,2.642,27.12,23.41,17.333,0.849,157.39,7.976,71.77,115.61,0.9194,0.7763,0.6713,32.87,0.0967,0,Normal,Normal,0.2218,576.23,No action,96.91
2026-01-01T04:30:00,M009,Cruise,12252.6,27.52,66.4,2910.4,120.85,623.01,3.906,102.73,36.77,2.65,27.172,23.4,17.571,0.922,157.64,8.389,75.46,121.7,0.9198,0.7765,0.6684,33.16,0.179,0,Normal,Normal,0.219,592.68,No action,99.0
2026-01-01T04:30:10,M009,High Altitude,25554.2,-25.8,70.84,3007.0,118.43,630.86,3.936,96.49,35.92,2.646,27.315,24.14,17.448,0.925,167.32,8.441,79.79,125.17,0.9158,0.7724,0.6638,33.62,0.2375,0,Normal,Normal,0.2147,593.43,No action,95.34
2026-01-01T04:30:20,M009,Endurance,20962.2,10.48,54.99,2713.5,107.83,575.99,4.067,94.64,33.42,2.469,27.217,22.81,17.372,0.774,142.69,7.89,68.13,108.59,0.9128,0.7694,0.6642,33.58,0.1355,0,Normal,Normal,0.2151,614.43,No action,97.01
2026-01-01T04:30:30,M009,Endurance,16893.9,15.94,60.44,2848.7,110.02,585.72,3.999,96.93,33.75,2.628,27.164,22.79,17.546,0.838,155.25,8.084,72.44,114.01,0.9127,0.7693,0.6651,33.49,0.1559,0,Normal,Normal,0.216,609.23,No action,96.93
2026-01-01T04:30:40,M009,Endurance,23937.3,24.44,62.13,2891.4,114.69,607.43,4.054,97.35,34.58,2.764,27.284,22.61,17.338,0.842,155.91,8.163,74.27,115.91,0.9138,0.77,0.6561,34.39,0.1458,0,Normal,Normal,0.2077,642.23,No action,96.74
2026-01-01T04:30:50,M009,Endurance,19490.4,6.56,57.09,2787.3,113.36,590.01,4.137,93.95,32.99,2.726,27.308,22.84,17.539,0.854,142.17,7.869,67.96,110.73,0.913,0.7695,0.6624,33.76,0.1713,0,Normal,Normal,0.2135,608.78,No action,95.31
2026-01-01T04:31:00,M009,Endurance,20715.7,5.95,58.56,2812.8,110.37,601.98,3.962,97.34,34.47,2.946,27.536,22.9,17.54,0.766,148.03,7.958,69.33,112.07,0.9124,0.7691,0.6679,33.21,0.1836,0,Normal,Normal,0.2185,605.98,No action,95.42
2026-01-01T04:31:10,M009,Hot Weather,11273.7,38.38,61.01,2909.6,118.61,633.49,4.152,108.17,34.23,2.732,27.289,22.68,17.519,0.811,146.75,8.051,71.54,113.68,0.9086,0.7656,0.6738,32.62,0.1402,0,Normal,Normal,0.2242,595.25,No action,95.88
2026-01-01T04:31:20,M009,Cruise,13667.1,24.82,55.77,2815.5,111.3,602.74,4.056,96.99,33.51,2.788,27.258,22.66,17.287,0.858,141.13,7.966,68.28,111.13,0.9208,0.7772,0.66,34.0,0.1317,0,Normal,Normal,0.2113,619.72,No action,96.77
2026-01-01T04:31:30,M009,High Altitude,28807.5,-7.29,75.37,3077.5,121.81,636.69,3.816,101.64,37.74,2.807,27.323,23.61,17.551,0.977,174.31,8.791,81.91,129.45,0.9146,0.7716,0.6738,32.62,0.2512,0,Normal,Normal,0.2242,575.45,No action,95.02
2026-01-01T04:31:40,M009,High Altitude,24776.5,-31.17,66.34,2916.7,111.9,613.61,4.021,99.55,34.53,2.765,27.297,23.31,17.388,0.888,156.9,8.411,75.03,120.72,0.9162,0.7726,0.6612,33.88,0.1596,0,Normal,Normal,0.2123,600.24,No action,97.47
2026-01-01T04:31:50,M009,High Altitude,26495.4,-16.3,58.13,2808.3,107.94,598.26,4.185,94.79,35.3,2.672,27.087,23.48,17.243,0.786,148.97,7.874,68.89,112.56,0.9166,0.7729,0.6575,34.25,0.126,0,Normal,Normal,0.209,583.26,No action,95.14
2026-01-01T04:32:00,M009,Endurance,22914.6,9.27,61.34,2872.9,111.95,586.04,4.092,93.48,34.53,2.72,27.066,23.1,17.557,0.783,149.98,8.52,74.65,115.26,0.9145,0.7705,0.65,35.0,0.1725,0,Normal,Normal,0.2023,625.11,No action,98.85
2026-01-01T04:32:10,M009,High Altitude,24359.8,-27.0,81.75,3191.3,121.88,654.68,3.846,105.75,38.81,2.911,27.299,24.23,17.434,0.976,183.1,9.077,89.43,136.65,0.9181,0.7739,0.6449,35.51,0.2276,0,Normal,Normal,0.1978,631.97,No action,98.22
2026-01-01T04:32:20,M009,Endurance,22224.5,11.82,63.41,2910.5,115.66,614.79,3.967,98.04,35.45,2.847,27.194,22.44,17.504,0.875,157.55,8.491,71.9,117.08,0.9132,0.7697,0.6605,33.95,0.1645,0,Normal,Normal,0.2117,619.64,No action,95.06
2026-01-01T04:32:30,M009,Rapid Throttle,11997.1,28.53,84.71,3167.1,131.54,669.55,4.116,111.29,39.18,2.967,27.194,25.08,17.366,0.967,183.63,9.105,90.06,139.28,0.9163,0.7732,0.6725,32.75,0.291,0,Normal,Normal,0.2229,595.39,No action,96.7
2026-01-01T04:32:40,M009,Rapid Throttle,15128.1,26.8,74.12,3032.3,123.67,651.26,3.71,105.99,37.37,2.711,27.121,23.34,17.514,0.967,167.99,8.821,80.05,128.66,0.9164,0.7733,0.6713,32.87,0.2324,0,Normal,Normal,0.2218,596.14,No action,98.07
2026-01-01T04:32:50,M009,Cruise,13240.8,27.64,65.81,2930.9,114.16,636.3,3.946,103.81,35.63,2.832,27.208,23.88,17.513,0.892,160.23,8.19,77.09,120.73,0.918,0.7753,0.6832,31.68,0.1192,0,Normal,Normal,0.2332,543.89,No action,96.18
2026-01-01T04:33:00,M009,Rapid Throttle,15016.2,31.13,80.14,3162.4,131.03,682.9,3.881,111.26,38.85,2.865,27.198,23.86,17.366,0.941,177.77,9.154,88.02,134.86,0.9171,0.7737,0.6659,33.41,0.3028,0,Normal,Normal,0.2167,587.08,No action,95.86
2026-01-01T04:33:10,M009,Rapid Throttle,6595.8,27.19,77.39,3088.9,125.92,652.51,3.873,106.99,38.79,2.914,27.225,24.18,17.363,0.993,178.52,8.758,83.16,131.82,0.9159,0.7729,0.6759,32.41,0.2529,0,Normal,Normal,0.2261,575.87,No action,98.3
2026-01-01T04:33:20,M009,Rapid Throttle,10535.5,28.57,77.11,3078.9,120.84,653.73,3.776,108.6,37.67,3.003,26.823,23.68,17.454,0.926,172.98,8.744,84.86,131.42,0.9153,0.7726,0.6805,31.95,0.2251,0,Normal,Normal,0.2305,606.54,No action,98.08
2026-01-01T04:33:30,M009,Cruise,16234.8,24.12,56.3,2773.6,114.68,611.05,4.069,98.56,33.61,2.507,27.213,22.54,17.578,0.842,148.59,8.039,67.87,111.01,0.9173,0.7749,0.6888,31.12,0.1186,0,Normal,Normal,0.2388,559.68,No action,98.05
2026-01-01T04:33:40,M009,Endurance,19503.4,5.71,54.93,2755.0,107.75,592.34,4.234,92.54,32.79,2.682,27.1,22.55,17.191,0.856,145.23,7.93,70.76,108.22,0.9111,0.7682,0.6787,32.13,0.1229,0,Normal,Normal,0.2288,591.04,No action,97.48
2026-01-01T04:33:50,M009,Rapid Throttle,7975.0,29.22,83.43,3233.7,129.19,674.36,3.718,110.87,39.36,2.821,27.288,23.94,17.661,1.001,180.8,9.23,90.92,138.01,0.9164,0.7733,0.6718,32.82,0.2316,0,Normal,Normal,0.2223,603.5,No action,99.02
2026-01-01T04:34:00,M009,Cruise,11350.1,25.3,56.07,2764.5,108.21,595.97,4.092,95.92,34.43,2.572,27.295,22.4,17.542,0.786,142.01,8.1,69.65,111.1,0.919,0.776,0.6746,32.54,0.1666,0,Normal,Normal,0.2249,585.76,No action,98.53
2026-01-01T04:34:10,M009,Hot Weather,8763.0,37.66,68.79,2933.1,124.57,659.6,3.933,111.15,36.19,2.8,27.282,23.62,17.498,0.926,162.89,8.335,79.82,121.37,0.9086,0.7656,0.674,32.6,0.1861,0,Normal,Normal,0.2244,600.18,No action,97.93
2026-01-01T04:34:20,M009,Endurance,22737.3,12.75,72.1,3015.7,115.18,621.8,3.799,102.59,37.55,2.919,27.131,22.84,17.436,0.975,167.38,8.58,80.21,125.14,0.9103,0.7677,0.6847,31.53,0.2258,0,Normal,Normal,0.2347,579.77,No action,97.2
2026-01-01T04:34:30,M009,Rapid Throttle,14609.6,24.25,70.99,3028.6,120.97,646.9,3.766,105.67,37.94,3.006,27.148,23.7,17.304,0.89,164.18,8.513,78.9,125.03,0.9142,0.7718,0.6897,31.03,0.2643,0,Normal,Normal,0.2397,545.36,No action,99.08
2026-01-01T04:34:40,M009,High Altitude,25231.8,-23.52,66.58,2942.5,113.88,607.99,3.94,102.92,35.71,2.66,27.152,23.63,17.369,0.891,159.31,8.311,74.28,120.38,0.9133,0.7707,0.685,31.5,0.139,0,Normal,Normal,0.2349,586.53,No action,97.59
2026-01-01T04:34:50,M009,Cruise,13750.0,22.92,63.05,2887.1,113.12,610.0,4.156,96.3,36.12,2.655,27.204,23.34,17.48,0.829,156.95,8.275,75.81,118.06,0.9185,0.7757,0.6789,32.11,0.1227,0,Normal,Normal,0.229,570.44,No action,99.47
2026-01-01T04:35:00,M009,Cruise,17935.0,23.12,59.4,2790.1,113.23,600.61,3.941,96.95,34.64,2.687,27.107,22.31,17.385,0.867,144.56,8.023,71.4,114.15,0.9175,0.775,0.6878,31.22,0.1511,0,Normal,Normal,0.2378,571.22,No action,97.46
2026-01-01T04:35:10,M009,Endurance,14232.2,17.72,59.17,2849.2,111.89,596.25,4.132,95.35,33.37,2.691,27.202,23.18,17.465,0.845,147.71,8.172,71.56,112.58,0.9118,0.7687,0.6722,32.78,0.1788,0,Normal,Normal,0.2227,599.44,No action,99.42
2026-01-01T04:35:20,M009,Cruise,14727.1,29.98,52.56,2714.6,112.07,605.49,4.201,96.4,31.75,2.393,27.086,22.58,17.446,0.695,138.04,7.653,63.39,107.56,0.9191,0.7761,0.6743,32.57,0.1375,0,Normal,Normal,0.2246,599.78,No action,99.57
2026-01-01T04:35:30,M009,Hot Weather,8582.2,46.58,54.38,2753.7,120.58,641.13,4.292,110.08,32.68,2.434,27.226,22.84,17.514,0.777,142.92,7.68,68.02,107.43,0.9104,0.7667,0.6595,34.05,0.1313,0,Normal,Normal,0.2108,609.24,No action,98.37
2026-01-01T04:35:40,M009,Endurance,22024.7,13.23,52.76,2659.1,107.9,580.99,4.152,94.42,32.26,2.686,27.155,22.94,17.327,0.82,135.38,7.59,62.88,105.78,0.9095,0.7672,0.6915,30.85,0.0952,0,Normal,Normal,0.2414,552.17,No action,95.71
2026-01-01T04:35:50,M009,Endurance,23157.0,8.83,45.72,2585.3,105.01,573.06,4.202,88.23,30.87,2.621,26.895,20.89,17.407,0.716,126.63,7.525,60.57,99.16,0.9118,0.7687,0.6728,32.72,0.1109,0,Normal,Normal,0.2232,589.25,No action,99.75
2026-01-01T04:36:00,M009,Hot Weather,13559.9,36.17,70.05,2928.4,121.39,649.65,3.876,109.8,35.98,3.112,27.273,24.38,17.467,0.905,161.89,8.53,79.63,122.28,0.907,0.7645,0.6878,31.22,0.2506,0,Normal,Normal,0.2377,559.88,No action,95.01
2026-01-01T04:36:10,M009,High Altitude,27578.0,-10.07,66.25,2912.8,116.62,606.36,3.923,99.22,36.69,2.682,27.151,22.38,17.343,0.885,158.8,8.51,77.37,120.05,0.9133,0.7707,0.6849,31.51,0.1228,0,Normal,Normal,0.2349,564.09,No action,98.87
2026-01-01T04:36:20,M009,Endurance,20666.2,22.18,59.92,2824.4,110.56,601.42,4.032,94.95,33.0,2.624,27.36,22.68,17.4,0.827,149.09,7.969,70.35,113.18,0.9111,0.7682,0.6782,32.18,0.0938,0,Normal,Normal,0.2284,575.22,No action,95.41
2026-01-01T04:36:30,M009,Cruise,14592.7,15.84,61.35,2838.5,111.62,606.07,4.129,98.71,33.77,2.67,27.212,23.14,17.455,0.887,152.1,8.143,74.68,116.54,0.9195,0.7764,0.6706,32.94,0.1387,0,Normal,Normal,0.2211,598.56,No action,96.32
2026-01-01T04:36:40,M009,High Altitude,22500.3,-7.35,66.02,2887.7,113.8,611.42,3.844,98.0,36.77,2.715,26.917,22.7,17.274,0.874,159.24,8.457,75.2,119.87,0.9136,0.7709,0.6828,31.72,0.1227,0,Normal,Normal,0.2328,577.05,No action,95.98
2026-01-01T04:36:50,M009,Hot Weather,14805.9,45.05,81.27,3214.9,134.31,713.16,3.932,124.38,39.14,2.774,27.041,23.72,17.316,1.003,183.41,8.822,89.39,133.76,0.9088,0.7657,0.6728,32.72,0.2914,0,Normal,Normal,0.2232,568.8,No action,95.58
2026-01-01T04:37:00,M009,High Altitude,25683.4,-8.69,78.84,3079.8,119.96,634.79,3.737,103.69,38.84,2.767,27.038,23.62,17.315,0.976,177.63,8.906,87.65,133.0,0.915,0.7718,0.6711,32.89,0.2372,0,Normal,Normal,0.2216,604.71,No action,95.63
2026-01-01T04:37:10,M009,Hot Weather,8645.5,35.12,63.78,2913.9,119.84,652.79,3.961,104.74,35.48,2.701,26.938,22.22,17.366,0.881,156.88,8.386,73.31,116.35,0.9083,0.7654,0.6765,32.35,0.1776,0,Normal,Normal,0.2267,575.49,No action,98.24
2026-01-01T04:37:20,M009,Rapid Throttle,7430.2,22.89,71.28,3044.4,120.08,631.82,3.944,102.2,35.72,2.698,27.242,23.65,17.386,0.944,169.25,8.649,80.19,125.82,0.9166,0.7734,0.6704,32.96,0.1745,0,Normal,Normal,0.2209,581.95,No action,97.77
2026-01-01T04:37:30,M009,Hot Weather,15158.6,43.96,59.91,2808.9,122.81,633.37,4.156,109.27,33.89,2.856,27.269,22.97,17.486,0.822,151.05,7.841,72.4,112.23,0.9068,0.7644,0.6893,31.07,0.2192,0,Normal,Normal,0.2393,559.94,No action,97.33
2026-01-01T04:37:40,M009,Hot Weather,16230.6,44.38,70.41,2944.5,123.95,652.87,3.888,117.0,35.42,2.99,27.338,24.03,17.559,0.9,164.7,8.801,78.4,122.85,0.908,0.7652,0.6793,32.07,0.2959,0,Normal,Normal,0.2294,589.21,No action,99.89
2026-01-01T04:37:50,M009,High Altitude,26303.7,-15.09,77.65,3088.5,122.92,638.41,3.821,104.38,37.21,3.006,26.955,24.23,17.568,0.999,181.01,8.872,87.33,131.53,0.9137,0.771,0.6816,31.84,0.2391,0,Normal,Normal,0.2317,569.28,No action,98.41
2026-01-01T04:38:00,M009,Endurance,23642.0,22.31,67.5,2906.5,114.64,631.74,3.951,101.87,35.54,2.79,27.055,23.92,17.391,0.942,163.43,8.234,76.51,120.7,0.911,0.7681,0.6795,32.05,0.2004,0,Normal,Normal,0.2297,573.71,No action,95.78
2026-01-01T04:38:10,M009,Rapid Throttle,11966.9,25.27,64.22,2887.4,114.43,613.68,4.245,101.06,35.93,2.731,27.017,23.1,17.467,0.799,157.57,8.085,73.66,118.19,0.9139,0.7716,0.6926,30.74,0.1467,0,Normal,Normal,0.2426,555.18,No action,99.73
2026-01-01T04:38:20,M009,Endurance,21684.4,22.92,60.62,2862.7,107.84,609.73,3.921,98.74,34.59,2.825,27.429,23.01,17.634,0.822,153.59,8.215,72.69,113.75,0.9105,0.7678,0.6837,31.63,0.1485,0,Normal,Normal,0.2337,571.03,No action,96.3
2026-01-01T04:38:30,M009,Hot Weather,17803.8,47.01,74.58,3011.4,133.11,704.34,3.779,116.68,38.09,2.866,27.253,24.4,17.584,0.923,170.67,8.605,81.63,126.69,0.9067,0.7643,0.6897,31.03,0.2685,0,Normal,Normal,0.2397,557.68,No action,99.82
2026-01-01T04:38:40,M009,Hot Weather,13296.6,39.77,67.87,2924.3,123.52,651.29,3.848,111.65,36.59,2.857,27.055,22.92,17.417,0.878,162.22,8.358,76.2,120.39,0.9083,0.7654,0.6769,32.31,0.2522,0,Normal,Normal,0.2271,574.57,No action,99.57
2026-01-01T04:38:50,M009,Hot Weather,13597.9,45.11,65.85,2910.7,124.81,662.83,4.097,113.34,35.84,2.998,26.853,23.52,17.436,0.837,158.62,8.315,76.35,118.37,0.9082,0.7653,0.6778,32.22,0.217,0,Normal,Normal,0.228,587.98,No action,96.03
2026-01-01T04:39:00,M009,Hot Weather,11305.1,47.58,69.2,2977.7,129.37,677.9,3.889,119.81,36.94,2.683,27.252,23.75,17.518,0.918,165.06,8.769,80.05,121.77,0.9086,0.7655,0.6744,32.56,0.2369,0,Normal,Normal,0.2247,580.05,No action,96.92
2026-01-01T04:39:10,M009,Hot Weather,11149.3,35.69,58.96,2751.8,117.2,625.7,3.978,101.89,33.52,2.886,27.348,22.55,17.35,0.837,146.84,7.981,72.9,111.52,0.908,0.7651,0.6795,32.05,0.1851,0,Normal,Normal,0.2296,588.77,No action,95.5
2026-01-01T04:39:20,M009,Endurance,18863.2,7.29,66.45,2943.9,114.24,620.69,4.015,96.62,36.05,2.811,27.195,23.7,17.601,0.871,158.3,8.298,72.7,119.31,0.9093,0.767,0.6935,30.65,0.1598,0,Normal,Normal,0.2435,584.04,No action,98.42
2026-01-01T04:39:30,M009,Endurance,16166.0,24.89,66.2,2936.0,113.66,616.75,3.968,102.79,35.16,2.639,27.176,23.17,17.455,0.873,162.78,8.44,74.77,119.4,0.911,0.7681,0.6795,32.05,0.1872,0,Normal,Normal,0.2296,602.57,No action,97.73
2026-01-01T04:39:40,M009,Endurance,23007.1,12.85,57.23,2701.1,106.5,592.01,3.919,91.5,34.48,2.76,27.211,21.3,17.411,0.819,144.29,8.069,68.14,110.6,0.9116,0.7686,0.6742,32.58,0.1606,0,Normal,Normal,0.2245,575.83,No action,95.52
2026-01-01T04:39:50,M009,Rapid Throttle,15698.7,30.31,70.57,3070.3,123.25,636.75,3.854,107.51,35.6,2.747,27.16,23.78,17.487,0.932,169.65,8.519,80.47,124.87,0.9154,0.7726,0.6801,31.99,0.2425,0,Normal,Normal,0.2302,589.8,No action,98.23
2026-01-01T04:40:00,M009,High Altitude,28721.7,-34.76,71.79,2992.1,118.11,634.01,4.027,101.45,38.31,2.684,27.242,23.37,17.69,0.895,166.64,8.695,82.33,125.62,0.9135,0.7708,0.6836,31.64,0.1606,0,Normal,Normal,0.2336,584.3,No action,97.89
2026-01-01T04:40:10,M009,High Altitude,23670.9,-10.67,69.17,2953.1,116.51,620.54,4.0,101.49,37.11,2.871,27.114,22.7,17.702,0.885,163.68,8.482,79.53,122.81,0.9125,0.7702,0.6913,30.87,0.2026,0,Normal,Normal,0.2413,569.06,No action,99.6
2026-01-01T04:40:20,M009,Endurance,15954.5,10.34,56.04,2763.1,108.71,576.29,3.901,96.03,33.67,2.632,26.987,22.27,17.226,0.823,149.03,7.93,70.77,108.92,0.9089,0.7668,0.6965,30.35,0.1267,0,Normal,Normal,0.2465,562.68,No action,95.25
2026-01-01T04:40:30,M009,Endurance,15101.8,14.73,43.14,2567.3,102.25,554.02,4.313,90.06,29.13,2.453,27.147,21.26,17.501,0.659,124.96,7.5,55.42,96.5,0.9112,0.7683,0.6779,32.21,0.1614,0,Normal,Normal,0.228,582.02,No action,97.23
2026-01-01T04:40:40,M009,Endurance,20950.5,17.12,57.83,2796.7,107.94,587.15,4.177,93.86,34.71,2.823,27.145,22.11,17.465,0.774,149.12,8.056,67.6,111.05,0.9108,0.768,0.6808,31.92,0.1367,0,Normal,Normal,0.2309,568.63,No action,98.11
2026-01-01T04:40:50,M009,Rapid Throttle,14216.7,30.67,66.78,2916.9,120.78,625.82,4.059,103.6,36.95,2.943,26.985,23.76,17.434,0.852,152.29,8.682,77.74,120.69,0.9136,0.7714,0.695,30.5,0.2449,0,Normal,Normal,0.245,581.15,No action,98.21
2026-01-01T04:41:00,M009,High Altitude,26606.9,-34.09,65.94,2919.6,114.07,624.18,3.898,99.72,35.51,2.658,27.202,22.43,17.371,0.883,151.72,8.371,76.69,119.59,0.9126,0.7702,0.6907,30.93,0.1361,0,Normal,Normal,0.2406,563.44,No action,96.32
2026-01-01T04:41:10,M009,Rapid Throttle,15481.5,20.8,72.83,2994.6,114.57,631.41,3.969,103.87,37.06,2.798,26.979,24.81,17.373,0.919,165.77,8.719,80.69,127.17,0.9156,0.7727,0.6784,32.16,0.2201,0,Normal,Normal,0.2286,595.62,No action,97.86
2026-01-01T04:41:20,M009,Endurance,17815.9,19.64,48.2,2675.8,102.76,569.07,4.408,88.33,31.71,2.729,26.98,22.56,17.574,0.765,131.88,7.496,62.5,101.21,0.9093,0.767,0.6934,30.66,0.1498,0,Normal,Normal,0.2434,549.61,No action,97.63
2026-01-01T04:41:30,M009,Rapid Throttle,11421.9,29.63,43.48,2634.6,104.76,575.36,4.202,94.1,30.72,2.456,27.18,21.07,17.415,0.711,124.44,7.394,57.87,97.4,0.9137,0.7715,0.6938,30.62,0.1358,0,Normal,Normal,0.2438,552.51,No action,99.57
2026-01-01T04:41:40,M009,Cruise,15153.0,29.32,60.73,2904.1,119.54,614.75,4.101,99.99,34.18,3.018,27.103,22.56,17.544,0.794,150.04,7.996,72.03,115.58,0.9179,0.7752,0.6845,31.55,0.2198,0,Normal,Normal,0.2345,554.7,No action,99.51
2026-01-01T04:41:50,M009,High Altitude,27796.7,-26.57,78.23,3148.5,122.5,646.63,3.662,103.87,38.49,2.989,27.108,24.86,17.615,0.976,177.64,9.096,85.5,131.43,0.9107,0.769,0.7068,29.32,0.2986,0,Normal,Normal,0.2571,527.03,No action,99.67
2026-01-01T04:42:00,M009,Hot Weather,11613.5,41.32,78.42,3090.6,131.34,692.05,3.718,117.56,39.06,2.781,27.189,24.69,17.224,0.931,173.54,8.877,84.68,130.4,0.9063,0.7641,0.693,30.7,0.2982,0,Normal,Normal,0.243,553.42,No action,97.83
2026-01-01T04:42:10,M009,Hot Weather,16198.6,44.18,66.24,2900.6,127.82,663.44,3.963,115.83,36.6,2.654,27.48,22.94,17.354,0.913,157.16,8.434,76.62,117.87,0.9038,0.7623,0.7144,28.56,0.2003,0,Normal,Normal,0.2653,505.07,No action,97.11
2026-01-01T04:42:20,M009,Rapid Throttle,15013.8,30.01,71.74,3007.2,122.99,654.75,4.007,104.1,36.47,2.941,27.347,23.2,17.43,0.973,166.93,8.567,81.35,125.73,0.9139,0.7716,0.6921,30.79,0.2157,0,Normal,Normal,0.2421,539.61,No action,97.7
2026-01-01T04:42:30,M009,Hot Weather,16567.4,42.25,52.61,2784.3,113.86,630.48,3.856,101.63,33.15,2.843,27.097,22.48,17.335,0.782,136.62,7.517,65.59,105.23,0.9079,0.7651,0.6802,31.98,0.1726,0,Normal,Normal,0.2303,570.14,No action,95.3
2026-01-01T04:42:40,M009,Rapid Throttle,12654.7,33.75,87.3,3195.8,134.94,691.53,3.71,120.13,41.28,2.874,27.074,24.56,17.427,1.036,188.23,9.524,93.74,140.98,0.9126,0.7707,0.7035,29.65,0.3216,0,Normal,Normal,0.2537,537.92,No action,95.81
2026-01-01T04:42:50,M009,High Altitude,22147.5,-9.96,62.46,2839.6,109.9,607.19,4.112,96.04,35.66,2.829,27.14,22.9,17.576,0.827,154.27,8.077,74.78,116.05,0.9123,0.77,0.6937,30.63,0.2092,0,Normal,Normal,0.2437,539.33,No action,98.45
2026-01-01T04:43:00,M009,Rapid Throttle,15121.0,20.67,94.87,3366.0,132.41,679.97,3.588,112.46,41.52,2.977,27.022,25.78,17.46,1.104,207.19,9.789,97.56,148.88,0.914,0.7716,0.692,30.8,0.3167,0,Normal,Normal,0.2419,563.28,No action,97.17
2026-01-01T04:43:10,M009,Rapid Throttle,12835.1,33.08,65.88,2903.6,114.2,648.09,3.924,104.08,34.95,2.637,27.044,22.78,17.543,0.896,156.75,8.202,75.81,120.0,0.9146,0.7721,0.6864,31.36,0.1617,0,Normal,Normal,0.2364,553.34,No action,96.68
2026-01-01T04:43:20,M009,Endurance,20918.7,11.36,48.94,2697.9,106.18,572.35,4.213,92.54,31.3,2.609,27.321,21.97,17.507,0.739,132.09,7.47,62.62,102.19,0.9107,0.768,0.6818,31.82,0.1447,0,Normal,Normal,0.2319,560.7,No action,97.77
2026-01-01T04:43:30,M009,Rapid Throttle,6813.6,23.27,71.22,2965.5,117.23,627.0,3.974,104.03,37.63,2.815,27.164,23.88,17.601,0.906,164.06,8.493,79.45,124.93,0.9127,0.7708,0.7027,29.73,0.1867,0,Normal,Normal,0.2529,511.2,No action,97.5
2026-01-01T04:43:40,M009,Rapid Throttle,11984.5,30.89,72.64,2995.8,124.22,652.07,3.888,107.57,36.76,2.78,27.33,23.06,17.389,0.951,165.73,8.374,78.64,126.51,0.9134,0.7713,0.6969,30.31,0.2149,0,Normal,Normal,0.2469,564.92,No action,97.56
2026-01-01T04:43:50,M009,Cruise,11266.8,18.84,50.77,2714.4,104.71,573.42,4.095,91.77,31.27,2.533,27.259,22.03,17.587,0.734,138.78,7.654,64.19,105.34,0.9168,0.7745,0.6933,30.67,0.1201,0,Normal,Normal,0.2432,545.65,No action,99.49
2026-01-01T04:44:00,M009,Hot Weather,9187.7,45.43,66.15,2949.3,124.43,671.54,3.787,115.01,34.81,2.845,27.165,23.36,17.471,0.836,156.94,8.401,76.56,118.25,0.9061,0.7639,0.695,30.5,0.2681,0,Normal,Normal,0.245,543.26,No action,95.66
2026-01-01T04:44:10,M009,Cruise,17506.2,27.53,62.96,2938.6,114.83,629.14,3.919,100.84,34.62,2.843,27.17,22.61,17.371,0.836,154.9,8.176,72.53,117.67,0.917,0.7747,0.6913,30.87,0.1789,0,Normal,Normal,0.2413,567.96,No action,98.46
2026-01-01T04:44:20,M009,Hot Weather,16993.0,40.37,67.03,2930.8,124.74,649.61,3.793,112.61,36.39,2.814,27.038,22.98,17.44,0.896,157.72,8.348,78.48,119.07,0.9059,0.7637,0.6969,30.31,0.2359,0,Normal,Normal,0.247,568.86,No action,97.26
2026-01-01T04:44:30,M009,Hot Weather,8245.1,35.99,74.16,3109.0,127.87,676.93,3.812,111.04,37.27,2.839,27.059,23.77,17.363,0.948,169.36,8.9,83.35,126.09,0.9059,0.7637,0.697,30.3,0.219,0,Normal,Normal,0.247,533.4,No action,97.85
2026-01-01T04:44:40,M009,Endurance,21113.3,5.34,57.33,2853.0,109.02,595.39,4.199,97.45,33.4,2.804,26.97,22.95,17.55,0.821,151.41,7.828,70.26,110.01,0.9079,0.7661,0.7049,29.51,0.1632,0,Normal,Normal,0.2551,525.58,No action,96.53
2026-01-01T04:44:50,M009,Rapid Throttle,13729.2,27.98,80.09,3048.8,126.49,679.21,3.796,110.02,39.23,2.863,27.17,23.85,17.457,0.973,175.34,8.669,87.84,133.79,0.9127,0.7708,0.7027,29.73,0.2712,0,Normal,Normal,0.2529,538.9,No action,95.26
2026-01-01T04:45:00,M009,High Altitude,26520.0,-27.58,84.85,3179.0,126.51,663.25,3.758,109.37,39.91,2.917,27.442,24.53,17.424,1.016,187.77,8.977,92.08,138.17,0.9113,0.7694,0.7014,29.86,0.2731,0,Normal,Normal,0.2515,524.86,No action,99.17
2026-01-01T04:45:10,M009,Rapid Throttle,15174.1,27.85,74.33,3058.0,121.76,666.33,3.983,103.48,37.04,2.773,27.205,24.01,17.429,1.001,166.03,8.7,85.99,128.19,0.9134,0.7712,0.6971,30.29,0.2194,0,Normal,Normal,0.2471,578.35,No action,97.22
2026-01-01T04:45:20,M009,High Altitude,24011.0,-6.76,75.23,3049.2,122.59,637.94,3.837,100.9,38.2,2.948,27.231,23.18,17.356,0.99,172.63,8.803,84.98,128.89,0.9127,0.7703,0.6902,30.98,0.2525,0,Normal,Normal,0.2402,565.71,No action,99.36
2026-01-01T04:45:30,M009,Endurance,17742.1,16.0,49.14,2634.0,107.77,560.63,4.19,90.66,30.87,2.63,27.139,21.62,17.467,0.748,133.44,7.543,59.56,101.86,0.9077,0.7659,0.707,29.3,0.1448,0,Normal,Normal,0.2574,536.78,No action,96.7
2026-01-01T04:45:40,M009,Hot Weather,9650.1,37.23,66.26,2923.4,116.34,649.18,3.917,110.79,35.87,3.103,27.28,23.52,17.329,0.911,158.97,8.35,76.58,118.29,0.9058,0.7637,0.6974,30.26,0.1663,0,Normal,Normal,0.2475,544.35,No action,99.14
2026-01-01T04:45:50,M009,Cruise,11415.5,17.16,60.22,2848.2,111.31,608.92,3.818,93.82,33.55,2.833,27.179,23.61,17.472,0.847,148.81,7.832,69.8,114.74,0.9162,0.7742,0.698,30.2,0.2027,0,Normal,Normal,0.2481,552.15,No action,97.68
2026-01-01T04:46:00,M009,Rapid Throttle,8506.5,22.56,61.75,2851.9,113.18,605.4,4.079,96.33,34.84,2.771,27.105,23.13,17.5,0.872,149.48,8.255,74.26,115.3,0.9118,0.7702,0.7102,28.98,0.1034,0,Normal,Normal,0.2607,520.67,No action,97.19
2026-01-01T04:46:10,M009,Rapid Throttle,6842.6,34.44,81.72,3197.1,131.11,677.42,3.74,113.21,38.54,2.966,27.147,23.79,17.485,0.984,180.44,8.779,90.52,135.63,0.9136,0.7714,0.6953,30.47,0.2784,0,Normal,Normal,0.2453,548.34,No action,97.64
2026-01-01T04:46:20,M009,Endurance,15459.9,10.38,49.75,2624.4,103.07,557.75,4.055,92.34,32.21,2.455,27.462,23.01,17.439,0.772,130.15,7.442,62.3,102.78,0.9095,0.7671,0.692,30.8,0.094,0,Normal,Normal,0.2419,568.59,No action,95.56
2026-01-01T04:46:30,M009,Endurance,22695.4,6.67,55.27,2785.0,108.51,592.04,4.201,97.06,32.75,2.905,27.35,22.52,17.522,0.843,141.14,8.012,68.53,107.98,0.908,0.7662,0.7043,29.57,0.2306,0,Normal,Normal,0.2546,525.74,No action,96.77
2026-01-01T04:46:40,M009,Hot Weather,10212.5,46.16,71.19,3052.4,132.5,668.04,3.961,116.38,36.05,2.607,27.032,22.96,17.312,0.881,168.73,8.488,81.94,123.33,0.9066,0.7642,0.6906,30.94,0.2422,0,Normal,Normal,0.2406,574.24,No action,97.88
2026-01-01T04:46:50,M009,Rapid Throttle,13444.7,21.61,88.83,3255.6,130.78,678.48,3.747,112.13,41.44,2.977,27.431,24.87,17.34,1.025,187.5,9.264,94.09,142.36,0.912,0.7704,0.7081,29.19,0.2802,0,Normal,Normal,0.2586,518.62,No action,96.68
2026-01-01T04:47:00,M009,Endurance,16384.4,9.27,61.04,2791.6,110.92,630.21,3.99,97.46,34.47,2.996,27.23,22.76,17.433,0.811,149.12,7.939,72.02,113.5,0.907,0.7655,0.7124,28.76,0.1834,0,Normal,Normal,0.2631,510.31,No action,95.14
2026-01-01T04:47:10,M009,High Altitude,23347.6,-27.87,72.05,3021.6,115.79,628.26,3.936,99.81,37.17,2.819,27.2,23.0,17.371,0.909,167.61,8.757,76.9,125.13,0.91,0.7685,0.7125,28.75,0.1379,0,Normal,Normal,0.2632,503.66,No action,99.87
2026-01-01T04:47:20,M009,Hot Weather,15128.0,44.5,74.91,3043.3,129.41,678.73,4.082,116.96,36.99,2.916,27.213,24.35,17.432,0.927,170.9,8.394,84.18,126.77,0.9056,0.7636,0.6991,30.09,0.2364,0,Normal,Normal,0.2491,530.49,No action,98.12
2026-01-01T04:47:30,M009,High Altitude,27025.4,-12.84,70.57,2959.8,119.74,637.74,3.879,102.72,35.95,2.983,27.295,23.18,17.447,0.9,165.62,9.05,81.07,123.8,0.9107,0.7689,0.707,29.3,0.2411,0,Normal,Normal,0.2574,519.45,No action,98.68
2026-01-01T04:47:40,M009,Hot Weather,17427.8,41.46,69.33,2963.4,130.68,650.44,3.794,112.02,36.74,2.82,27.126,23.08,17.503,0.926,159.73,8.55,78.92,121.39,0.9062,0.7639,0.6945,30.55,0.2968,0,Normal,Normal,0.2445,533.5,No action,99.86
2026-01-01T04:47:50,M009,Rapid Throttle,12491.7,28.27,73.31,3038.9,120.71,653.56,3.899,103.53,38.2,3.07,26.984,24.59,17.506,0.905,170.39,8.598,83.03,126.74,0.9114,0.7699,0.7132,28.68,0.2414,0,Normal,Normal,0.264,526.28,No action,99.93
2026-01-01T04:48:00,M009,High Altitude,26713.8,-33.03,79.66,3124.5,120.92,653.63,3.963,106.72,39.23,2.821,27.216,24.41,17.31,1.008,177.3,8.925,85.97,132.38,0.9086,0.7676,0.7241,27.59,0.2247,0,Normal,Normal,0.2758,517.45,No action,96.96
2026-01-01T04:48:10,M009,High Altitude,25688.9,-19.85,79.78,3101.8,123.6,649.28,3.882,103.88,39.33,2.909,27.163,23.4,17.13,0.987,176.83,9.01,89.87,133.26,0.912,0.7698,0.6961,30.39,0.2624,0,Normal,Normal,0.2462,559.42,No action,99.71
2026-01-01T04:48:20,M009,High Altitude,24203.3,-11.57,81.96,3113.4,122.93,701.94,3.656,106.76,39.88,4.571,27.4,24.66,17.647,0.99,175.08,8.901,91.1,135.35,0.9116,0.7696,0.6994,14.06,0.7862,1,Combustion Instability,Warning,0.4994,531.71,Inspect affected subsystem,98.81
2026-01-01T04:48:30,M009,Endurance,23345.7,12.56,56.7,2737.0,107.31,640.77,4.076,94.81,32.8,4.315,27.13,23.05,17.439,0.813,143.62,7.861,65.94,109.39,0.908,0.7662,0.7042,13.58,0.6146,1,Combustion Instability,Warning,0.5044,554.32,Inspect affected subsystem,96.63
2026-01-01T04:48:40,M009,High Altitude,22830.7,-9.35,64.24,2955.7,112.59,626.76,3.895,96.15,35.89,4.294,27.197,22.21,17.33,0.871,156.8,8.199,75.37,117.16,0.909,0.7678,0.7208,11.92,0.649,1,Combustion Instability,Warning,0.5222,505.24,Inspect affected subsystem,98.17
2026-01-01T04:48:50,M009,Hot Weather,17794.9,35.62,61.66,2866.4,120.24,662.35,4.269,110.95,35.72,4.223,27.495,22.61,17.368,0.865,144.54,8.127,73.48,113.54,0.9046,0.7629,0.7071,13.29,0.6253,1,Combustion Instability,Warning,0.5075,522.18,Inspect affected subsystem,99.67
2026-01-01T04:49:00,M009,Cruise,14908.9,28.97,78.13,3120.7,125.25,633.92,3.865,107.42,37.54,4.719,27.319,24.47,17.233,0.966,176.54,9.154,86.87,132.69,0.9159,0.7739,0.7007,13.93,0.7488,1,Combustion Instability,Warning,0.5008,541.97,Inspect affected subsystem,95.9
2026-01-01T04:49:10,M009,High Altitude,28624.4,-34.37,66.26,2906.6,113.46,659.68,3.773,99.55,35.57,4.563,27.053,23.55,17.439,0.882,160.84,8.173,76.33,119.49,0.9106,0.7689,0.7078,13.22,0.7145,1,Combustion Instability,Warning,0.5082,525.65,Inspect affected subsystem,96.37
2026-01-01T04:49:20,M009,Hot Weather,17626.0,44.91,71.2,2987.4,127.46,728.58,3.892,114.64,37.83,4.675,27.122,23.95,17.398,0.91,163.24,8.633,78.83,123.0,0.905,0.7632,0.704,13.6,0.7631,1,Combustion Instability,Warning,0.5043,539.29,Inspect affected subsystem,96.43
2026-01-01T04:49:30,M009,Endurance,20676.5,20.57,48.64,2725.3,105.88,569.27,4.089,89.4,31.2,4.113,27.06,21.88,17.557,0.755,133.29,7.68,64.4,101.49,0.9084,0.7665,0.7005,13.95,0.6079,1,Combustion Instability,Warning,0.5007,547.88,Inspect affected subsystem,98.59
2026-01-01T04:49:40,M009,Hot Weather,11669.2,42.42,72.91,2999.1,130.37,683.48,3.901,114.65,36.75,4.535,27.087,24.7,17.317,0.918,167.91,8.754,80.44,124.25,0.903,0.7618,0.7207,11.93,0.7424,1,Combustion Instability,Warning,0.522,505.2,Inspect affected subsystem,97.61
2026-01-01T04:49:50,M009,High Altitude,27274.4,-6.95,63.02,2983.9,117.42,591.79,3.941,99.08,34.62,4.284,27.092,23.06,17.444,0.825,153.66,8.181,72.91,116.52,0.9118,0.7697,0.6972,14.28,0.6138,1,Combustion Instability,Warning,0.4973,562.77,Inspect affected subsystem,96.83
2026-01-01T04:50:00,M009,High Altitude,25141.4,-10.46,75.09,3026.1,118.75,646.98,3.791,101.49,36.76,4.404,27.072,23.65,17.448,0.932,173.62,8.761,85.73,127.74,0.9081,0.7673,0.728,11.2,0.6814,1,Combustion Instability,Warning,0.5301,484.59,Inspect affected subsystem,96.72
2026-01-01T04:50:10,M009,High Altitude,26169.9,-5.84,72.32,2982.7,117.73,686.31,3.825,101.34,37.1,4.538,27.118,24.23,17.47,0.975,164.01,8.662,80.15,125.16,0.9089,0.7678,0.7215,11.85,0.7294,1,Combustion Instability,Warning,0.5229,507.36,Inspect affected subsystem,95.91
2026-01-01T04:50:20,M009,Hot Weather,12087.6,47.29,61.59,2758.3,124.34,650.08,3.925,110.84,35.05,4.424,27.058,22.98,17.434,0.864,152.97,8.2,72.76,113.28,0.9036,0.7622,0.7157,12.43,0.6895,1,Combustion Instability,Warning,0.5166,504.51,Inspect affected subsystem,96.36
2026-01-01T04:50:30,M009,Hot Weather,12346.8,37.39,67.13,2974.8,118.33,693.76,3.927,113.97,35.62,4.492,27.093,23.01,17.512,0.927,162.85,8.621,76.42,118.91,0.9046,0.7629,0.7072,13.28,0.6497,1,Combustion Instability,Warning,0.5076,523.64,Inspect affected subsystem,95.87
2026-01-01T04:50:40,M009,Endurance,17673.9,14.25,58.03,2816.9,112.58,611.91,4.137,99.58,34.73,4.039,27.088,22.36,17.236,0.839,143.69,7.938,70.07,110.34,0.906,0.7648,0.7206,11.94,0.6292,1,Combustion Instability,Warning,0.522,493.67,Inspect affected subsystem,96.38
2026-01-01T04:50:50,M009,Rapid Throttle,15958.1,32.43,90.97,3193.9,137.99,743.06,3.811,118.33,40.94,4.641,27.146,25.89,17.406,1.044,192.15,9.485,98.3,144.68,0.9128,0.7708,0.702,13.8,0.8487,1,Combustion Instability,Critical,0.5021,531.16,Schedule immediate maintenance / ground inspection,95.02
2026-01-01T04:51:00,M009,Rapid Throttle,9694.4,32.96,45.24,2588.2,105.15,604.65,4.234,97.07,31.09,4.122,27.445,21.51,17.604,0.759,122.56,7.295,59.76,98.61,0.9105,0.7693,0.7211,11.89,0.5967,1,Combustion Instability,Warning,0.5225,491.64,Inspect affected subsystem,95.29
2026-01-01T04:51:10,M009,Rapid Throttle,11823.2,24.62,72.81,3057.4,121.21,683.55,3.683,104.99,36.14,4.344,27.095,23.4,17.389,0.946,169.36,8.828,81.85,126.33,0.9118,0.7702,0.7098,13.02,0.6884,1,Combustion Instability,Warning,0.5104,535.04,Inspect affected subsystem,95.28
2026-01-01T04:51:20,M009,Hot Weather,12446.1,39.47,65.82,2910.4,122.23,634.22,3.879,112.09,34.86,4.482,27.239,22.45,17.423,0.831,162.31,8.224,79.27,117.82,0.9056,0.7636,0.6989,14.11,0.6877,1,Combustion Instability,Warning,0.499,556.32,Inspect affected subsystem,98.43
2026-01-01T04:51:30,M009,High Altitude,22702.4,-6.96,79.36,3156.8,121.26,663.78,3.847,105.74,38.99,4.586,26.996,24.21,17.305,0.97,175.99,8.84,88.76,132.39,0.91,0.7685,0.7127,12.73,0.7242,1,Combustion Instability,Warning,0.5134,510.06,Inspect affected subsystem,99.35
2026-01-01T04:51:40,M009,Rapid Throttle,14558.4,20.65,78.99,3185.6,125.49,683.01,3.785,103.27,38.19,4.522,27.25,24.08,17.511,0.899,178.17,8.649,89.03,132.02,0.9097,0.7688,0.7273,11.27,0.7203,1,Combustion Instability,Warning,0.5293,480.59,Inspect affected subsystem,97.82
2026-01-01T04:51:50,M009,High Altitude,23394.0,-31.52,67.82,2993.3,115.65,653.64,4.099,98.29,36.01,4.413,27.241,22.73,17.469,0.916,158.03,8.221,77.06,120.84,0.9096,0.7682,0.7158,12.42,0.6312,1,Combustion Instability,Warning,0.5167,501.23,Inspect affected subsystem,96.5
2026-01-01T04:52:00,M009,Rapid Throttle,11175.3,30.76,51.56,2764.7,109.74,586.96,4.175,95.16,31.72,4.339,27.207,21.92,17.542,0.801,134.64,7.907,67.56,105.44,0.9135,0.7713,0.6957,14.43,0.6526,1,Combustion Instability,Warning,0.4957,549.64,Inspect affected subsystem,96.0
2026-01-01T04:52:10,M009,High Altitude,27464.0,-22.36,76.45,3158.5,123.03,637.68,3.872,103.89,38.47,4.536,27.21,23.29,17.391,1.005,173.66,8.702,86.57,129.41,0.9096,0.7682,0.7162,12.38,0.7349,1,Combustion Instability,Warning,0.5172,533.58,Inspect affected subsystem,98.86
2026-01-01T04:52:20,M009,Hot Weather,11919.4,36.06,69.69,2913.4,122.71,669.07,3.968,109.36,36.61,4.422,27.079,23.8,17.678,0.885,167.84,8.57,79.45,121.09,0.903,0.7618,0.7207,11.93,0.7187,1,Combustion Instability,Warning,0.5221,507.95,Inspect affected subsystem,96.17
2026-01-01T04:52:30,M009,Hot Weather,17367.7,45.13,80.54,3140.3,136.48,748.39,3.813,121.18,39.17,4.541,27.293,23.44,17.305,0.956,176.4,8.939,89.36,131.66,0.9027,0.7617,0.7231,11.69,0.7579,1,Combustion Instability,Warning,0.5246,482.93,Inspect affected subsystem,99.0
2026-01-01T04:52:40,M009,High Altitude,27182.0,-28.33,68.44,3066.0,115.96,654.18,3.926,99.89,36.27,4.551,27.121,24.05,17.378,0.855,164.93,8.585,78.02,121.67,0.9106,0.7689,0.7077,13.23,0.7042,1,Combustion Instability,Warning,0.5081,520.8,Inspect affected subsystem,95.44
2026-01-01T04:52:50,M009,Endurance,19015.4,15.68,59.03,2741.2,109.36,628.41,3.969,93.73,33.86,4.399,27.057,23.12,17.531,0.774,148.9,7.966,70.78,111.52,0.9071,0.7655,0.7119,12.81,0.6139,1,Combustion Instability,Warning,0.5126,511.04,Inspect affected subsystem,98.6
2026-01-01T04:53:00,M009,Cruise,12825.4,16.74,53.39,2739.6,108.97,591.71,4.19,88.25,33.18,4.249,27.062,21.66,17.501,0.771,141.49,8.046,68.58,107.2,0.9126,0.7717,0.7284,11.16,0.5981,1,Combustion Instability,Warning,0.5305,506.45,Inspect affected subsystem,96.05
2026-01-01T04:53:10,M009,Rapid Throttle,10916.6,32.15,74.2,3191.6,124.29,691.79,3.786,109.43,36.78,4.502,27.153,23.71,17.526,0.962,167.65,8.944,82.66,127.55,0.9111,0.7697,0.7162,12.38,0.7691,1,Combustion Instability,Warning,0.5172,513.25,Inspect affected subsystem,96.91
2026-01-01T04:53:20,M009,High Altitude,28848.4,-7.35,72.52,2942.1,116.78,652.93,3.838,98.6,38.62,4.272,26.908,23.38,17.356,0.894,164.6,8.414,84.07,125.06,0.9075,0.7668,0.7332,10.68,0.6305,1,Combustion Instability,Warning,0.5359,464.04,Inspect affected subsystem,99.33
2026-01-01T04:53:30,M009,Hot Weather,15005.5,43.18,63.46,2935.2,124.5,672.03,4.174,109.08,34.44,4.392,27.014,23.29,17.307,0.898,151.67,8.076,73.95,115.29,0.9045,0.7628,0.7082,13.18,0.6596,1,Combustion Instability,Warning,0.5086,515.64,Inspect affected subsystem,97.97
2026-01-01T04:53:40,M009,Endurance,14818.6,8.51,63.55,2956.0,113.24,642.32,3.89,97.52,35.23,4.319,27.377,23.15,17.432,0.847,147.38,8.322,74.16,115.83,0.9063,0.765,0.7187,12.13,0.6534,1,Combustion Instability,Warning,0.5198,521.76,Inspect affected subsystem,95.79
2026-01-01T04:53:50,M009,High Altitude,29125.5,-26.38,69.43,2977.5,116.05,627.33,3.881,100.94,36.31,4.361,27.191,22.66,17.359,0.877,164.62,8.459,77.93,122.85,0.9115,0.7695,0.6997,14.03,0.6281,1,Combustion Instability,Warning,0.4998,530.6,Inspect affected subsystem,95.52
2026-01-01T04:54:00,M009,Cruise,11858.1,22.56,53.86,2736.9,109.18,575.07,4.1,95.66,32.34,4.38,27.172,22.24,17.426,0.816,138.51,8.077,67.8,108.09,0.9148,0.7732,0.7096,13.04,0.6181,1,Combustion Instability,Warning,0.5101,508.4,Inspect affected subsystem,95.14
2026-01-01T04:54:10,M009,Cruise,17843.3,23.1,61.57,2970.0,114.34,660.17,3.967,97.51,34.5,4.487,27.127,22.54,17.527,0.824,148.79,8.399,72.59,115.33,0.9124,0.7716,0.7304,10.96,0.5942,1,Combustion Instability,Warning,0.5327,494.56,Inspect affected subsystem,96.45
2026-01-01T04:54:20,M009,High Altitude,27831.2,-7.24,80.11,3189.6,122.27,715.63,3.873,105.6,39.48,4.426,27.061,24.3,17.54,1.012,180.21,8.836,90.01,133.0,0.9094,0.7681,0.7175,12.25,0.6928,1,Combustion Instability,Warning,0.5186,511.31,Inspect affected subsystem,97.54
2026-01-01T04:54:30,M009,Hot Weather,8824.6,44.29,61.31,2761.2,124.51,668.12,3.965,112.05,34.89,4.258,27.364,23.0,17.479,0.832,152.54,8.323,72.38,113.09,0.9041,0.7626,0.7115,12.85,0.6483,1,Combustion Instability,Warning,0.5121,500.38,Inspect affected subsystem,99.08
2026-01-01T04:54:40,M009,Rapid Throttle,6431.3,27.5,73.98,3047.4,125.09,692.5,3.696,105.09,38.07,4.413,27.168,23.65,17.474,0.957,173.63,8.87,83.6,127.2,0.9104,0.7693,0.7215,11.85,0.7527,1,Combustion Instability,Warning,0.5229,508.0,Inspect affected subsystem,95.57
2026-01-01T04:54:50,M009,Rapid Throttle,9807.9,32.2,39.1,2610.9,105.71,623.15,4.254,92.44,29.08,4.216,27.039,21.42,17.366,0.649,120.77,7.149,57.31,92.36,0.9096,0.7688,0.728,11.2,0.6268,1,Combustion Instability,Warning,0.5301,474.41,Inspect affected subsystem,99.73
2026-01-01T04:55:00,M009,Cruise,16916.5,17.47,64.27,2964.2,113.04,663.06,3.964,96.99,36.39,4.473,27.189,22.96,17.113,0.871,157.1,8.203,77.81,118.01,0.9123,0.7715,0.7311,10.89,0.6312,1,Combustion Instability,Warning,0.5336,477.58,Inspect affected subsystem,99.93
2026-01-01T04:55:10,M009,Rapid Throttle,12187.3,26.66,78.4,3123.9,123.99,653.91,3.878,108.13,39.55,2.859,27.081,23.37,17.323,0.971,175.05,8.922,88.81,131.61,0.9105,0.7693,0.7212,27.88,0.2657,0,Normal,Normal,0.2726,528.75,No action,99.44
2026-01-01T04:55:20,M009,Hot Weather,11558.4,47.27,66.2,2886.5,129.93,662.72,3.911,117.37,35.76,2.725,27.029,23.24,17.282,0.899,153.93,8.425,76.92,117.62,0.9027,0.7616,0.7231,27.69,0.2557,0,Normal,Normal,0.2747,490.86,No action,98.22
2026-01-01T04:55:30,M009,Cruise,12400.5,18.64,65.99,2910.6,114.82,632.27,3.962,97.5,36.72,2.93,27.213,23.15,17.535,0.818,160.36,8.361,76.38,119.71,0.9122,0.7715,0.7318,26.82,0.1736,0,Normal,Normal,0.2843,474.47,No action,98.01
2026-01-01T04:55:40,M009,Cruise,15457.4,22.91,56.68,2778.2,108.92,587.87,3.932,96.49,33.77,2.692,27.145,22.2,17.28,0.832,144.97,8.119,70.06,110.58,0.9131,0.7721,0.7243,27.57,0.2051,0,Normal,Normal,0.276,489.49,No action,97.23
2026-01-01T04:55:50,M009,Endurance,18747.2,10.7,49.4,2671.7,104.45,575.99,4.134,87.2,31.19,2.585,27.151,21.41,17.398,0.706,136.3,7.578,59.87,101.91,0.9065,0.7652,0.7168,28.32,0.1541,0,Normal,Normal,0.2678,494.87,No action,98.46
2026-01-01T04:56:00,M009,Cruise,12911.0,27.25,55.9,2744.3,111.35,611.49,3.891,98.92,33.81,2.755,27.178,22.06,17.528,0.81,140.16,7.922,67.31,109.81,0.9131,0.7721,0.7238,27.62,0.1615,0,Normal,Normal,0.2755,485.14,No action,98.0
2026-01-01T04:56:10,M009,Hot Weather,11289.4,37.92,58.25,2791.9,119.59,638.31,3.811,108.97,33.89,2.69,27.023,23.13,17.359,0.813,139.4,8.071,68.86,109.93,0.9033,0.762,0.7184,28.16,0.1863,0,Normal,Normal,0.2696,515.19,No action,96.95
2026-01-01T04:56:20,M009,Cruise,11213.2,17.52,62.32,2811.1,112.32,602.9,3.911,97.86,33.71,2.757,27.123,23.0,17.407,0.81,152.39,8.17,73.74,116.15,0.9127,0.7718,0.7273,27.27,0.1877,0,Normal,Normal,0.2793,478.5,No action,98.53
2026-01-01T04:56:30,M009,High Altitude,28503.9,-25.17,77.34,3122.7,123.0,655.59,3.904,101.66,38.06,2.877,27.313,23.9,17.345,1.013,175.09,9.056,86.37,130.25,0.9094,0.7681,0.7178,28.22,0.2339,0,Normal,Normal,0.2689,505.54,No action,97.81
2026-01-01T04:56:40,M009,Endurance,23101.7,15.95,59.3,2888.3,108.15,602.86,4.067,99.43,33.93,2.673,27.079,22.98,17.503,0.829,148.25,8.06,69.11,111.47,0.9054,0.7644,0.7258,27.42,0.1312,0,Normal,Normal,0.2777,495.17,No action,99.47
2026-01-01T04:56:50,M009,Endurance,19777.0,22.45,53.71,2694.1,108.86,595.06,4.017,96.31,31.59,2.72,27.035,22.55,17.354,0.754,143.52,7.91,66.78,106.21,0.9067,0.7653,0.7147,28.53,0.1286,0,Normal,Normal,0.2655,498.64,No action,97.17
2026-01-01T04:57:00,M009,Cruise,15719.1,20.48,72.49,2969.0,117.89,624.65,4.041,106.56,36.07,2.773,27.282,23.09,17.381,0.962,172.57,8.65,81.81,126.35,0.9129,0.7719,0.7262,27.38,0.175,0,Normal,Normal,0.2781,478.63,No action,96.67
2026-01-01T04:57:10,M009,Cruise,16698.6,17.12,60.0,2772.3,110.23,599.96,4.114,96.53,33.99,2.674,27.114,22.91,17.581,0.812,151.73,8.043,70.39,113.87,0.9129,0.772,0.7254,27.46,0.1522,0,Normal,Normal,0.2772,499.84,No action,99.72
2026-01-01T04:57:20,M009,Endurance,17471.9,9.33,52.65,2708.9,102.31,581.89,3.987,92.44,33.38,2.675,27.09,22.09,17.618,0.862,136.08,7.778,64.99,104.82,0.9049,0.7641,0.7302,26.98,0.0941,0,Normal,Normal,0.2825,475.81,No action,96.67
2026-01-01T04:57:30,M009,Endurance,18646.5,23.98,65.1,2891.1,117.44,617.23,3.788,102.93,35.93,2.867,27.217,22.68,17.292,0.882,150.28,8.206,77.37,116.78,0.9034,0.7631,0.7425,25.75,0.2142,0,Normal,Normal,0.2965,453.51,No action,98.95
2026-01-01T04:57:40,M009,High Altitude,29606.3,-22.28,61.86,2782.2,111.53,620.09,4.019,96.41,34.77,2.783,27.202,22.78,17.545,0.871,146.85,8.407,75.79,114.39,0.9069,0.7664,0.7385,26.15,0.1545,0,Normal,Normal,0.292,480.07,No action,98.91
2026-01-01T04:57:50,M009,Endurance,22949.8,18.94,48.76,2561.9,104.74,560.98,4.072,90.44,32.2,2.646,27.082,21.18,17.604,0.709,133.91,7.47,63.14,101.0,0.9049,0.7641,0.73,27.0,0.0997,0,Normal,Normal,0.2823,494.26,No action,98.53
2026-01-01T04:58:00,M009,High Altitude,22691.4,-21.76,64.0,2888.5,112.67,603.99,4.021,99.59,35.09,2.747,27.148,22.78,17.572,0.88,155.95,8.25,72.54,116.92,0.9089,0.7678,0.7213,27.87,0.1413,0,Normal,Normal,0.2727,484.79,No action,97.72
2026-01-01T04:58:10,M009,Hot Weather,13173.4,35.88,66.54,2901.9,121.06,646.92,3.908,107.22,36.59,2.705,27.174,23.83,17.5,0.902,157.7,8.186,76.63,117.92,0.9026,0.7615,0.7245,27.55,0.1499,0,Normal,Normal,0.2762,502.14,No action,95.04
2026-01-01T04:58:20,M009,Endurance,20220.2,14.79,53.46,2703.1,103.49,613.1,4.284,89.39,32.43,2.652,26.976,22.35,17.335,0.824,133.75,7.567,66.33,105.4,0.9037,0.7633,0.7402,25.98,0.1161,0,Normal,Normal,0.2939,474.98,No action,99.43
2026-01-01T04:58:30,M009,Cruise,13166.6,27.05,62.38,2884.0,117.54,623.97,3.951,98.65,35.18,2.698,27.25,23.29,17.441,0.842,149.13,8.299,74.91,116.17,0.9125,0.7717,0.7289,27.11,0.1767,0,Normal,Normal,0.2811,488.24,No action,99.07
2026-01-01T04:58:40,M009,Hot Weather,10608.2,45.11,64.56,2893.1,122.58,653.24,3.971,111.92,36.47,2.954,26.958,23.11,17.234,0.869,151.62,8.457,73.85,116.09,0.9032,0.7619,0.7195,28.05,0.2632,0,Normal,Normal,0.2707,514.68,No action,96.54
2026-01-01T04:58:50,M009,High Altitude,28526.0,-16.3,77.7,3177.8,123.46,654.35,3.632,102.63,38.12,3.067,27.183,23.75,17.625,1.02,174.17,8.579,86.97,130.08,0.907,0.7665,0.7372,26.28,0.2986,0,Normal,Normal,0.2904,475.07,No action,96.73
2026-01-01T04:59:00,M009,Hot Weather,16882.8,41.95,77.41,3046.1,134.45,684.84,3.773,119.06,38.28,3.199,27.338,23.99,17.492,0.886,176.65,8.654,84.98,128.27,0.9013,0.7607,0.7354,26.46,0.3539,0,Normal,Normal,0.2884,481.87,No action,98.21
2026-01-01T04:59:10,M009,Cruise,10050.4,24.75,59.67,2826.3,115.63,612.56,4.166,99.21,33.51,2.98,27.065,22.34,17.58,0.834,142.68,8.117,68.92,113.25,0.9114,0.771,0.738,26.2,0.1596,0,Normal,Normal,0.2913,477.01,No action,98.75
2026-01-01T04:59:20,M009,Endurance,15767.9,7.59,50.68,2681.7,100.77,581.28,3.981,92.31,31.76,2.681,27.048,22.29,17.354,0.801,133.62,7.562,63.56,102.94,0.9052,0.7643,0.7276,27.24,0.1103,0,Normal,Normal,0.2797,491.47,No action,99.67
2026-01-01T04:59:30,M009,Cruise,11538.1,22.35,47.29,2708.4,99.0,578.7,4.185,91.31,33.31,2.597,27.285,21.08,17.351,0.817,128.93,7.357,62.81,100.75,0.9106,0.7704,0.7452,25.48,0.0681,0,Normal,Normal,0.2997,456.78,No action,96.75
2026-01-01T04:59:40,M009,High Altitude,28946.0,-6.98,80.91,3143.1,126.58,652.82,3.951,106.08,38.77,2.857,27.342,24.53,17.277,0.98,177.33,8.979,89.23,133.13,0.9065,0.7662,0.7419,25.81,0.2258,0,Normal,Normal,0.2958,449.29,No action,99.2
2026-01-01T04:59:50,M009,Cruise,15071.2,15.71,63.25,2838.6,117.82,614.92,4.0,95.97,35.29,2.973,27.235,22.19,17.487,0.825,155.17,8.165,77.0,116.77,0.9112,0.7708,0.7403,25.97,0.1809,0,Normal,Normal,0.294,473.48,No action,98.12
2026-01-01T05:00:00,M010,Rapid Throttle,12937.8,24.73,54.24,2712.1,106.91,590.72,4.148,96.1,32.56,2.801,27.08,22.23,17.542,0.74,139.08,8.117,69.67,107.06,0.9078,0.7675,0.7437,25.63,0.145,0,Normal,Normal,0.2979,466.59,No action,98.5
2026-01-01T05:00:10,M010,Rapid Throttle,8953.3,23.89,69.43,3004.2,120.12,626.27,3.997,99.13,36.44,2.659,26.858,22.99,17.442,0.94,171.73,8.26,79.69,122.24,0.9084,0.7679,0.7384,26.16,0.1584,0,Normal,Normal,0.2918,463.15,No action,97.01
2026-01-01T05:00:20,M010,Cruise,12787.4,27.32,65.29,2883.8,119.28,624.25,4.025,102.55,35.5,3.024,27.224,22.81,17.539,0.85,159.35,8.103,77.34,119.28,0.9135,0.7723,0.7208,27.92,0.1874,0,Normal,Normal,0.2722,517.86,No action,99.58
2026-01-01T05:00:30,M010,Endurance,16985.3,16.63,54.52,2707.5,106.5,593.34,4.129,95.63,32.36,2.747,27.281,22.29,17.526,0.776,139.54,8.189,68.45,106.76,0.9054,0.7644,0.7259,27.41,0.1878,0,Normal,Normal,0.2777,503.26,No action,96.49
2026-01-01T05:00:40,M010,Rapid Throttle,10368.3,27.98,80.05,3154.8,126.68,668.13,3.635,114.1,37.55,2.824,27.249,24.68,17.357,0.927,177.89,8.835,85.65,133.15,0.91,0.769,0.7247,27.53,0.2537,0,Normal,Normal,0.2765,511.47,No action,97.22
2026-01-01T05:00:50,M010,Hot Weather,13829.7,42.82,77.85,3074.3,131.48,696.22,3.824,119.79,38.79,3.122,27.326,23.62,17.506,0.976,175.56,8.942,88.11,128.73,0.9014,0.7608,0.7342,26.58,0.3493,0,Normal,Normal,0.2871,459.79,No action,97.49
2026-01-01T05:01:00,M010,High Altitude,27946.3,-18.0,66.6,2896.2,114.49,606.97,4.077,101.31,36.82,2.948,27.275,22.94,17.587,0.828,155.92,8.15,74.68,119.16,0.9073,0.7667,0.7351,26.49,0.1392,0,Normal,Normal,0.2881,491.04,No action,99.5
2026-01-01T05:01:10,M010,Endurance,22407.4,21.51,58.87,2804.7,112.83,616.6,3.997,97.42,35.22,2.703,27.119,21.8,17.588,0.811,150.69,8.157,70.21,110.73,0.9038,0.7633,0.7396,26.04,0.1399,0,Normal,Normal,0.2932,465.38,No action,96.41
2026-01-01T05:01:20,M010,Hot Weather,9757.2,46.63,76.66,3011.6,133.4,696.12,3.767,120.8,38.82,2.888,26.933,23.52,17.452,1.001,165.71,8.831,83.43,127.57,0.9014,0.7608,0.7343,26.57,0.3268,0,Normal,Normal,0.2871,482.05,No action,99.49
2026-01-01T05:01:30,M010,Hot Weather,13037.7,40.35,73.28,2988.0,127.75,674.0,3.639,118.21,37.47,2.808,27.285,24.06,17.557,0.887,167.81,8.643,80.93,124.03,0.9003,0.76,0.7433,25.67,0.2857,0,Normal,Normal,0.2975,447.76,No action,98.34
2026-01-01T05:01:40,M010,High Altitude,23723.0,-16.64,75.18,3044.5,123.24,653.45,3.975,101.8,37.88,2.882,26.896,23.7,17.318,0.994,176.7,8.808,83.7,127.65,0.9073,0.7667,0.7347,26.53,0.2083,0,Normal,Normal,0.2876,482.47,No action,96.32
2026-01-01T05:01:50,M010,Cruise,13738.5,19.27,55.17,2718.5,109.04,583.45,4.083,95.1,33.94,2.747,27.02,22.82,17.389,0.791,139.73,7.68,66.19,108.85,0.9119,0.7713,0.7342,26.58,0.1721,0,Normal,Normal,0.287,455.36,No action,98.95
2026-01-01T05:02:00,M010,Cruise,11464.6,23.23,51.7,2739.5,106.2,584.43,4.091,94.06,32.3,2.813,27.316,22.16,17.261,0.781,135.49,7.549,65.47,104.91,0.9093,0.7695,0.7559,24.41,0.159,0,Normal,Normal,0.3124,423.17,No action,99.6
2026-01-01T05:02:10,M010,Rapid Throttle,8091.3,30.7,84.64,3143.8,127.36,698.05,3.632,115.27,40.3,2.859,26.917,24.49,17.442,1.019,185.58,9.213,90.6,137.02,0.9071,0.7671,0.7493,25.07,0.2657,0,Normal,Normal,0.3045,456.1,No action,98.8
2026-01-01T05:02:20,M010,High Altitude,26390.5,-29.07,59.11,2811.4,104.74,607.64,3.942,94.86,35.66,2.753,27.309,22.8,17.453,0.777,152.24,8.229,72.38,111.62,0.9066,0.7662,0.7408,25.92,0.1558,0,Normal,Normal,0.2946,471.74,No action,99.44
2026-01-01T05:02:30,M010,Cruise,14876.4,23.68,62.8,2798.7,114.51,625.13,3.833,97.32,35.09,2.802,27.07,23.45,17.482,0.884,152.41,8.248,72.05,116.03,0.9098,0.7698,0.7521,24.79,0.2061,0,Normal,Normal,0.3078,439.54,No action,98.85
2026-01-01T05:02:40,M010,High Altitude,28536.6,-32.28,56.09,2715.4,108.47,585.25,4.057,98.48,34.1,2.682,27.148,21.93,17.357,0.81,139.87,7.755,68.2,108.86,0.9078,0.767,0.7307,26.93,0.1292,0,Normal,Normal,0.2831,484.78,No action,97.08
2026-01-01T05:02:50,M010,Rapid Throttle,14661.1,28.67,83.61,3193.0,128.94,677.94,3.638,113.31,38.87,3.108,27.125,23.91,17.496,0.995,181.08,9.206,91.29,136.31,0.9084,0.768,0.738,26.2,0.3534,0,Normal,Normal,0.2913,490.86,No action,98.53
2026-01-01T05:03:00,M010,Cruise,16272.7,16.31,59.38,2769.7,109.93,600.6,4.069,95.35,35.1,2.682,27.266,22.29,17.371,0.885,151.93,8.027,71.93,112.69,0.9101,0.7701,0.7493,25.07,0.1834,0,Normal,Normal,0.3045,454.74,No action,99.25
2026-01-01T05:03:10,M010,Rapid Throttle,14449.7,32.47,71.37,2884.9,123.21,647.78,4.05,112.98,36.7,2.873,27.289,23.2,17.435,0.898,169.3,8.542,78.8,124.19,0.9085,0.768,0.7376,26.24,0.2523,0,Normal,Normal,0.2909,482.72,No action,99.93
2026-01-01T05:03:20,M010,Endurance,14218.6,23.57,59.59,2837.4,110.57,607.61,4.015,98.94,34.81,2.762,27.118,22.97,17.647,0.855,149.28,8.021,71.67,111.35,0.9033,0.763,0.7434,25.66,0.156,0,Normal,Normal,0.2976,470.2,No action,97.29
2026-01-01T05:03:30,M010,High Altitude,23391.4,-20.8,80.11,3127.6,122.19,646.45,3.822,105.5,39.16,3.039,27.189,24.12,17.341,0.968,174.07,9.115,89.59,132.54,0.9074,0.7668,0.7343,26.57,0.2471,0,Normal,Normal,0.2872,463.23,No action,95.8
2026-01-01T05:03:40,M010,Endurance,16950.9,9.34,51.4,2716.5,102.91,576.73,4.214,91.6,33.11,2.805,27.128,22.92,17.415,0.774,137.47,7.893,64.46,103.43,0.904,0.7635,0.7379,26.21,0.2013,0,Normal,Normal,0.2912,476.02,No action,95.98
2026-01-01T05:03:50,M010,Endurance,21736.2,24.79,46.24,2555.4,103.96,579.33,4.188,90.74,30.73,2.523,26.948,21.66,17.408,0.696,128.4,7.385,60.47,98.59,0.9053,0.7643,0.727,27.3,0.0758,0,Normal,Normal,0.2789,492.04,No action,96.62
2026-01-01T05:04:00,M010,High Altitude,23473.3,-14.5,70.08,2983.3,118.21,633.13,3.875,101.82,36.0,2.796,27.134,23.77,17.426,0.891,163.78,8.442,78.5,122.58,0.9072,0.7666,0.7358,26.42,0.2314,0,Normal,Normal,0.2889,482.74,No action,97.19
2026-01-01T05:04:10,M010,High Altitude,23932.8,-23.96,54.43,2745.7,103.44,586.35,4.117,94.19,33.21,2.981,27.107,21.45,17.554,0.8,139.8,8.159,67.5,106.88,0.906,0.7658,0.746,25.4,0.18,0,Normal,Normal,0.3006,454.32,No action,99.33
2026-01-01T05:04:20,M010,Rapid Throttle,12390.4,34.64,66.83,2816.9,122.36,634.16,3.885,108.34,34.92,2.97,27.07,22.12,17.197,0.932,159.77,8.401,76.24,119.4,0.9071,0.7671,0.7489,25.11,0.2561,0,Normal,Normal,0.304,458.58,No action,99.3
2026-01-01T05:04:30,M010,Rapid Throttle,8854.6,26.24,69.32,2968.7,115.8,644.38,3.932,101.98,36.39,2.758,27.317,23.6,17.221,0.894,158.79,8.535,76.74,122.02,0.9079,0.7676,0.7426,25.74,0.1782,0,Normal,Normal,0.2966,457.66,No action,96.3
2026-01-01T05:04:40,M010,Cruise,12179.6,17.14,67.15,2835.4,115.83,625.72,3.97,100.44,36.01,3.201,27.176,23.21,17.423,0.878,158.65,8.33,77.31,120.58,0.9108,0.7705,0.7432,25.68,0.2212,0,Normal,Normal,0.2973,460.84,No action,98.28
2026-01-01T05:04:50,M010,Rapid Throttle,9056.6,24.52,77.47,3075.2,127.58,673.23,3.827,103.95,38.4,2.686,27.118,23.19,17.366,0.945,173.88,8.729,86.5,130.41,0.9093,0.7685,0.7311,26.89,0.2277,0,Normal,Normal,0.2836,485.35,No action,95.58
2026-01-01T05:05:00,M010,Rapid Throttle,7220.4,26.52,72.34,2966.2,121.36,646.71,4.027,102.94,36.69,2.858,27.155,23.7,17.395,0.869,165.91,8.601,80.01,125.3,0.9092,0.7684,0.732,26.8,0.197,0,Normal,Normal,0.2845,491.11,No action,95.62
2026-01-01T05:05:10,M010,High Altitude,25038.0,-7.19,69.56,2975.7,117.18,623.04,3.878,101.81,36.64,2.79,27.301,23.51,17.462,0.851,162.17,8.31,79.8,122.12,0.9075,0.7668,0.7336,26.64,0.1892,0,Normal,Normal,0.2864,470.2,No action,97.11
2026-01-01T05:05:20,M010,Rapid Throttle,13770.4,24.44,37.29,2483.4,99.69,549.35,4.28,89.72,29.81,2.388,27.219,20.94,17.453,0.673,113.82,6.965,56.0,90.42,0.9087,0.7681,0.7357,26.43,0.0974,0,Normal,Normal,0.2887,468.52,No action,96.85
2026-01-01T05:05:30,M010,Cruise,17028.2,15.85,59.99,2749.2,106.03,608.27,3.951,99.6,34.71,2.69,26.986,22.3,17.357,0.875,148.5,8.295,70.76,113.3,0.91,0.77,0.7498,25.02,0.1303,0,Normal,Normal,0.305,453.82,No action,97.74
2026-01-01T05:05:40,M010,Endurance,15501.6,14.5,65.28,2881.4,118.03,602.23,3.886,101.93,35.69,2.811,27.226,22.18,17.414,0.949,159.62,8.035,75.58,117.18,0.9045,0.7638,0.7335,26.65,0.1911,0,Normal,Normal,0.2863,500.24,No action,95.57
2026-01-01T05:05:50,M010,Hot Weather,17425.5,40.15,70.07,2955.0,127.59,657.07,3.865,114.39,37.21,2.983,26.987,23.46,17.204,0.863,159.69,8.454,79.11,120.77,0.8997,0.7596,0.7485,25.15,0.3031,0,Normal,Normal,0.3036,443.78,No action,95.62
2026-01-01T05:06:00,M010,Hot Weather,15107.2,39.22,77.44,3081.5,129.51,669.1,3.92,117.91,38.33,3.082,26.906,24.43,17.321,0.975,174.65,8.866,86.18,128.04,0.9001,0.7599,0.745,25.5,0.2783,0,Normal,Normal,0.2994,464.48,No action,96.04
2026-01-01T05:06:10,M010,Cruise,15193.9,19.48,52.41,2703.8,108.0,595.19,3.956,91.54,33.46,2.684,27.145,21.44,17.457,0.801,142.04,7.76,67.42,105.86,0.9106,0.7704,0.7446,25.54,0.1843,0,Normal,Normal,0.299,448.41,No action,98.9
2026-01-01T05:06:20,M010,Cruise,17584.1,23.33,61.27,2780.5,110.41,612.92,4.166,99.98,35.81,2.652,27.05,22.48,17.326,0.796,145.52,7.959,72.82,114.34,0.9089,0.7693,0.7591,24.09,0.1221,0,Normal,Normal,0.3162,449.45,No action,95.36
2026-01-01T05:06:30,M010,Endurance,16988.8,5.74,47.66,2621.6,107.3,571.44,3.966,87.5,31.15,2.405,27.349,21.68,17.35,0.769,125.75,7.743,60.9,99.36,0.9017,0.762,0.7568,24.32,0.1043,0,Normal,Normal,0.3135,435.5,No action,97.78
2026-01-01T05:06:40,M010,High Altitude,23858.6,-22.17,64.31,2897.6,114.97,627.6,3.864,98.31,35.66,2.83,27.308,22.67,17.594,0.879,154.3,8.209,75.37,116.77,0.9067,0.7663,0.7402,25.98,0.2011,0,Normal,Normal,0.2939,471.94,No action,99.25
2026-01-01T05:06:50,M010,Rapid Throttle,10833.7,30.21,42.42,2515.3,104.67,572.89,4.186,91.74,31.75,2.646,27.122,21.72,17.303,0.733,128.17,7.386,59.07,95.24,0.9071,0.7671,0.7491,25.09,0.1532,0,Normal,Normal,0.3043,440.83,No action,95.14
2026-01-01T05:07:00,M010,Hot Weather,17928.1,46.79,72.04,2971.4,130.42,677.15,4.021,117.3,37.11,2.9,27.296,23.24,17.328,0.884,168.51,8.333,82.31,122.76,0.9,0.7598,0.7458,25.42,0.2407,0,Normal,Normal,0.3004,452.28,No action,97.78
2026-01-01T05:07:10,M010,Endurance,16618.6,19.45,62.17,2877.4,115.6,612.44,4.078,98.29,34.42,2.895,26.973,21.91,17.497,0.869,145.78,8.316,75.07,113.65,0.9021,0.7623,0.7531,24.69,0.2124,0,Normal,Normal,0.3089,437.3,No action,97.95
2026-01-01T05:07:20,M010,Cruise,10916.0,22.07,62.89,2910.3,114.07,613.4,3.957,101.67,35.43,2.749,27.134,22.56,17.476,0.874,153.46,8.26,75.19,116.56,0.9119,0.7713,0.7343,26.57,0.1383,0,Normal,Normal,0.2871,494.33,No action,99.07
2026-01-01T05:07:30,M010,Cruise,10185.5,18.79,73.6,2995.7,121.33,634.75,3.753,104.66,38.13,2.892,27.06,23.12,17.545,0.901,173.07,8.582,82.2,126.54,0.9087,0.7691,0.761,23.9,0.2741,0,Normal,Normal,0.3185,452.18,No action,95.96
2026-01-01T05:07:40,M010,Endurance,21262.9,13.11,50.72,2589.2,105.08,588.1,4.099,90.63,32.57,2.608,26.943,22.48,17.424,0.751,131.35,7.607,64.3,102.56,0.9028,0.7627,0.7473,25.27,0.1403,0,Normal,Normal,0.3022,441.62,No action,99.7
2026-01-01T05:07:50,M010,Endurance,18222.1,19.2,54.13,2694.5,112.15,588.46,4.001,94.04,32.64,2.847,26.994,22.39,17.423,0.758,135.74,7.708,69.32,105.98,0.9033,0.763,0.7436,25.64,0.1193,0,Normal,Normal,0.2978,460.47,No action,98.3
2026-01-01T05:08:00,M010,Endurance,14538.3,9.06,52.83,2773.0,107.87,583.65,4.111,97.75,33.85,2.944,26.994,21.72,17.208,0.749,135.98,7.671,68.97,104.01,0.8994,0.7604,0.7758,22.42,0.1985,0,Normal,Normal,0.3368,385.28,No action,95.28
2026-01-01T05:08:10,M010,High Altitude,28966.9,-7.76,67.24,2872.1,115.27,619.97,4.089,100.71,36.95,2.797,27.158,21.97,17.443,0.861,159.07,8.276,79.98,119.31,0.905,0.7651,0.7545,24.55,0.1611,0,Normal,Normal,0.3107,452.67,No action,97.9
2026-01-01T05:08:20,M010,Hot Weather,13812.0,44.1,58.98,2782.1,121.71,637.7,3.989,112.93,34.24,2.777,27.212,22.55,17.38,0.783,147.8,7.997,72.8,109.52,0.8974,0.7581,0.7674,23.26,0.2116,0,Normal,Normal,0.3264,406.68,No action,98.35
2026-01-01T05:08:30,M010,Cruise,13071.1,16.54,73.94,3075.6,118.68,646.32,3.873,104.81,38.55,3.075,27.281,23.55,17.525,0.929,171.26,8.62,82.2,127.03,0.9094,0.7696,0.7554,24.46,0.2604,0,Normal,Normal,0.3117,440.21,No action,99.92
2026-01-01T05:08:40,M010,High Altitude,26030.8,-10.21,64.87,2854.7,113.76,606.08,3.932,97.76,35.37,2.887,27.106,23.32,17.354,0.791,159.15,8.236,74.08,117.08,0.9055,0.7655,0.7499,25.01,0.1561,0,Normal,Normal,0.3052,454.67,No action,95.61
2026-01-01T05:08:50,M010,Hot Weather,17344.4,37.05,63.32,2921.5,121.98,642.53,3.908,106.62,35.57,2.786,27.19,22.44,17.208,0.81,149.71,8.213,75.36,113.74,0.8974,0.7581,0.7672,23.28,0.2565,0,Normal,Normal,0.3261,418.6,No action,96.96
2026-01-01T05:09:00,M010,Rapid Throttle,9245.0,25.37,67.23,2930.9,117.96,623.9,3.712,102.73,35.9,2.691,26.985,24.09,17.311,0.888,153.09,8.337,78.1,119.75,0.9069,0.7669,0.7507,24.93,0.2005,0,Normal,Normal,0.3061,469.8,No action,97.62
2026-01-01T05:09:10,M010,Rapid Throttle,9045.2,28.7,72.63,3044.7,121.7,646.31,3.775,108.57,38.14,3.041,27.225,23.28,17.394,0.966,164.19,8.428,82.09,125.26,0.9077,0.7675,0.7443,25.57,0.3187,0,Normal,Normal,0.2987,469.67,No action,97.49
2026-01-01T05:09:20,M010,Cruise,17757.8,21.73,63.23,2844.2,113.76,617.45,3.913,94.05,34.56,2.92,27.173,21.86,17.589,0.867,155.28,8.211,72.84,116.41,0.9095,0.7696,0.7545,24.55,0.1851,0,Normal,Normal,0.3107,459.12,No action,95.07
2026-01-01T05:09:30,M010,Cruise,11382.4,16.32,64.68,2852.5,118.74,614.79,3.866,97.98,34.74,2.858,27.099,22.58,17.285,0.799,153.89,8.151,75.82,117.84,0.9095,0.7696,0.7546,24.54,0.1686,0,Normal,Normal,0.3108,443.79,No action,95.77
2026-01-01T05:09:40,M010,Hot Weather,11035.3,37.24,81.51,3134.0,133.74,686.58,3.696,115.27,40.87,3.061,27.146,22.75,17.291,1.077,177.36,9.044,88.6,131.65,0.8985,0.7588,0.7582,24.18,0.3289,0,Normal,Normal,0.3152,426.56,No action,98.0
2026-01-01T05:09:50,M010,Endurance,16512.6,13.5,69.14,2930.0,121.36,640.65,3.902,99.67,36.25,2.905,27.33,23.48,17.527,0.88,161.59,8.315,79.24,120.6,0.9027,0.7626,0.7487,25.13,0.2514,0,Normal,Normal,0.3037,460.52,No action,97.11
2026-01-01T05:10:00,M010,Rapid Throttle,7130.3,22.45,75.09,3026.5,120.29,641.96,3.716,103.79,38.58,2.991,27.212,23.24,17.276,0.965,174.4,8.513,84.11,127.11,0.905,0.7657,0.7666,23.34,0.2582,0,Normal,Normal,0.3253,426.1,No action,98.68
2026-01-01T05:10:10,M010,High Altitude,27014.1,-28.61,58.66,2834.5,108.02,601.4,4.077,96.42,34.45,2.793,27.14,21.9,17.493,0.798,142.66,7.9,71.7,111.04,0.9059,0.7658,0.7464,25.36,0.1123,0,Normal,Normal,0.3011,442.54,No action,95.44
2026-01-01T05:10:20,M010,Endurance,20176.4,13.59,57.24,2816.9,108.92,582.29,4.073,94.32,34.41,2.875,27.084,22.41,17.338,0.784,142.93,7.832,70.36,108.68,0.9014,0.7618,0.7592,24.08,0.1643,0,Normal,Normal,0.3163,443.05,No action,98.67
2026-01-01T05:10:30,M010,Endurance,14703.3,19.38,66.38,2964.2,112.54,620.55,4.063,99.17,35.58,2.944,27.337,22.4,17.296,0.838,156.87,8.184,77.43,117.48,0.9007,0.7613,0.7652,23.48,0.1721,0,Normal,Normal,0.3237,401.97,No action,97.54
2026-01-01T05:10:40,M010,Hot Weather,12826.8,41.39,62.62,2902.3,120.68,656.82,4.125,112.66,36.5,2.983,27.305,21.7,17.27,0.813,150.99,7.909,73.01,113.17,0.898,0.7585,0.7627,23.73,0.192,0,Normal,Normal,0.3205,408.19,No action,97.47
2026-01-01T05:10:50,M010,Rapid Throttle,10016.9,27.08,94.07,3361.4,138.58,712.62,3.6,115.76,42.63,3.075,27.171,23.66,17.469,1.03,202.2,9.341,97.87,146.24,0.9067,0.7668,0.7528,24.72,0.3845,0,Normal,Normal,0.3086,423.99,No action,97.32
2026-01-01T05:11:00,M010,Hot Weather,15915.3,38.89,63.34,2896.2,121.98,619.71,4.132,105.47,34.77,2.916,27.187,22.2,17.486,0.877,153.68,8.21,76.68,113.9,0.8981,0.7586,0.7615,23.85,0.2231,0,Normal,Normal,0.319,442.49,No action,97.04
2026-01-01T05:11:10,M010,Hot Weather,17311.2,42.36,49.7,2648.9,112.91,609.95,4.065,103.39,33.34,2.708,27.151,21.64,17.501,0.793,136.32,7.786,63.99,100.83,0.8992,0.7593,0.7525,24.75,0.1286,0,Normal,Normal,0.3083,453.87,No action,98.13
2026-01-01T05:11:20,M010,Rapid Throttle,11039.0,34.2,76.67,3064.0,127.4,678.11,3.793,114.01,37.86,2.975,27.079,23.82,17.237,0.966,171.68,8.809,85.01,128.67,0.905,0.7657,0.7665,23.35,0.2552,0,Normal,Normal,0.3253,409.43,No action,95.44
2026-01-01T05:11:30,M010,Hot Weather,9103.9,44.75,57.81,2837.1,120.28,641.56,4.014,109.22,34.55,2.937,27.072,21.66,17.228,0.803,146.96,7.849,70.64,108.4,0.8975,0.7581,0.767,23.3,0.2288,0,Normal,Normal,0.3259,422.57,No action,99.29
2026-01-01T05:11:40,M010,Hot Weather,17678.9,43.39,61.46,2876.3,121.18,639.47,3.901,112.77,35.39,2.897,27.026,22.63,17.208,0.898,153.87,8.334,76.22,112.4,0.8998,0.7597,0.7474,25.26,0.2128,0,Normal,Normal,0.3022,458.42,No action,95.72
2026-01-01T05:11:50,M010,Hot Weather,13985.6,37.63,72.61,2957.3,125.46,655.88,3.779,109.92,38.59,3.01,26.906,23.6,17.452,0.898,168.72,8.283,81.05,122.89,0.898,0.7585,0.7622,23.78,0.2574,0,Normal,Normal,0.32,425.31,No action,95.98
2026-01-01T05:12:00,M010,Hot Weather,11917.6,42.48,60.02,2873.9,120.0,640.44,4.065,106.03,35.68,2.742,27.233,21.33,17.486,0.868,148.3,7.937,71.74,110.99,0.8998,0.7597,0.7475,25.25,0.1662,0,Normal,Normal,0.3024,458.04,No action,99.89
2026-01-01T05:12:10,M010,High Altitude,25221.6,-26.48,58.41,2752.6,109.34,586.81,3.855,96.12,35.26,2.768,27.334,22.92,17.518,0.872,149.21,7.924,71.73,110.24,0.903,0.7639,0.7704,22.96,0.1996,0,Normal,Normal,0.3301,416.32,No action,95.07
2026-01-01T05:12:20,M010,Rapid Throttle,9160.7,26.19,44.14,2585.1,104.54,562.43,4.221,94.66,31.76,2.618,27.02,20.38,17.408,0.616,127.67,7.298,56.8,96.5,0.9044,0.7653,0.7713,22.87,0.136,0,Normal,Normal,0.3312,419.11,No action,95.95
2026-01-01T05:12:30,M010,Hot Weather,9743.2,46.54,56.09,2693.3,121.55,632.86,4.089,110.98,34.21,2.789,27.12,21.77,17.554,0.794,141.77,8.041,71.47,106.4,0.8957,0.757,0.7817,21.83,0.1365,0,Normal,Normal,0.3444,385.02,No action,96.16
2026-01-01T05:12:40,M010,Endurance,17866.2,18.9,52.64,2627.2,105.29,589.51,3.966,93.07,33.57,2.645,27.109,22.18,17.309,0.776,139.21,7.928,67.95,104.16,0.9013,0.7617,0.7603,23.97,0.1835,0,Normal,Normal,0.3176,438.15,No action,95.37
2026-01-01T05:12:50,M010,Endurance,20417.0,23.81,48.37,2669.7,108.54,597.82,3.901,92.82,32.21,2.858,27.173,21.43,17.58,0.653,136.2,7.553,62.51,99.96,0.9012,0.7616,0.7612,23.88,0.1594,0,Normal,Normal,0.3188,413.54,No action,96.65
2026-01-01T05:13:00,M010,Cruise,11133.3,18.98,52.85,2669.3,109.17,597.46,4.037,92.78,32.79,2.725,27.011,21.96,17.336,0.778,143.12,7.733,65.55,105.8,0.908,0.7686,0.767,23.3,0.211,0,Normal,Normal,0.3258,411.82,No action,95.7
2026-01-01T05:13:10,M010,Cruise,15478.9,15.37,58.26,2763.8,110.24,595.15,3.985,97.62,33.57,2.813,26.781,21.97,17.368,0.807,146.18,7.986,68.66,111.59,0.9102,0.7701,0.7486,25.14,0.199,0,Normal,Normal,0.3037,431.02,No action,98.45
2026-01-01T05:13:20,M010,Endurance,18292.4,9.45,48.04,2673.5,102.73,589.62,4.248,90.71,31.65,2.756,27.063,21.55,17.321,0.755,132.48,7.637,60.37,99.5,0.9003,0.7611,0.768,23.2,0.1813,0,Normal,Normal,0.327,415.48,No action,98.11
2026-01-01T05:13:30,M010,Hot Weather,10243.8,38.52,52.19,2737.6,116.46,610.65,4.168,103.71,32.17,2.762,27.213,21.89,17.363,0.793,136.31,7.866,66.34,103.14,0.8986,0.7589,0.7577,24.23,0.1511,0,Normal,Normal,0.3146,436.86,No action,96.18
2026-01-01T05:13:40,M010,Hot Weather,9074.7,47.49,60.46,2825.4,124.72,650.31,4.199,111.23,33.51,2.801,27.051,22.66,17.528,0.818,146.58,8.107,71.4,110.89,0.897,0.7579,0.7705,22.95,0.2104,0,Normal,Normal,0.3302,401.24,No action,95.37
2026-01-01T05:13:50,M010,Cruise,11414.2,25.51,54.68,2746.8,110.05,601.46,3.971,95.24,33.17,2.825,27.148,22.4,17.473,0.778,143.26,7.961,68.43,107.51,0.9074,0.7683,0.7718,22.82,0.1586,0,Normal,Normal,0.3318,410.48,No action,96.81
2026-01-01T05:14:00,M010,Rapid Throttle,7997.3,22.24,81.55,3127.6,130.36,672.02,3.725,105.79,39.69,3.034,27.234,24.01,17.24,0.983,180.31,8.936,86.64,133.84,0.9066,0.7667,0.7535,24.65,0.2782,0,Normal,Normal,0.3094,446.01,No action,97.12
2026-01-01T05:14:10,M010,Rapid Throttle,14839.8,26.56,75.06,3076.3,122.04,654.33,3.76,108.02,37.21,2.95,27.14,23.87,17.31,0.94,169.03,8.766,85.22,126.92,0.9043,0.7652,0.7725,22.75,0.2654,0,Normal,Normal,0.3327,411.14,No action,99.19
2026-01-01T05:14:20,M010,Cruise,11652.0,19.56,61.75,2848.2,110.94,613.94,4.131,97.73,33.52,2.774,26.942,22.19,17.38,0.889,152.61,8.31,74.49,114.67,0.9082,0.7688,0.7654,23.46,0.1759,0,Normal,Normal,0.3239,433.97,No action,97.64
2026-01-01T05:14:30,M010,High Altitude,29316.0,-20.93,65.06,2946.2,114.49,603.72,3.838,98.77,35.87,2.932,27.237,22.68,17.409,0.891,153.41,8.185,77.11,117.3,0.9056,0.7656,0.7489,25.11,0.2218,0,Normal,Normal,0.304,434.75,No action,96.91
2026-01-01T05:14:40,M010,Cruise,16812.5,24.73,69.89,2964.8,117.64,636.24,3.881,104.98,37.39,3.052,27.136,22.48,17.334,0.88,164.5,8.641,80.79,122.6,0.9075,0.7683,0.7711,22.89,0.1968,0,Normal,Normal,0.331,401.44,No action,99.48
2026-01-01T05:14:50,M010,Cruise,15315.2,24.46,61.69,2825.0,114.73,615.34,3.993,96.76,34.62,2.749,27.094,22.03,17.373,0.746,149.68,8.241,74.74,114.15,0.9058,0.7672,0.7847,21.53,0.1375,0,Normal,Normal,0.3482,390.95,No action,99.05
2026-01-01T05:15:00,M010,Endurance,22471.4,17.15,58.51,2782.1,118.23,586.9,4.035,97.06,34.88,2.75,26.908,22.93,17.224,0.787,149.79,7.84,72.26,109.79,0.9007,0.7613,0.765,23.5,0.1705,0,Normal,Normal,0.3234,420.73,No action,99.76
2026-01-01T05:15:10,M010,Endurance,22318.3,13.52,54.37,2761.7,108.12,587.08,4.41,95.91,32.95,2.86,27.193,21.87,17.503,0.809,138.21,7.775,67.38,105.53,0.8995,0.7605,0.7746,22.54,0.1537,0,Normal,Normal,0.3353,374.62,No action,95.99
2026-01-01T05:15:20,M010,Hot Weather,11401.8,37.71,59.41,2846.8,117.5,651.29,4.031,106.59,34.52,2.876,27.141,22.15,17.256,0.764,143.36,8.065,72.83,109.67,0.896,0.7572,0.7794,22.06,0.1795,0,Normal,Normal,0.3414,412.47,No action,98.25
2026-01-01T05:15:30,M010,Cruise,14131.9,26.95,66.02,2925.6,116.11,624.82,3.872,102.71,36.05,2.769,27.233,22.65,17.48,0.839,160.88,8.389,74.03,119.01,0.9087,0.7691,0.7612,23.88,0.1881,0,Normal,Normal,0.3187,437.83,No action,95.63
2026-01-01T05:15:40,M010,Endurance,20937.3,16.88,59.34,2811.1,113.39,596.18,4.169,96.62,33.33,2.864,27.134,22.09,17.269,0.84,151.4,7.822,70.49,110.93,0.9024,0.7624,0.7511,24.89,0.1614,0,Normal,Normal,0.3066,421.36,No action,99.82
2026-01-01T05:15:50,M010,Cruise,15017.0,21.43,45.07,2596.7,103.25,578.32,4.175,86.11,29.89,2.741,26.728,20.9,17.418,0.739,127.47,7.333,61.9,97.87,0.9067,0.7678,0.7778,22.22,0.1566,0,Normal,Normal,0.3394,388.82,No action,95.44
2026-01-01T05:16:00,M010,Rapid Throttle,14074.8,20.96,48.42,2655.2,106.94,564.95,4.272,94.34,31.41,2.763,27.227,21.96,17.238,0.795,129.58,7.585,63.74,100.71,0.9044,0.7653,0.7715,22.85,0.1904,0,Normal,Normal,0.3315,398.8,No action,97.51
2026-01-01T05:16:10,M010,Rapid Throttle,6694.0,21.29,36.06,2487.0,95.4,539.9,4.197,92.47,28.62,2.707,27.156,21.63,17.652,0.653,117.65,6.824,53.5,88.88,0.9066,0.7668,0.7531,24.69,0.1401,0,Normal,Normal,0.3089,431.83,No action,95.25
2026-01-01T05:16:20,M010,Rapid Throttle,9248.5,32.98,63.61,2863.1,124.6,648.13,3.936,106.54,35.74,2.769,26.918,22.85,17.466,0.834,151.07,8.202,72.2,115.76,0.9048,0.7656,0.768,23.2,0.273,0,Normal,Normal,0.3271,414.64,No action,96.83
2026-01-01T05:16:30,M010,Cruise,10031.2,25.84,61.4,2800.9,116.35,612.0,3.992,101.1,35.02,2.85,27.29,22.08,17.278,0.837,146.87,8.039,74.14,114.2,0.9075,0.7684,0.7706,22.94,0.1626,0,Normal,Normal,0.3303,419.27,No action,98.39
2026-01-01T05:16:40,M010,Endurance,21090.0,14.74,59.84,2765.1,109.9,605.47,4.013,95.65,34.84,2.866,25.26,16.07,17.46,0.764,146.3,7.811,69.68,111.03,0.9004,0.7611,0.7677,9.23,0.4513,0,Charging System Degradation,Normal,0.5767,421.8,No action,97.45
2026-01-01T05:16:50,M010,Rapid Throttle,8721.4,32.37,69.02,2973.6,122.01,633.99,3.944,109.76,36.93,3.28,25.14,16.97,17.273,0.893,161.76,8.377,81.45,120.92,0.904,0.765,0.7747,8.53,0.5232,0,Charging System Degradation,Normal,0.5855,416.23,No action,99.18
2026-01-01T05:17:00,M010,Endurance,21770.2,15.36,60.8,2870.7,111.82,597.89,3.855,96.05,35.05,2.878,25.159,16.11,17.083,0.834,149.9,8.057,71.81,111.81,0.8996,0.7605,0.7745,8.55,0.4203,0,Charging System Degradation,Normal,0.5852,406.65,No action,98.05
2026-01-01T05:17:10,M010,Cruise,14623.0,28.04,61.94,2838.7,118.06,615.02,3.918,99.82,35.51,2.935,25.173,16.37,17.408,0.84,154.55,8.228,72.97,114.89,0.9083,0.7689,0.7642,9.58,0.5025,0,Charging System Degradation,Normal,0.5724,423.11,No action,97.21
2026-01-01T05:17:20,M010,Hot Weather,11002.5,46.27,57.68,2793.7,125.34,639.69,3.988,112.86,33.88,3.122,25.023,16.15,17.381,0.77,146.44,7.825,70.15,108.15,0.8968,0.7577,0.7725,8.75,0.5186,0,Charging System Degradation,Normal,0.5827,423.32,No action,95.51
2026-01-01T05:17:30,M010,High Altitude,25861.1,-8.4,66.16,2823.0,113.85,622.69,3.821,99.55,36.06,3.005,25.093,16.46,17.443,0.858,156.87,8.388,76.71,117.5,0.9014,0.7627,0.7846,7.54,0.5008,0,Charging System Degradation,Normal,0.5981,382.44,No action,98.8
2026-01-01T05:17:40,M010,High Altitude,24393.2,-12.43,70.3,2967.4,115.95,637.14,3.983,101.44,36.54,2.978,25.27,16.62,17.453,0.923,161.92,8.595,81.41,121.95,0.9032,0.764,0.7689,9.11,0.4924,0,Charging System Degradation,Normal,0.5782,422.55,No action,97.54
2026-01-01T05:17:50,M010,High Altitude,24691.4,-32.58,60.58,2796.5,108.64,602.69,4.159,94.05,35.88,3.018,25.135,15.21,17.425,0.892,147.41,8.115,72.78,112.13,0.9018,0.763,0.7808,7.92,0.4304,0,Charging System Degradation,Normal,0.5932,399.25,No action,95.22
2026-01-01T05:18:00,M010,Rapid Throttle,15170.5,29.91,66.76,2900.1,121.47,639.64,3.842,106.24,36.97,2.98,25.351,17.08,17.409,0.889,159.74,8.336,76.9,118.63,0.9037,0.7648,0.7771,8.29,0.5061,0,Charging System Degradation,Normal,0.5885,399.12,No action,98.48
2026-01-01T05:18:10,M010,Rapid Throttle,11152.5,22.67,81.75,3103.8,128.06,679.38,3.747,110.66,38.8,2.989,25.173,16.98,17.504,1.004,179.99,8.982,90.49,133.4,0.9038,0.7649,0.7764,8.36,0.5892,1,Charging System Degradation,Warning,0.5876,414.87,Inspect affected subsystem,99.32
2026-01-01T05:18:20,M010,Rapid Throttle,12896.4,32.38,71.52,3010.7,123.23,652.17,3.892,107.56,37.04,2.894,25.17,16.95,17.45,0.856,164.64,8.645,81.57,122.95,0.9021,0.7637,0.7912,6.88,0.5011,0,Charging System Degradation,Normal,0.6067,370.63,No action,99.92
2026-01-01T05:18:30,M010,Cruise,15153.9,24.85,66.81,2930.0,117.34,623.41,3.886,104.2,36.07,2.789,25.099,17.15,17.415,0.874,159.47,8.244,78.86,119.03,0.905,0.7666,0.792,6.8,0.459,0,Charging System Degradation,Normal,0.6077,382.56,No action,99.01
2026-01-01T05:18:40,M010,Endurance,14605.3,10.02,63.6,2871.9,111.4,611.14,4.231,98.32,35.08,3.017,25.231,15.98,17.524,0.825,152.51,8.264,75.62,114.43,0.899,0.7602,0.779,8.1,0.4237,0,Charging System Degradation,Normal,0.5909,397.5,No action,99.13
2026-01-01T05:18:50,M010,Hot Weather,14313.0,46.52,64.26,2813.1,126.63,669.0,3.958,111.81,36.35,2.751,25.162,16.18,17.359,0.804,151.04,8.007,73.33,114.31,0.8957,0.757,0.7818,7.82,0.4839,0,Charging System Degradation,Normal,0.5945,389.92,No action,99.24
2026-01-01T05:19:00,M010,High Altitude,29038.6,-34.9,58.07,2814.9,108.31,595.54,4.076,95.2,33.65,2.771,24.884,16.73,17.301,0.808,141.78,7.933,72.21,109.85,0.9028,0.7637,0.7728,8.72,0.4266,0,Charging System Degradation,Normal,0.5831,400.58,No action,95.45
2026-01-01T05:19:10,M010,Hot Weather,12335.3,47.34,56.26,2776.0,118.5,653.93,4.184,110.55,34.57,2.603,24.947,15.7,17.355,0.721,146.06,7.747,68.74,106.43,0.8949,0.7564,0.7882,7.18,0.4663,0,Charging System Degradation,Normal,0.6028,384.87,No action,95.1
2026-01-01T05:19:20,M010,High Altitude,23971.2,-17.74,81.27,3152.8,125.78,657.2,3.745,105.96,39.42,3.077,25.006,18.05,17.482,0.992,177.06,8.815,89.24,132.16,0.9008,0.7624,0.7894,7.06,0.5558,1,Charging System Degradation,Warning,0.6043,407.94,Inspect affected subsystem,97.81
2026-01-01T05:19:30,M010,Hot Weather,16632.9,43.34,61.6,2781.4,124.91,648.83,3.864,113.48,35.53,3.09,25.211,16.34,17.321,0.771,155.18,8.223,72.73,111.53,0.8947,0.7563,0.7904,6.96,0.5003,0,Charging System Degradation,Normal,0.6057,356.48,No action,96.05
2026-01-01T05:19:40,M010,High Altitude,28146.8,-6.85,61.23,2830.5,111.16,620.21,3.988,96.03,34.47,3.024,25.046,16.26,17.275,0.791,153.26,8.153,72.75,112.77,0.9018,0.7631,0.7805,7.95,0.442,0,Charging System Degradation,Normal,0.5928,377.34,No action,98.66
2026-01-01T05:19:50,M010,Cruise,11797.9,26.54,63.08,2830.8,113.16,609.74,3.835,99.55,34.91,2.938,24.971,16.43,17.186,0.847,153.72,8.201,74.55,115.49,0.9057,0.7671,0.7862,7.38,0.5084,0,Charging System Degradation,Normal,0.6002,362.48,No action,97.7
2026-01-01T05:20:00,M010,Cruise,15552.7,28.22,75.24,2978.0,126.22,650.54,3.792,107.93,37.41,3.296,25.151,18.35,17.374,0.959,173.1,8.574,84.61,127.91,0.9075,0.7683,0.7708,8.92,0.6326,1,Charging System Degradation,Warning,0.5806,421.46,Inspect affected subsystem,98.31
2026-01-01T05:20:10,M010,Endurance,19142.0,6.82,56.82,2814.4,104.31,589.74,3.976,94.46,33.97,2.852,25.036,16.05,17.629,0.82,140.81,7.85,69.9,107.73,0.8985,0.7599,0.783,7.7,0.4744,0,Charging System Degradation,Normal,0.5961,385.91,No action,98.55
2026-01-01T05:20:20,M010,High Altitude,28086.1,-15.38,87.41,3234.3,129.37,683.67,3.7,107.77,40.44,3.248,25.125,18.63,17.354,1.014,186.25,9.17,96.33,138.18,0.9008,0.7624,0.7888,7.12,0.6263,1,Charging System Degradation,Warning,0.6036,383.35,Inspect affected subsystem,96.2
2026-01-01T05:20:30,M010,Rapid Throttle,9924.6,33.15,63.5,2858.2,117.12,652.45,4.047,102.85,36.28,2.503,24.943,16.28,17.489,0.879,158.45,8.177,73.06,115.7,0.9051,0.7657,0.7657,9.43,0.3991,0,Charging System Degradation,Normal,0.5742,427.64,No action,97.78
2026-01-01T05:20:40,M010,Hot Weather,10741.9,47.52,53.15,2689.2,121.09,636.25,4.086,107.61,32.26,2.946,25.146,15.69,17.294,0.762,134.16,7.836,67.7,103.47,0.8952,0.7566,0.7857,7.43,0.502,0,Charging System Degradation,Normal,0.5995,394.79,No action,95.57
2026-01-01T05:20:50,M010,Endurance,15356.3,13.58,54.26,2669.4,108.89,588.89,4.005,93.12,34.75,2.88,25.144,15.68,17.086,0.761,138.77,7.84,69.33,105.02,0.8973,0.7591,0.793,6.7,0.4778,0,Charging System Degradation,Normal,0.609,362.24,No action,99.99
2026-01-01T05:21:00,M010,Rapid Throttle,9001.7,34.32,72.29,2969.0,124.52,662.15,3.849,111.15,38.17,2.94,25.012,17.76,17.403,0.941,165.58,8.602,79.74,123.73,0.9022,0.7638,0.7899,7.01,0.5303,0,Charging System Degradation,Normal,0.605,380.25,No action,97.05
2026-01-01T05:21:10,M010,High Altitude,29552.4,-31.86,76.75,3112.2,118.47,646.88,3.969,102.69,38.81,2.782,25.002,16.9,17.226,0.902,168.79,8.632,86.62,127.6,0.9001,0.7619,0.7947,6.53,0.4245,0,Charging System Degradation,Normal,0.6113,364.18,No action,97.53
2026-01-01T05:21:20,M010,Rapid Throttle,7707.3,32.25,35.5,2365.6,104.75,571.59,4.35,93.5,28.24,2.565,25.112,14.03,17.552,0.587,111.1,7.366,50.56,88.0,0.9045,0.7653,0.7709,8.91,0.3599,0,Charging System Degradation,Normal,0.5806,424.2,No action,95.44
2026-01-01T05:21:30,M010,Endurance,15005.2,16.09,60.42,2789.8,112.08,612.8,4.025,98.04,34.05,2.933,25.06,16.3,17.323,0.794,147.28,8.058,71.71,111.28,0.8988,0.76,0.7811,7.89,0.4434,0,Charging System Degradation,Normal,0.5937,397.06,No action,98.44
2026-01-01T05:21:40,M010,Cruise,12054.9,24.97,60.17,2866.3,112.59,612.32,3.797,96.24,34.83,2.932,24.896,16.5,17.334,0.802,148.19,7.866,72.14,112.59,0.9055,0.767,0.7871,7.29,0.457,0,Charging System Degradation,Normal,0.6013,383.98,No action,99.76
2026-01-01T05:21:50,M010,Endurance,21314.9,14.54,58.84,2768.2,109.54,603.69,4.131,95.45,34.58,2.895,24.859,16.93,17.336,0.831,142.58,8.011,71.14,109.71,0.8986,0.7599,0.7826,7.74,0.4834,0,Charging System Degradation,Normal,0.5956,396.37,No action,98.89
2026-01-01T05:22:00,M010,Rapid Throttle,6567.6,32.47,82.53,3127.5,133.23,685.63,3.701,113.73,39.4,3.098,25.003,16.64,17.373,0.941,178.17,8.987,91.45,134.01,0.9032,0.7645,0.7818,7.82,0.5888,1,Charging System Degradation,Warning,0.5945,376.68,Inspect affected subsystem,95.52
2026-01-01T05:22:10,M010,Endurance,14795.0,12.71,61.1,2772.4,112.21,599.02,3.948,95.29,35.6,2.976,25.019,15.97,17.436,0.805,150.97,8.349,72.03,112.04,0.8992,0.7603,0.7771,8.29,0.5034,0,Charging System Degradation,Normal,0.5886,396.9,No action,98.9
2026-01-01T05:22:20,M010,Rapid Throttle,8125.1,23.84,84.43,3133.8,131.19,678.54,3.833,109.25,40.4,3.187,25.157,17.99,17.373,0.986,182.18,9.108,91.78,135.38,0.9011,0.7631,0.7991,6.09,0.6393,1,Charging System Degradation,Warning,0.6172,369.06,Inspect affected subsystem,99.5
2026-01-01T05:22:30,M010,Rapid Throttle,11953.7,29.29,73.77,3000.9,123.98,645.41,3.825,114.03,38.37,3.045,25.093,16.39,17.614,0.915,167.18,8.719,82.92,125.18,0.9022,0.7638,0.7903,6.97,0.5133,0,Charging System Degradation,Normal,0.6056,400.61,No action,98.14
2026-01-01T05:22:40,M010,High Altitude,27802.2,-10.46,57.77,2788.2,110.27,599.03,3.991,94.28,33.17,2.719,25.279,15.59,17.486,0.827,142.79,7.996,67.38,108.83,0.899,0.7612,0.8043,5.57,0.4459,0,Charging System Degradation,Normal,0.6242,360.14,No action,99.44
2026-01-01T05:22:50,M010,Hot Weather,8862.6,43.72,78.05,3049.8,135.43,679.66,3.749,121.6,39.95,3.007,25.042,16.76,17.271,0.942,171.94,8.7,89.4,127.78,0.8963,0.7574,0.7768,8.32,0.5606,1,Charging System Degradation,Warning,0.5882,394.79,Inspect affected subsystem,99.5
2026-01-01T05:23:00,M010,Endurance,15155.1,15.9,53.69,2730.0,108.02,582.19,3.949,95.68,33.72,2.982,25.179,15.99,17.432,0.807,134.61,8.094,66.7,104.47,0.8973,0.7591,0.793,6.7,0.4641,0,Charging System Degradation,Normal,0.6091,379.91,No action,96.46
2026-01-01T05:23:10,M010,Hot Weather,14944.7,47.41,69.76,2951.4,129.69,681.44,3.841,115.99,36.03,3.146,25.108,16.34,17.322,0.881,168.96,8.317,81.56,119.65,0.8958,0.757,0.7811,7.89,0.5731,1,Charging System Degradation,Warning,0.5935,396.03,Inspect affected subsystem,97.6
2026-01-01T05:23:20,M010,Rapid Throttle,15521.7,27.52,77.98,3054.2,123.93,659.19,3.918,111.03,40.07,3.034,25.284,16.86,17.361,1.02,172.62,8.824,86.11,129.28,0.902,0.7637,0.7914,6.86,0.5427,0,Charging System Degradation,Normal,0.6069,416.53,No action,98.3
2026-01-01T05:23:30,M010,Rapid Throttle,11963.9,27.93,75.04,2981.7,126.96,650.53,3.873,109.62,39.44,3.05,27.25,23.06,17.413,0.912,169.37,8.52,83.87,126.51,0.9026,0.764,0.7871,21.29,0.2766,0,Normal,Normal,0.3513,385.72,No action,96.66
2026-01-01T05:23:40,M010,High Altitude,26863.2,-30.16,70.32,2967.4,113.15,620.9,3.871,100.82,35.9,2.867,27.211,22.99,17.347,0.934,163.97,8.353,80.88,121.37,0.9004,0.7621,0.7925,20.75,0.1806,0,Normal,Normal,0.3585,373.93,No action,98.6
2026-01-01T05:23:50,M010,Cruise,14180.2,27.98,68.1,2888.9,121.62,641.13,3.814,107.62,36.39,3.09,26.841,22.73,17.348,0.863,153.74,8.464,81.01,120.34,0.9052,0.7668,0.7903,20.97,0.2624,0,Normal,Normal,0.3556,383.13,No action,99.31
2026-01-01T05:24:00,M010,Endurance,16786.1,21.11,60.01,2766.4,108.54,595.98,4.021,96.29,34.18,2.926,27.249,21.96,17.319,0.767,147.48,8.15,74.15,110.99,0.8993,0.7604,0.7766,22.34,0.1589,0,Normal,Normal,0.3378,432.89,No action,98.58
2026-01-01T05:24:10,M010,High Altitude,24781.0,-31.68,68.89,2917.5,117.43,634.6,4.068,101.99,36.75,3.154,27.149,23.06,17.247,0.876,157.14,8.485,79.26,120.16,0.9013,0.7627,0.7851,21.49,0.2021,0,Normal,Normal,0.3487,380.48,No action,97.64
2026-01-01T05:24:20,M010,High Altitude,27300.7,-5.81,79.0,3059.0,125.54,656.73,3.536,106.06,38.71,2.982,27.074,24.35,17.518,1.029,175.16,8.852,85.3,130.2,0.9019,0.7631,0.78,22.0,0.2936,0,Normal,Normal,0.3422,408.14,No action,98.13
2026-01-01T05:24:30,M010,Hot Weather,15835.6,46.22,53.45,2692.6,118.17,647.46,4.107,109.42,34.14,3.003,27.298,21.98,17.6,0.762,139.4,7.787,69.65,103.67,0.8947,0.7563,0.7899,21.01,0.1788,0,Normal,Normal,0.355,366.37,No action,95.07
2026-01-01T05:24:40,M010,Rapid Throttle,7820.3,28.5,72.53,3020.8,126.72,649.34,4.087,107.98,36.79,2.84,26.938,23.98,17.327,0.879,170.52,8.407,81.12,124.02,0.9024,0.7639,0.7885,21.15,0.226,0,Normal,Normal,0.3531,381.1,No action,98.18
2026-01-01T05:24:50,M010,Rapid Throttle,7577.5,26.78,69.49,2971.2,123.94,641.44,3.738,104.05,36.43,3.085,26.981,22.54,17.395,0.852,165.98,8.447,80.29,120.93,0.9019,0.7636,0.7924,20.76,0.255,0,Normal,Normal,0.3582,359.08,No action,99.27
2026-01-01T05:25:00,M010,Cruise,10684.1,27.44,62.06,2849.3,114.26,619.6,3.88,102.21,35.76,2.987,26.974,22.61,17.176,0.843,153.04,8.02,74.06,114.29,0.9047,0.7665,0.7941,20.59,0.2263,0,Normal,Normal,0.3606,371.81,No action,98.78
2026-01-01T05:25:10,M010,Rapid Throttle,10563.8,34.51,79.82,3147.1,131.52,672.44,3.796,115.87,39.91,2.968,27.007,23.9,17.425,0.966,179.78,9.191,88.3,131.39,0.9034,0.7646,0.7801,21.99,0.3388,0,Normal,Normal,0.3424,406.63,No action,95.67
2026-01-01T05:25:20,M010,Rapid Throttle,11882.6,32.67,94.3,3306.6,138.12,714.24,3.559,123.37,43.75,3.14,26.919,24.9,17.395,1.055,202.27,9.553,99.67,145.14,0.9014,0.7633,0.7963,20.37,0.372,0,Normal,Normal,0.3635,387.29,No action,96.87
2026-01-01T05:25:30,M010,High Altitude,23099.8,-24.14,63.31,2800.2,113.34,613.12,4.056,99.8,36.2,2.853,27.004,22.11,17.162,0.836,153.74,8.497,72.24,114.46,0.9001,0.7619,0.7953,20.47,0.1735,0,Normal,Normal,0.3621,378.75,No action,96.15
2026-01-01T05:25:40,M010,Rapid Throttle,8168.6,29.86,68.64,2986.9,122.73,627.03,3.86,108.41,36.53,2.937,27.102,23.37,17.452,0.907,164.66,8.638,79.56,120.14,0.9021,0.7637,0.7907,20.93,0.2575,0,Normal,Normal,0.3561,382.43,No action,98.6
2026-01-01T05:25:50,M010,Hot Weather,16173.3,38.78,61.16,2847.3,119.48,646.69,4.022,110.55,35.23,2.884,27.19,21.24,17.279,0.861,153.22,7.817,72.0,111.16,0.8949,0.7564,0.7882,21.18,0.1738,0,Normal,Normal,0.3528,391.06,No action,98.9
2026-01-01T05:26:00,M010,High Altitude,27808.8,-34.19,69.53,2940.4,121.05,612.54,3.627,100.6,37.48,3.105,26.898,22.52,17.278,0.877,158.98,8.364,79.52,120.83,0.9015,0.7628,0.7835,21.65,0.2605,0,Normal,Normal,0.3467,377.78,No action,98.74
2026-01-01T05:26:10,M010,Endurance,20167.9,22.15,40.26,2495.9,99.72,561.21,4.196,84.82,30.96,2.769,27.036,21.23,17.355,0.651,120.69,7.126,54.62,91.23,0.8961,0.7583,0.803,19.7,0.1493,0,Normal,Normal,0.3724,348.51,No action,97.89
2026-01-01T05:26:20,M010,Cruise,13556.6,28.5,61.92,2836.3,119.29,625.8,3.82,102.84,35.44,2.863,27.001,22.41,17.268,0.848,148.63,8.343,73.84,113.93,0.9036,0.7657,0.8036,19.64,0.1993,0,Normal,Normal,0.3732,364.57,No action,99.55
2026-01-01T05:26:30,M010,Cruise,10606.9,25.19,57.27,2787.8,113.76,601.25,3.867,99.4,34.45,3.0,26.923,24.18,17.396,0.766,143.03,8.104,69.79,109.86,0.9062,0.7675,0.7815,21.85,0.1678,0,Normal,Normal,0.3441,402.77,No action,99.47
2026-01-01T05:26:40,M010,High Altitude,26056.6,-14.45,69.99,2926.6,119.84,631.46,3.916,101.36,36.86,2.734,27.147,23.88,17.287,0.825,157.77,8.449,79.2,121.2,0.9011,0.7626,0.7864,21.36,0.2155,0,Normal,Normal,0.3505,380.97,No action,99.56
2026-01-01T05:26:50,M010,Cruise,12552.2,28.69,49.55,2695.3,108.87,584.69,4.1,94.73,32.42,2.784,27.302,21.86,17.262,0.746,135.74,7.398,62.05,101.84,0.9041,0.7661,0.7991,20.09,0.1854,0,Normal,Normal,0.3672,354.85,No action,99.59
2026-01-01T05:27:00,M010,Rapid Throttle,13725.7,25.45,54.09,2682.3,107.58,584.68,4.027,97.62,34.02,2.754,26.834,21.13,17.466,0.736,141.66,7.89,68.73,105.66,0.901,0.763,0.7999,20.01,0.1503,0,Normal,Normal,0.3683,371.98,No action,99.85
2026-01-01T05:27:10,M010,Hot Weather,12954.8,37.03,60.75,2862.6,114.8,643.05,3.835,105.7,34.42,2.774,27.194,22.05,17.236,0.822,152.37,8.222,71.37,110.55,0.8939,0.7557,0.797,20.3,0.1746,0,Normal,Normal,0.3644,377.38,No action,98.38
2026-01-01T05:27:20,M010,Endurance,23551.7,24.43,70.62,2974.5,120.04,652.31,3.84,105.85,36.82,3.078,27.106,23.38,17.464,0.891,164.97,8.669,80.35,120.93,0.8974,0.7591,0.7926,20.74,0.2362,0,Normal,Normal,0.3585,380.91,No action,98.25
2026-01-01T05:27:30,M010,Cruise,12065.7,19.37,69.09,2907.7,114.23,616.98,3.923,102.92,36.29,3.053,27.112,22.78,17.372,0.95,159.95,8.417,80.4,121.2,0.9046,0.7664,0.795,20.5,0.2413,0,Normal,Normal,0.3617,388.51,No action,97.87
2026-01-01T05:27:40,M010,Hot Weather,15672.0,43.67,66.91,2859.1,126.67,663.23,3.9,114.0,36.01,3.115,27.027,22.74,17.654,0.828,155.65,8.38,77.42,116.1,0.8919,0.7544,0.8132,18.68,0.2579,0,Normal,Normal,0.3864,347.47,No action,96.13
2026-01-01T05:27:50,M010,Hot Weather,17605.6,35.58,62.89,2787.2,119.16,627.98,3.89,105.72,34.96,2.801,27.132,22.56,17.297,0.866,153.81,8.089,71.06,112.49,0.8932,0.7553,0.8026,19.74,0.1867,0,Normal,Normal,0.372,366.31,No action,97.58
2026-01-01T05:28:00,M010,Rapid Throttle,14001.5,28.12,87.59,3251.3,131.43,689.94,3.626,115.55,41.36,3.035,27.022,24.13,17.611,1.035,193.41,9.071,98.15,138.59,0.9016,0.7634,0.7954,20.46,0.3342,0,Normal,Normal,0.3622,380.11,No action,99.28
2026-01-01T05:28:10,M010,Endurance,23526.7,16.13,52.58,2656.1,106.95,584.72,4.137,92.71,32.79,2.864,27.094,21.02,17.438,0.775,136.54,7.63,67.87,103.38,0.8973,0.759,0.7932,20.68,0.191,0,Normal,Normal,0.3594,377.05,No action,97.35
2026-01-01T05:28:20,M010,High Altitude,24593.8,-34.48,59.07,2779.1,111.56,602.37,3.974,98.14,34.16,2.84,27.024,22.43,17.392,0.783,141.56,7.951,72.07,110.28,0.8999,0.7618,0.7964,20.36,0.1973,0,Normal,Normal,0.3635,361.42,No action,96.99
2026-01-01T05:28:30,M010,Cruise,16516.0,24.37,63.85,2853.5,115.4,621.95,4.023,102.05,35.39,2.74,27.152,22.05,17.086,0.856,158.06,8.045,75.87,115.89,0.9039,0.7659,0.801,19.9,0.152,0,Normal,Normal,0.3697,339.93,No action,96.85
2026-01-01T05:28:40,M010,Endurance,15379.0,19.89,56.85,2706.7,107.92,597.43,4.13,96.25,34.19,3.083,26.837,21.93,17.248,0.793,141.49,7.821,70.75,107.42,0.8967,0.7586,0.7983,20.17,0.225,0,Normal,Normal,0.3661,349.0,No action,95.95
2026-01-01T05:28:50,M010,High Altitude,24074.0,-8.57,66.52,2910.4,116.8,619.25,3.743,99.09,36.64,2.851,27.043,23.46,17.467,0.861,154.25,8.547,76.56,118.18,0.9029,0.7638,0.7715,22.85,0.227,0,Normal,Normal,0.3314,402.1,No action,96.42
2026-01-01T05:29:00,M010,Rapid Throttle,12320.8,27.75,76.47,3090.7,125.88,663.23,3.634,112.16,38.58,3.076,27.158,24.02,17.407,0.976,172.8,8.692,85.12,127.44,0.9004,0.7626,0.8049,19.51,0.286,0,Normal,Normal,0.375,339.04,No action,95.04
2026-01-01T05:29:10,M010,Hot Weather,9532.5,36.54,63.7,2860.4,125.07,653.2,4.037,106.77,35.64,3.0,27.214,22.81,17.282,0.847,152.57,8.376,75.13,113.31,0.8934,0.7554,0.8012,19.88,0.2493,0,Normal,Normal,0.37,344.11,No action,95.24
2026-01-01T05:29:20,M010,Rapid Throttle,10187.3,27.94,94.1,3306.9,134.58,704.75,3.694,120.56,42.38,3.152,26.956,25.07,17.254,1.099,190.95,9.47,100.0,144.86,0.9011,0.7631,0.7989,20.11,0.3654,0,Normal,Normal,0.3669,355.92,No action,95.52
2026-01-01T05:29:30,M010,Endurance,19408.8,17.95,55.02,2755.1,107.11,591.19,3.953,92.02,32.75,2.872,27.112,21.9,17.462,0.82,135.47,7.965,68.05,105.79,0.8975,0.7592,0.7917,20.83,0.1474,0,Normal,Normal,0.3574,382.29,No action,95.58
2026-01-01T05:29:40,M010,High Altitude,23742.7,-7.36,64.49,2855.1,114.88,613.28,3.823,96.91,36.09,2.799,26.838,23.24,17.427,0.869,149.63,8.182,76.07,115.52,0.8996,0.7616,0.7988,20.12,0.194,0,Normal,Normal,0.3668,363.77,No action,98.72
2026-01-01T05:29:50,M010,Cruise,11712.6,20.66,60.42,2808.6,108.37,607.71,3.911,96.98,34.49,2.717,27.16,22.12,17.498,0.859,147.72,7.988,70.62,112.37,0.9032,0.7655,0.8065,19.35,0.1579,0,Normal,Normal,0.3772,343.93,No action,99.45
2026-01-01T05:30:00,M010,Endurance,15299.8,17.71,68.42,2844.8,117.56,626.81,3.883,103.91,37.27,2.792,26.925,23.36,17.392,0.835,162.38,8.395,80.09,118.69,0.8969,0.7588,0.7965,20.35,0.2177,0,Normal,Normal,0.3637,359.95,No action,96.59
2026-01-01T05:30:10,M010,Cruise,10237.8,29.61,67.74,2955.3,120.44,649.09,3.828,108.14,35.78,2.894,27.12,22.15,17.359,0.88,161.13,8.378,77.1,119.75,0.904,0.766,0.7997,20.03,0.2522,0,Normal,Normal,0.368,373.31,No action,99.39
2026-01-01T05:30:20,M010,Rapid Throttle,6459.8,25.05,59.83,2741.1,114.44,611.72,4.138,100.53,35.07,3.056,27.216,22.63,17.424,0.789,149.33,7.875,72.67,110.94,0.8992,0.7618,0.8149,18.51,0.1949,0,Normal,Normal,0.3888,329.55,No action,96.1
2026-01-01T05:30:30,M010,Rapid Throttle,6745.8,34.32,79.93,3114.6,126.08,683.51,3.619,111.35,39.05,3.091,26.915,23.86,17.446,0.972,178.3,8.738,87.53,130.62,0.8995,0.762,0.8122,18.78,0.2829,0,Normal,Normal,0.385,352.19,No action,97.34
2026-01-01T05:30:40,M010,Rapid Throttle,10666.4,26.71,61.9,2883.3,114.43,616.08,4.044,100.55,34.6,2.888,27.068,22.69,17.404,0.803,152.08,8.025,71.68,113.4,0.9015,0.7633,0.7958,20.42,0.1623,0,Normal,Normal,0.3628,375.84,No action,96.01
2026-01-01T05:30:50,M010,High Altitude,26732.9,-27.49,61.42,2831.3,112.03,603.33,3.943,97.95,35.94,3.16,26.859,22.05,17.391,0.797,149.39,8.112,70.02,112.3,0.8985,0.7608,0.8085,19.15,0.2111,0,Normal,Normal,0.3799,330.84,No action,99.81
2026-01-01T05:31:00,M010,Cruise,10030.2,22.8,64.57,2837.3,117.0,616.32,3.841,98.62,36.02,2.776,26.98,21.88,17.363,0.881,153.0,8.163,73.14,116.52,0.9035,0.7657,0.8041,19.59,0.1727,0,Normal,Normal,0.3739,328.01,No action,97.09
2026-01-01T05:31:10,M010,Rapid Throttle,7829.4,23.52,78.52,3098.6,124.57,659.7,3.786,107.68,38.94,3.172,26.995,23.07,17.34,0.916,170.72,9.036,90.54,129.03,0.8986,0.7614,0.8201,17.99,0.2614,0,Normal,Normal,0.3961,338.12,No action,97.59
2026-01-01T05:31:20,M010,Endurance,22396.6,11.1,54.78,2761.9,105.35,586.47,4.113,97.93,32.73,2.878,26.814,21.43,17.306,0.779,140.15,8.151,71.81,105.09,0.895,0.7575,0.8128,18.72,0.1691,0,Normal,Normal,0.3859,328.43,No action,96.01
2026-01-01T05:31:30,M010,High Altitude,24369.4,-19.59,56.07,2756.4,108.12,592.67,3.928,95.65,33.72,3.053,27.121,21.32,17.291,0.76,143.65,7.567,68.67,107.34,0.8998,0.7617,0.7974,20.26,0.2066,0,Normal,Normal,0.3649,378.06,No action,95.79
2026-01-01T05:31:40,M010,Cruise,13878.2,24.5,65.58,2875.5,120.32,627.76,3.932,104.68,36.12,3.003,26.882,22.77,17.492,0.869,154.86,8.248,76.88,117.41,0.903,0.7653,0.8083,19.17,0.2191,0,Normal,Normal,0.3796,336.2,No action,95.01
2026-01-01T05:31:50,M010,Rapid Throttle,7888.6,30.95,66.9,2913.0,121.75,646.21,3.903,105.31,35.66,3.013,27.236,22.63,17.349,0.84,160.59,8.202,78.12,117.93,0.8997,0.7621,0.811,18.9,0.2175,0,Normal,Normal,0.3834,334.36,No action,99.99
2026-01-01T05:32:00,M010,Hot Weather,9364.9,44.68,68.15,2928.1,128.0,669.54,3.851,116.48,35.75,2.986,27.013,22.09,17.283,0.912,162.9,8.255,81.85,117.47,0.8927,0.755,0.8064,19.36,0.2658,0,Normal,Normal,0.3771,348.19,No action,95.09
2026-01-01T05:32:10,M010,Hot Weather,16082.2,42.8,66.89,2873.2,129.01,662.81,3.784,113.43,35.97,2.923,27.242,23.07,17.57,0.904,155.79,8.429,74.65,116.22,0.8926,0.7549,0.8076,19.24,0.3075,0,Normal,Normal,0.3787,333.58,No action,95.8
2026-01-01T05:32:20,M010,Rapid Throttle,11373.3,32.23,79.84,3106.0,128.53,668.89,3.744,116.2,39.65,2.96,27.131,24.29,17.417,1.021,180.69,9.229,86.84,130.85,0.901,0.763,0.8004,19.96,0.2666,0,Normal,Normal,0.3689,336.28,No action,97.2
2026-01-01T05:32:30,M010,High Altitude,25043.5,-29.35,61.44,2784.6,114.93,597.03,3.894,92.48,34.99,3.126,27.053,22.82,17.492,0.811,147.26,7.887,74.92,112.25,0.8981,0.7606,0.8114,18.86,0.2098,0,Normal,Normal,0.3839,335.93,No action,96.19
2026-01-01T05:32:40,M010,Hot Weather,16902.9,39.53,64.1,2901.4,125.9,649.83,3.853,113.48,36.59,2.922,27.08,22.39,17.332,0.793,151.26,7.819,75.54,113.45,0.8921,0.7546,0.8114,18.86,0.2825,0,Normal,Normal,0.3839,320.49,No action,97.13
2026-01-01T05:32:50,M010,Cruise,11091.8,15.21,45.18,2550.0,102.23,563.72,4.175,88.47,30.46,2.849,27.156,20.56,17.32,0.704,125.64,7.549,60.69,97.44,0.9035,0.7657,0.8041,19.59,0.1457,0,Normal,Normal,0.374,339.55,No action,99.07
2026-01-01T05:33:00,M010,Hot Weather,12345.1,42.56,63.26,2833.7,123.42,655.28,4.011,110.25,35.4,2.97,27.172,22.59,17.517,0.87,155.38,7.957,74.96,112.83,0.8931,0.7553,0.803,19.7,0.2336,0,Normal,Normal,0.3725,358.29,No action,96.44
2026-01-01T05:33:10,M010,Cruise,10346.3,17.84,61.77,2820.9,108.66,621.09,3.939,98.98,34.27,2.945,26.879,22.69,17.33,0.869,146.69,8.329,73.75,113.93,0.9043,0.7662,0.7974,20.26,0.1718,0,Normal,Normal,0.3649,387.68,No action,95.09
