timestamp,mission_id,sample_sec,mission_profile,altitude_ft,ambient_temp_c,throttle_pct,rpm,cht_c,egt_c,oil_pressure_bar,oil_temp_c,fuel_flow_lph,vibration_mm_s,battery_voltage_v,alternator_current_a,injection_timing_deg,engine_health_pct,anomaly_score,anomaly_flag,failure_stage,failure_event,failure_mode,severity,failure_probability_24h,rul_hours,maintenance_advisory
2026-09-04T14:00:00,SIM-MISSION-01,0,Endurance,24060.6,27.74,67.06,2785.8,93.43,678.68,4.597,89.2,32.08,2.32,27.46,26.31,17.83,85.77,0.489,0,PRE_FAILURE,0,Injector Failure,CRITICAL_WARNING,0.5257,1450.0,Immediate inspection recommended
2026-09-04T14:00:01,SIM-MISSION-01,1,Endurance,23951.4,25.71,67.93,2739.3,92.93,682.68,4.557,90.12,31.86,2.531,27.612,25.88,17.901,85.32,0.5073,0,PRE_FAILURE,0,Injector Failure,CRITICAL_WARNING,0.5412,1429.93,Immediate inspection recommended
2026-09-04T14:00:02,SIM-MISSION-01,2,Endurance,24100.9,27.82,70.65,2757.3,94.04,679.4,4.59,88.95,32.9,2.313,27.547,25.64,17.873,85.36,0.5058,0,PRE_FAILURE,0,Injector Failure,CRITICAL_WARNING,0.5399,1409.87,Immediate inspection recommended
2026-09-04T14:00:03,SIM-MISSION-01,3,Endurance,23984.1,27.69,68.15,2739.8,94.06,677.44,4.394,90.56,33.82,2.579,27.558,26.57,17.812,84.02,0.5591,1,PRE_FAILURE,0,Injector Failure,CRITICAL_WARNING,0.5852,1389.8,Immediate inspection recommended
2026-09-04T14:00:04,SIM-MISSION-01,4,Endurance,23964.0,26.82,66.21,2691.9,95.35,685.8,4.55,90.21,32.68,2.629,27.736,25.88,17.756,84.1,0.556,1,PRE_FAILURE,0,Injector Failure,CRITICAL_WARNING,0.5826,1369.73,Immediate inspection recommended
2026-09-04T14:00:05,SIM-MISSION-01,5,Endurance,24049.9,27.08,68.98,2742.6,95.01,688.52,4.542,91.7,33.59,2.743,27.659,25.94,17.711,82.75,0.6099,1,PRE_FAILURE,0,Injector Failure,CRITICAL_WARNING,0.6285,1349.67,Immediate inspection recommended
2026-09-04T14:00:06,SIM-MISSION-01,6,Endurance,24271.2,28.87,66.99,2700.9,95.06,688.8,4.51,91.9,34.22,2.839,27.654,26.0,17.796,82.54,0.6182,1,PRE_FAILURE,0,Injector Failure,CRITICAL_WARNING,0.6355,1329.6,Immediate inspection recommended
2026-09-04T14:00:07,SIM-MISSION-01,7,Endurance,23965.4,28.3,70.58,2690.1,95.44,688.45,4.431,91.28,33.79,2.913,27.554,26.43,17.808,82.2,0.6319,1,PRE_FAILURE,0,Injector Failure,CRITICAL_WARNING,0.6471,1309.53,Immediate inspection recommended
2026-09-04T14:00:08,SIM-MISSION-01,8,Endurance,23990.9,28.78,68.96,2710.2,96.56,688.88,4.396,91.21,34.46,2.902,27.74,25.88,17.758,81.77,0.6492,1,PRE_FAILURE,0,Injector Failure,CRITICAL_WARNING,0.6618,1289.47,Immediate inspection recommended
2026-09-04T14:00:09,SIM-MISSION-01,9,Endurance,23765.8,28.37,68.13,2690.9,96.68,699.58,4.379,90.94,34.8,2.991,27.617,25.68,17.708,81.78,0.6488,1,PRE_FAILURE,0,Injector Failure,CRITICAL_WARNING,0.6615,1269.4,Immediate inspection recommended
2026-09-04T14:00:10,SIM-MISSION-01,10,Endurance,23976.7,28.7,68.02,2659.0,97.08,695.51,4.271,90.68,35.07,3.09,27.534,25.92,17.723,81.38,0.6648,1,PRE_FAILURE,0,Injector Failure,CRITICAL_WARNING,0.6751,1249.33,Immediate inspection recommended
2026-09-04T14:00:11,SIM-MISSION-01,11,Endurance,23916.4,28.58,68.71,2687.2,98.34,693.31,4.361,92.57,35.91,3.117,27.633,26.56,17.725,79.95,0.7219,1,PRE_FAILURE,0,Injector Failure,CRITICAL_WARNING,0.7236,1229.27,Immediate inspection recommended
2026-09-04T14:00:12,SIM-MISSION-01,12,Endurance,23942.6,28.39,66.01,2636.0,96.61,698.18,4.303,91.85,36.22,3.195,27.589,26.29,17.828,79.62,0.7354,1,PRE_FAILURE,0,Injector Failure,CRITICAL_WARNING,0.735,1209.2,Immediate inspection recommended
2026-09-04T14:00:13,SIM-MISSION-01,13,Endurance,23753.7,30.06,69.62,2655.5,98.52,703.82,4.157,91.13,36.45,3.329,27.691,26.08,17.763,79.48,0.7407,1,PRE_FAILURE,0,Injector Failure,CRITICAL_WARNING,0.7396,1189.13,Immediate inspection recommended
2026-09-04T14:00:14,SIM-MISSION-01,14,Endurance,23946.8,27.83,68.45,2603.3,98.34,709.02,4.254,91.09,36.87,3.313,27.493,25.89,17.839,78.68,0.7729,1,PRE_FAILURE,0,Injector Failure,CRITICAL_WARNING,0.767,1169.07,Immediate inspection recommended
2026-09-04T14:00:15,SIM-MISSION-01,15,Endurance,23973.7,27.77,68.27,2610.8,97.87,709.54,4.204,92.78,36.63,3.461,27.603,25.94,17.83,37.6,0.816,1,FAILURE,1,Injector Failure,ENGINE_FAILURE,0.8036,20.0,Emergency shutdown / maintenance inspection
2026-09-04T14:00:16,SIM-MISSION-01,16,Endurance,24137.4,27.65,68.59,2604.7,98.43,711.81,4.154,92.6,37.4,3.577,27.558,26.29,17.805,37.19,0.8326,1,FAILURE,1,Injector Failure,ENGINE_FAILURE,0.8177,18.5,Emergency shutdown / maintenance inspection
2026-09-04T14:00:17,SIM-MISSION-01,17,Endurance,23980.0,27.77,67.84,2607.0,98.92,710.45,4.061,93.7,37.47,3.725,27.506,26.39,17.771,37.42,0.8233,1,FAILURE,1,Injector Failure,ENGINE_FAILURE,0.8098,17.0,Emergency shutdown / maintenance inspection
2026-09-04T14:00:18,SIM-MISSION-01,18,Endurance,24175.2,28.06,65.35,2605.8,99.33,713.14,4.21,92.66,37.43,3.744,27.65,26.37,17.841,36.44,0.8624,1,FAILURE,1,Injector Failure,ENGINE_FAILURE,0.843,15.5,Emergency shutdown / maintenance inspection
2026-09-04T14:00:19,SIM-MISSION-01,19,Endurance,23723.4,28.9,67.15,2591.1,99.52,712.79,4.166,93.16,38.59,3.865,27.542,26.18,17.847,36.1,0.876,1,FAILURE,1,Injector Failure,ENGINE_FAILURE,0.8546,14.0,Emergency shutdown / maintenance inspection
2026-09-04T14:00:20,SIM-MISSION-01,20,Endurance,24153.9,27.05,68.74,2581.6,97.86,709.63,4.091,93.88,38.38,3.942,27.512,25.6,17.844,35.45,0.902,1,FAILURE,1,Injector Failure,ENGINE_FAILURE,0.8767,12.5,Emergency shutdown / maintenance inspection
2026-09-04T14:00:21,SIM-MISSION-01,21,Endurance,23991.5,29.39,69.4,2576.9,100.67,725.97,4.082,94.71,38.52,4.01,27.586,25.52,17.813,35.02,0.919,1,FAILURE,1,Injector Failure,ENGINE_FAILURE,0.8912,11.0,Emergency shutdown / maintenance inspection
2026-09-04T14:00:22,SIM-MISSION-01,22,Endurance,24076.6,28.22,66.86,2552.2,98.94,717.91,3.986,94.65,39.16,3.993,27.551,26.86,17.769,34.59,0.9362,1,FAILURE,1,Injector Failure,ENGINE_FAILURE,0.9058,9.5,Emergency shutdown / maintenance inspection
2026-09-04T14:00:23,SIM-MISSION-01,23,Endurance,24038.7,26.56,66.97,2550.9,99.5,724.82,4.031,92.74,39.78,4.204,27.581,25.92,17.812,34.34,0.9462,1,FAILURE,1,Injector Failure,ENGINE_FAILURE,0.9143,8.0,Emergency shutdown / maintenance inspection
2026-09-04T14:00:24,SIM-MISSION-01,24,Endurance,24199.1,27.26,68.63,2568.7,99.56,723.95,4.003,95.32,39.31,4.108,27.548,25.66,17.771,33.61,0.9756,1,FAILURE,1,Injector Failure,ENGINE_FAILURE,0.9392,6.5,Emergency shutdown / maintenance inspection
2026-09-04T14:00:25,SIM-MISSION-01,25,Endurance,23941.7,28.23,68.94,2955.5,92.59,659.19,4.663,87.94,29.03,1.366,27.606,25.94,17.761,95.12,0.1151,0,NORMAL,0,Normal,NORMAL,0.1078,1448.33,No action
2026-09-04T14:00:26,SIM-MISSION-01,26,Endurance,23824.7,29.17,67.97,2891.5,90.37,660.32,4.831,87.61,28.23,1.597,27.472,26.04,17.889,95.95,0.0822,0,NORMAL,0,Normal,NORMAL,0.0798,1448.27,No action
2026-09-04T14:00:27,SIM-MISSION-01,27,Endurance,24019.1,28.79,68.61,2906.1,91.43,663.71,4.797,87.78,28.67,1.303,27.479,25.98,17.791,95.55,0.0981,0,NORMAL,0,Normal,NORMAL,0.0934,1448.2,No action
2026-09-04T14:00:28,SIM-MISSION-01,28,Endurance,24016.7,26.38,65.85,2890.6,90.77,653.57,4.858,88.03,29.17,1.673,27.686,25.98,17.839,95.34,0.1065,0,NORMAL,0,Normal,NORMAL,0.1005,1448.13,No action
2026-09-04T14:00:29,SIM-MISSION-01,29,Endurance,24058.6,25.24,67.44,2936.8,90.44,662.73,4.775,88.7,29.46,1.484,27.478,25.96,17.842,95.73,0.0908,0,NORMAL,0,Normal,NORMAL,0.0872,1448.07,No action
2026-09-04T14:00:30,SIM-MISSION-01,30,Endurance,23986.9,28.52,66.92,2898.5,89.89,661.18,4.756,87.22,28.88,1.433,27.599,25.8,17.781,95.16,0.1137,0,NORMAL,0,Normal,NORMAL,0.1066,1448.0,No action
2026-09-04T14:00:31,SIM-MISSION-01,31,Endurance,24094.2,28.44,68.8,2923.2,90.36,662.28,4.821,88.22,28.86,1.516,27.663,26.65,17.758,95.64,0.0945,0,NORMAL,0,Normal,NORMAL,0.0903,1447.93,No action
2026-09-04T14:00:32,SIM-MISSION-01,32,Endurance,24000.6,27.65,67.53,2936.5,88.76,657.6,4.741,87.92,28.75,1.499,27.655,26.57,17.659,95.38,0.1047,0,NORMAL,0,Normal,NORMAL,0.099,1447.87,No action
2026-09-04T14:00:33,SIM-MISSION-01,33,Endurance,23858.5,28.82,67.07,2889.9,90.25,662.9,4.865,88.07,28.71,1.558,27.581,26.16,17.806,95.43,0.1029,0,NORMAL,0,Normal,NORMAL,0.0974,1447.8,No action
2026-09-04T14:00:34,SIM-MISSION-01,34,Endurance,23961.2,28.15,67.15,2942.2,90.06,661.68,4.741,88.75,29.32,1.532,27.68,25.87,17.768,95.55,0.0979,0,NORMAL,0,Normal,NORMAL,0.0932,1447.73,No action
2026-09-04T14:00:35,SIM-MISSION-01,35,Endurance,24057.4,27.69,70.29,2907.9,91.61,664.08,4.77,87.0,29.25,1.641,27.587,25.61,17.813,96.2,0.0719,0,NORMAL,0,Normal,NORMAL,0.0711,1447.67,No action
2026-09-04T14:00:36,SIM-MISSION-01,36,Endurance,23874.6,26.7,70.4,2904.6,91.4,654.8,4.818,88.92,29.06,1.48,27.458,25.62,17.708,95.59,0.0963,0,NORMAL,0,Normal,NORMAL,0.0918,1447.6,No action
2026-09-04T14:00:37,SIM-MISSION-01,37,Endurance,24063.6,28.26,68.38,2901.9,90.73,654.87,4.901,87.48,28.73,1.575,27.716,26.4,17.776,95.44,0.1022,0,NORMAL,0,Normal,NORMAL,0.0969,1447.53,No action
2026-09-04T14:00:38,SIM-MISSION-01,38,Endurance,23775.9,28.34,69.42,2905.9,89.99,660.7,4.729,88.95,29.01,1.468,27.574,25.85,17.793,96.04,0.0783,0,NORMAL,0,Normal,NORMAL,0.0766,1447.47,No action
2026-09-04T14:00:39,SIM-MISSION-01,39,Endurance,23865.4,28.29,68.85,2922.7,91.13,661.78,4.789,88.56,28.69,1.555,27.534,25.66,17.831,96.23,0.0709,0,NORMAL,0,Normal,NORMAL,0.0702,1447.4,No action
2026-09-04T14:00:40,SIM-MISSION-01,40,Endurance,24009.5,29.3,67.5,2949.0,90.47,659.26,4.715,89.76,29.17,1.622,27.653,26.28,17.83,95.22,0.1112,0,NORMAL,0,Normal,NORMAL,0.1045,1447.33,No action
2026-09-04T14:00:41,SIM-MISSION-01,41,Endurance,23933.4,29.17,69.9,2914.3,90.57,662.64,4.877,88.1,28.75,1.54,27.56,26.57,17.845,95.39,0.1045,0,NORMAL,0,Normal,NORMAL,0.0988,1447.27,No action
2026-09-04T14:00:42,SIM-MISSION-01,42,Endurance,24002.8,26.86,70.86,2963.4,91.47,659.9,4.865,87.74,29.27,1.493,27.522,26.17,17.817,95.61,0.0958,0,NORMAL,0,Normal,NORMAL,0.0914,1447.2,No action
2026-09-04T14:00:43,SIM-MISSION-01,43,Endurance,23886.8,28.62,67.66,2894.3,89.58,661.85,4.729,88.79,29.5,1.527,27.733,26.07,17.856,95.14,0.1144,0,NORMAL,0,Normal,NORMAL,0.1072,1447.13,No action
2026-09-04T14:00:44,SIM-MISSION-01,44,Endurance,23841.1,29.44,66.87,2923.7,90.9,662.53,4.81,87.95,29.25,1.614,27.489,26.17,17.834,95.36,0.1058,0,NORMAL,0,Normal,NORMAL,0.0999,1447.07,No action
2026-09-04T14:00:45,SIM-MISSION-01,45,Endurance,23876.9,27.12,68.34,2929.4,90.94,664.79,4.791,88.42,28.63,1.504,27.489,25.94,17.852,95.17,0.1133,0,NORMAL,0,Normal,NORMAL,0.1063,1447.0,No action
2026-09-04T14:00:46,SIM-MISSION-01,46,Endurance,24084.8,27.39,70.42,2926.0,91.46,661.43,4.799,88.44,28.95,1.548,27.704,25.82,17.809,95.46,0.1015,0,NORMAL,0,Normal,NORMAL,0.0963,1446.93,No action
2026-09-04T14:00:47,SIM-MISSION-01,47,Endurance,23867.7,28.21,66.96,2975.6,89.2,655.46,4.737,89.13,29.12,1.529,27.497,26.11,17.806,96.06,0.0776,0,NORMAL,0,Normal,NORMAL,0.076,1446.87,No action
2026-09-04T14:00:48,SIM-MISSION-01,48,Endurance,23923.6,25.0,69.49,2943.8,91.06,659.39,4.694,88.03,28.64,1.553,27.637,25.8,17.749,95.37,0.1053,0,NORMAL,0,Normal,NORMAL,0.0995,1446.8,No action
2026-09-04T14:00:49,SIM-MISSION-01,49,Endurance,24045.1,27.5,68.4,2937.6,91.5,664.49,4.759,87.55,28.84,1.617,27.506,25.97,17.754,96.08,0.0767,0,NORMAL,0,Normal,NORMAL,0.0752,1446.73,No action
2026-09-04T14:00:50,SIM-MISSION-01,50,Endurance,24147.0,30.16,67.11,2935.1,91.42,664.58,4.698,88.7,29.2,1.526,27.712,26.06,17.865,95.83,0.087,0,NORMAL,0,Normal,NORMAL,0.0839,1446.67,No action
2026-09-04T14:00:51,SIM-MISSION-01,51,Endurance,23950.9,29.33,69.31,2953.3,91.71,658.1,4.72,87.84,29.53,1.401,27.56,25.43,17.805,95.97,0.0814,0,NORMAL,0,Normal,NORMAL,0.0792,1446.6,No action
2026-09-04T14:00:52,SIM-MISSION-01,52,Endurance,24032.1,26.35,69.17,2939.7,90.01,654.73,4.679,88.54,28.74,1.634,27.669,25.8,17.774,95.44,0.1022,0,NORMAL,0,Normal,NORMAL,0.0969,1446.53,No action
2026-09-04T14:00:53,SIM-MISSION-01,53,Endurance,23879.5,29.48,67.61,2960.3,90.3,650.92,4.763,88.3,29.73,1.52,27.494,26.64,17.808,95.9,0.0839,0,NORMAL,0,Normal,NORMAL,0.0813,1446.47,No action
2026-09-04T14:00:54,SIM-MISSION-01,54,Endurance,23889.6,26.71,70.41,2937.8,90.57,657.96,4.894,87.59,29.22,1.571,27.619,25.74,17.833,95.52,0.0992,0,NORMAL,0,Normal,NORMAL,0.0943,1446.4,No action
2026-09-04T14:00:55,SIM-MISSION-01,55,Endurance,24139.9,27.57,68.08,2947.8,90.78,659.58,4.801,86.97,29.27,1.569,27.594,26.07,17.846,95.82,0.0872,0,NORMAL,0,Normal,NORMAL,0.0842,1446.33,No action
2026-09-04T14:00:56,SIM-MISSION-01,56,Endurance,24077.6,28.02,67.51,2930.2,89.75,660.03,4.737,87.64,29.16,1.553,27.681,26.09,17.78,95.69,0.0924,0,NORMAL,0,Normal,NORMAL,0.0885,1446.27,No action
2026-09-04T14:00:57,SIM-MISSION-01,57,Endurance,23984.7,27.86,67.66,2937.2,91.68,660.39,4.772,86.94,29.15,1.569,27.604,25.87,17.758,95.41,0.1035,0,NORMAL,0,Normal,NORMAL,0.098,1446.2,No action
2026-09-04T14:00:58,SIM-MISSION-01,58,Endurance,23953.1,27.66,69.13,2936.7,91.27,660.93,4.755,88.53,29.28,1.615,27.59,25.94,17.742,96.3,0.068,0,NORMAL,0,Normal,NORMAL,0.0678,1446.13,No action
2026-09-04T14:00:59,SIM-MISSION-01,59,Endurance,24004.0,29.62,69.5,2963.8,91.0,656.14,4.714,87.49,29.04,1.554,27.584,25.79,17.789,95.91,0.0835,0,NORMAL,0,Normal,NORMAL,0.081,1446.07,No action
2026-09-04T14:01:00,SIM-MISSION-01,60,Endurance,24180.9,27.51,67.18,2958.3,90.64,662.64,4.755,88.0,29.54,1.702,27.463,26.21,17.897,95.4,0.1039,0,NORMAL,0,Normal,NORMAL,0.0983,1446.0,No action
2026-09-04T14:01:01,SIM-MISSION-01,61,Endurance,23827.3,26.83,68.3,2956.7,90.95,652.3,4.821,87.87,29.32,1.717,27.655,25.89,17.823,95.12,0.1153,0,NORMAL,0,Normal,NORMAL,0.108,1445.93,No action
2026-09-04T14:01:02,SIM-MISSION-01,62,Endurance,23929.9,29.2,68.48,2907.2,91.49,659.92,4.762,87.49,28.8,1.476,27.574,25.85,17.869,95.81,0.0877,0,NORMAL,0,Normal,NORMAL,0.0846,1445.87,No action
2026-09-04T14:01:03,SIM-MISSION-01,63,Endurance,23983.0,27.47,66.86,2957.6,91.24,662.88,4.895,87.15,28.74,1.411,27.64,25.89,17.766,95.24,0.1104,0,NORMAL,0,Normal,NORMAL,0.1038,1445.8,No action
2026-09-04T14:01:04,SIM-MISSION-01,64,Endurance,23821.2,28.28,68.82,2974.0,90.16,654.94,4.956,87.74,28.81,1.492,27.589,26.23,17.838,95.6,0.0958,0,NORMAL,0,Normal,NORMAL,0.0914,1445.73,No action
2026-09-04T14:01:05,SIM-MISSION-01,65,Endurance,24158.6,27.7,69.15,2979.6,91.86,659.33,4.848,87.73,28.98,1.451,27.575,26.04,17.792,94.79,0.1283,0,NORMAL,0,Normal,NORMAL,0.119,1445.67,No action
2026-09-04T14:01:06,SIM-MISSION-01,66,Endurance,23891.0,27.09,70.59,2934.8,90.48,656.09,4.802,88.29,29.06,1.565,27.613,25.96,17.763,95.11,0.1157,0,NORMAL,0,Normal,NORMAL,0.1084,1445.6,No action
2026-09-04T14:01:07,SIM-MISSION-01,67,Endurance,24216.2,27.46,65.38,2937.9,91.03,665.04,4.861,88.75,29.38,1.639,27.659,26.14,17.794,95.55,0.0981,0,NORMAL,0,Normal,NORMAL,0.0934,1445.53,No action
2026-09-04T14:01:08,SIM-MISSION-01,68,Endurance,24135.1,28.17,69.17,2937.3,91.81,660.32,4.771,89.09,29.22,1.611,27.555,26.15,17.819,95.07,0.1172,0,NORMAL,0,Normal,NORMAL,0.1097,1445.47,No action
2026-09-04T14:01:09,SIM-MISSION-01,69,Endurance,24128.1,29.06,66.58,2963.7,90.08,662.57,4.841,87.73,28.73,1.545,27.503,26.1,17.815,95.48,0.1007,0,NORMAL,0,Normal,NORMAL,0.0956,1445.4,No action
2026-09-04T14:01:10,SIM-MISSION-01,70,Endurance,24149.9,29.69,67.7,2970.2,90.88,658.65,4.777,88.41,29.82,1.662,27.727,26.4,17.719,95.66,0.0935,0,NORMAL,0,Normal,NORMAL,0.0895,1445.33,No action
2026-09-04T14:01:11,SIM-MISSION-01,71,Endurance,23919.7,27.18,69.13,2936.7,91.03,662.23,4.771,87.56,28.76,1.621,27.527,26.34,17.804,94.92,0.1232,0,NORMAL,0,Normal,NORMAL,0.1147,1445.27,No action
2026-09-04T14:01:12,SIM-MISSION-01,72,Endurance,23870.1,26.53,69.96,2958.5,90.17,657.08,4.793,88.11,28.56,1.519,27.647,26.4,17.702,95.17,0.1132,0,NORMAL,0,Normal,NORMAL,0.1062,1445.2,No action
2026-09-04T14:01:13,SIM-MISSION-01,73,Endurance,24283.6,28.64,68.36,2958.2,90.67,660.54,4.851,87.74,29.06,1.588,27.671,26.53,17.885,95.59,0.0965,0,NORMAL,0,Normal,NORMAL,0.092,1445.13,No action
2026-09-04T14:01:14,SIM-MISSION-01,74,Endurance,23850.5,27.17,67.88,2958.2,90.12,663.1,4.754,87.68,28.54,1.509,27.605,25.55,17.755,95.97,0.0812,0,NORMAL,0,Normal,NORMAL,0.079,1445.07,No action
2026-09-04T14:01:15,SIM-MISSION-01,75,Endurance,24122.6,26.9,67.64,2921.5,91.49,656.05,4.846,88.64,28.58,1.553,27.562,25.66,17.783,95.23,0.1106,0,NORMAL,0,Normal,NORMAL,0.104,1445.0,No action
2026-09-04T14:01:16,SIM-MISSION-01,76,Endurance,23717.8,28.68,69.75,2941.2,91.42,664.7,4.654,88.89,28.94,1.672,27.566,25.75,17.802,95.49,0.1005,0,NORMAL,0,Normal,NORMAL,0.0954,1444.93,No action
2026-09-04T14:01:17,SIM-MISSION-01,77,Endurance,24113.8,28.13,67.73,2916.9,90.22,655.36,4.69,87.12,28.65,1.501,27.596,25.9,17.726,95.14,0.1146,0,NORMAL,0,Normal,NORMAL,0.1074,1444.87,No action
2026-09-04T14:01:18,SIM-MISSION-01,78,Endurance,24087.6,28.06,67.67,2961.1,91.71,665.45,4.902,87.78,28.9,1.668,27.725,26.46,17.683,96.72,0.0512,0,NORMAL,0,Normal,NORMAL,0.0535,1444.8,No action
2026-09-04T14:01:19,SIM-MISSION-01,79,Endurance,23982.7,28.73,69.07,2949.3,90.89,665.21,4.782,88.72,29.19,1.579,27.637,26.03,17.745,95.23,0.1107,0,NORMAL,0,Normal,NORMAL,0.1041,1444.73,No action
2026-09-04T14:01:20,SIM-MISSION-01,80,Endurance,23939.6,28.25,68.48,2965.8,89.97,659.43,4.773,87.37,29.11,1.483,27.565,26.07,17.817,94.66,0.1335,0,NORMAL,0,Normal,NORMAL,0.1235,1444.67,No action
2026-09-04T14:01:21,SIM-MISSION-01,81,Endurance,24055.7,27.2,70.08,2923.3,91.39,664.61,4.873,87.55,28.9,1.651,27.593,26.29,17.751,95.11,0.1154,0,NORMAL,0,Normal,NORMAL,0.1081,1444.6,No action
2026-09-04T14:01:22,SIM-MISSION-01,82,Endurance,24066.4,28.1,66.97,2943.7,91.12,661.05,4.794,87.85,29.07,1.662,27.439,25.59,17.723,96.15,0.0739,0,NORMAL,0,Normal,NORMAL,0.0728,1444.53,No action
2026-09-04T14:01:23,SIM-MISSION-01,83,Endurance,24094.8,26.51,67.11,2941.2,90.45,660.63,4.811,88.23,28.74,1.602,27.483,26.37,17.646,95.95,0.082,0,NORMAL,0,Normal,NORMAL,0.0797,1444.47,No action
2026-09-04T14:01:24,SIM-MISSION-01,84,Endurance,24091.3,26.79,68.35,2982.1,89.76,668.11,4.827,88.02,29.15,1.725,27.671,25.33,17.86,96.11,0.0757,0,NORMAL,0,Normal,NORMAL,0.0744,1444.4,No action
2026-09-04T14:01:25,SIM-MISSION-01,85,Endurance,23907.7,28.03,66.37,2948.6,91.19,657.41,4.839,87.28,29.07,1.506,27.585,26.58,17.806,95.54,0.0982,0,NORMAL,0,Normal,NORMAL,0.0935,1444.33,No action
2026-09-04T14:01:26,SIM-MISSION-01,86,Endurance,24008.7,26.51,69.62,2947.5,91.07,660.34,4.767,88.31,29.37,1.5,27.595,26.02,17.863,95.77,0.089,0,NORMAL,0,Normal,NORMAL,0.0857,1444.27,No action
2026-09-04T14:01:27,SIM-MISSION-01,87,Endurance,24101.2,27.54,69.07,2924.2,91.01,662.52,4.857,87.78,28.53,1.582,27.586,26.13,17.808,95.25,0.1098,0,NORMAL,0,Normal,NORMAL,0.1033,1444.2,No action
2026-09-04T14:01:28,SIM-MISSION-01,88,Endurance,23916.0,29.53,68.52,2962.6,90.6,660.34,4.912,88.25,28.59,1.669,27.68,26.34,17.81,95.59,0.0965,0,NORMAL,0,Normal,NORMAL,0.092,1444.13,No action
2026-09-04T14:01:29,SIM-MISSION-01,89,Endurance,23917.7,27.61,69.36,2934.5,90.62,658.23,4.912,88.61,28.87,1.546,27.641,26.26,17.719,95.58,0.0967,0,NORMAL,0,Normal,NORMAL,0.0922,1444.07,No action
2026-09-04T14:01:30,SIM-MISSION-01,90,Endurance,24072.1,26.31,65.36,2956.8,92.41,660.59,4.833,87.43,29.17,1.616,27.481,25.85,17.84,95.64,0.0944,0,NORMAL,0,Normal,NORMAL,0.0902,1444.0,No action
2026-09-04T14:01:31,SIM-MISSION-01,91,Endurance,23879.4,27.65,65.39,2932.0,91.04,663.56,4.723,88.78,29.11,1.646,27.693,26.1,17.824,96.01,0.0797,0,NORMAL,0,Normal,NORMAL,0.0778,1443.93,No action
2026-09-04T14:01:32,SIM-MISSION-01,92,Endurance,23951.4,26.86,65.22,2957.7,89.57,658.72,4.721,86.91,29.52,1.558,27.731,26.36,17.754,94.72,0.1311,0,NORMAL,0,Normal,NORMAL,0.1214,1443.87,No action
2026-09-04T14:01:33,SIM-MISSION-01,93,Endurance,23970.0,27.9,68.47,2951.8,91.11,657.31,4.779,88.11,29.03,1.61,27.572,25.9,17.83,95.09,0.1164,0,NORMAL,0,Normal,NORMAL,0.109,1443.8,No action
2026-09-04T14:01:34,SIM-MISSION-01,94,Endurance,23810.8,27.3,70.11,2913.8,92.2,654.42,4.812,87.38,29.12,1.61,27.469,25.94,17.712,95.67,0.0934,0,NORMAL,0,Normal,NORMAL,0.0893,1443.73,No action
2026-09-04T14:01:35,SIM-MISSION-01,95,Endurance,24054.0,28.58,69.81,2962.0,92.19,665.08,4.753,87.89,29.57,1.491,27.573,25.71,17.742,95.26,0.1095,0,NORMAL,0,Normal,NORMAL,0.103,1443.67,No action
2026-09-04T14:01:36,SIM-MISSION-01,96,Endurance,23912.3,27.2,69.25,2955.0,92.21,659.97,4.78,87.28,29.38,1.509,27.48,25.92,17.801,95.12,0.1151,0,NORMAL,0,Normal,NORMAL,0.1078,1443.6,No action
2026-09-04T14:01:37,SIM-MISSION-01,97,Endurance,23880.4,28.21,68.95,2926.8,90.03,659.56,4.828,88.03,28.44,1.455,27.703,25.7,17.837,95.62,0.0952,0,NORMAL,0,Normal,NORMAL,0.0909,1443.53,No action
2026-09-04T14:01:38,SIM-MISSION-01,98,Endurance,23927.4,25.94,67.49,2914.4,90.86,660.42,4.757,87.84,28.89,1.451,27.585,25.81,17.709,95.61,0.0958,0,NORMAL,0,Normal,NORMAL,0.0914,1443.47,No action
2026-09-04T14:01:39,SIM-MISSION-01,99,Endurance,23935.6,28.7,65.67,2946.4,91.55,662.6,4.819,87.12,29.04,1.476,27.775,25.84,17.833,95.94,0.0823,0,NORMAL,0,Normal,NORMAL,0.08,1443.4,No action
2026-09-04T14:01:40,SIM-MISSION-01,100,Endurance,24120.0,27.14,71.87,2940.5,91.23,652.58,4.868,87.35,29.57,1.699,27.666,26.3,17.737,95.42,0.1033,0,NORMAL,0,Normal,NORMAL,0.0978,1443.33,No action
2026-09-04T14:01:41,SIM-MISSION-01,101,Endurance,23764.6,27.12,67.13,2926.9,90.05,659.04,4.801,88.18,29.49,1.588,27.619,26.01,17.901,95.05,0.1178,0,NORMAL,0,Normal,NORMAL,0.1101,1443.27,No action
2026-09-04T14:01:42,SIM-MISSION-01,102,Endurance,23678.0,26.47,65.88,2935.0,90.87,672.03,4.955,86.94,28.63,1.539,27.739,26.34,17.816,95.82,0.0873,0,NORMAL,0,Normal,NORMAL,0.0842,1443.2,No action
2026-09-04T14:01:43,SIM-MISSION-01,103,Endurance,24011.5,27.46,67.2,2933.9,91.63,654.8,4.807,89.14,29.06,1.526,27.649,26.16,17.804,95.66,0.0937,0,NORMAL,0,Normal,NORMAL,0.0897,1443.13,No action
2026-09-04T14:01:44,SIM-MISSION-01,104,Endurance,24026.4,28.42,67.08,2950.6,91.72,664.37,4.922,89.11,29.5,1.58,27.585,26.69,17.767,95.82,0.087,0,NORMAL,0,Normal,NORMAL,0.084,1443.07,No action
2026-09-04T14:01:45,SIM-MISSION-01,105,Endurance,23980.6,26.2,65.88,2943.0,90.82,653.08,4.819,88.68,29.01,1.54,27.645,26.43,17.797,95.71,0.0916,0,NORMAL,0,Normal,NORMAL,0.0879,1443.0,No action
2026-09-04T14:01:46,SIM-MISSION-01,106,Endurance,24083.1,28.61,68.0,2936.2,90.39,662.04,4.812,87.78,29.57,1.505,27.546,26.09,17.842,95.87,0.0853,0,NORMAL,0,Normal,NORMAL,0.0825,1442.93,No action
2026-09-04T14:01:47,SIM-MISSION-01,107,Endurance,24069.6,27.14,70.01,2960.7,90.82,660.86,4.766,86.96,29.03,1.618,27.519,25.8,17.741,95.74,0.0905,0,NORMAL,0,Normal,NORMAL,0.0869,1442.87,No action
2026-09-04T14:01:48,SIM-MISSION-01,108,Endurance,24142.3,26.74,65.09,2919.1,90.5,650.61,4.805,88.37,28.27,1.536,27.565,25.68,17.787,95.41,0.1038,0,NORMAL,0,Normal,NORMAL,0.0982,1442.8,No action
2026-09-04T14:01:49,SIM-MISSION-01,109,Endurance,23913.3,26.7,67.39,2914.6,92.14,660.49,4.769,87.36,29.06,1.539,27.651,25.54,17.854,95.26,0.1096,0,NORMAL,0,Normal,NORMAL,0.1032,1442.73,No action
2026-09-04T14:01:50,SIM-MISSION-01,110,Endurance,23909.8,28.21,67.52,2902.9,90.24,658.5,4.839,88.76,29.07,1.507,27.564,26.18,17.857,95.55,0.0981,0,NORMAL,0,Normal,NORMAL,0.0934,1442.67,No action
2026-09-04T14:01:51,SIM-MISSION-01,111,Endurance,24182.9,28.65,68.17,2931.6,88.68,661.02,4.767,86.37,29.11,1.543,27.63,25.59,17.907,95.63,0.0949,0,NORMAL,0,Normal,NORMAL,0.0906,1442.6,No action
2026-09-04T14:01:52,SIM-MISSION-01,112,Endurance,23807.3,26.81,67.94,2927.4,91.93,651.71,4.9,87.76,29.1,1.624,27.543,26.1,17.838,95.31,0.1074,0,NORMAL,0,Normal,NORMAL,0.1013,1442.53,No action
2026-09-04T14:01:53,SIM-MISSION-01,113,Endurance,23760.1,26.45,67.96,2885.9,91.3,674.97,4.816,87.9,28.98,1.629,27.657,25.66,17.851,95.19,0.1123,0,NORMAL,0,Normal,NORMAL,0.1054,1442.47,No action
2026-09-04T14:01:54,SIM-MISSION-01,114,Endurance,24073.5,28.39,72.39,2919.1,89.56,661.56,4.82,88.1,29.12,1.571,27.636,25.88,17.799,95.07,0.1171,0,NORMAL,0,Normal,NORMAL,0.1095,1442.4,No action
2026-09-04T14:01:55,SIM-MISSION-01,115,Endurance,23885.9,27.81,66.53,2890.8,91.18,659.01,4.857,87.36,28.17,1.505,27.656,26.74,17.851,95.58,0.0967,0,NORMAL,0,Normal,NORMAL,0.0922,1442.33,No action
2026-09-04T14:01:56,SIM-MISSION-01,116,Endurance,23907.1,27.18,65.54,2885.5,89.68,661.78,4.812,87.88,29.12,1.713,27.609,25.89,17.843,95.22,0.1113,0,NORMAL,0,Normal,NORMAL,0.1046,1442.27,No action
2026-09-04T14:01:57,SIM-MISSION-01,117,Endurance,23912.2,29.49,66.91,2903.7,92.34,657.02,4.857,88.26,28.51,1.623,27.534,25.56,17.76,95.28,0.1089,0,NORMAL,0,Normal,NORMAL,0.1025,1442.2,No action
2026-09-04T14:01:58,SIM-MISSION-01,118,Endurance,23961.0,26.22,67.68,2904.1,90.43,656.66,4.814,86.58,28.24,1.479,27.65,26.05,17.801,96.32,0.0673,0,NORMAL,0,Normal,NORMAL,0.0672,1442.13,No action
2026-09-04T14:01:59,SIM-MISSION-01,119,Endurance,23974.3,28.61,70.17,2914.4,90.99,659.64,4.824,88.23,29.08,1.578,27.553,25.6,17.817,95.12,0.1152,0,NORMAL,0,Normal,NORMAL,0.1079,1442.07,No action
2026-09-04T14:02:00,SIM-MISSION-01,120,Endurance,24121.6,27.45,68.84,2886.9,91.31,657.57,4.808,89.4,29.27,1.67,27.538,25.79,17.798,95.58,0.0969,0,NORMAL,0,Normal,NORMAL,0.0923,1442.0,No action
2026-09-04T14:02:01,SIM-MISSION-01,121,Endurance,23984.8,29.02,65.18,2920.9,91.77,655.54,4.835,87.84,29.36,1.507,27.625,26.16,17.662,95.45,0.1019,0,NORMAL,0,Normal,NORMAL,0.0966,1441.93,No action
2026-09-04T14:02:02,SIM-MISSION-01,122,Endurance,23896.3,26.85,71.22,2896.3,89.98,661.31,4.755,87.84,28.82,1.578,27.486,25.66,17.689,95.87,0.085,0,NORMAL,0,Normal,NORMAL,0.0823,1441.87,No action
2026-09-04T14:02:03,SIM-MISSION-01,123,Endurance,24030.9,29.29,64.96,2876.8,90.65,662.46,4.811,88.23,28.79,1.544,27.697,25.99,17.815,95.31,0.1077,0,NORMAL,0,Normal,NORMAL,0.1016,1441.8,No action
2026-09-04T14:02:04,SIM-MISSION-01,124,Endurance,23911.7,25.99,67.39,2832.6,91.02,659.49,4.805,87.55,29.07,1.605,27.602,25.91,17.789,95.49,0.1003,0,NORMAL,0,Normal,NORMAL,0.0953,1441.73,No action
2026-09-04T14:02:05,SIM-MISSION-01,125,Endurance,24009.2,26.91,69.96,2912.3,89.58,659.44,4.72,87.78,28.65,1.544,27.53,25.6,17.814,95.38,0.1047,0,NORMAL,0,Normal,NORMAL,0.099,1441.67,No action
2026-09-04T14:02:06,SIM-MISSION-01,126,Endurance,23906.7,27.93,68.46,2881.1,91.33,657.25,4.852,87.95,29.11,1.507,27.558,26.05,17.817,95.9,0.0841,0,NORMAL,0,Normal,NORMAL,0.0815,1441.6,No action
2026-09-04T14:02:07,SIM-MISSION-01,127,Endurance,23931.4,27.71,69.02,2843.4,91.8,661.08,4.8,87.47,29.27,1.524,27.748,26.1,17.723,95.72,0.0913,0,NORMAL,0,Normal,NORMAL,0.0876,1441.53,No action
2026-09-04T14:02:08,SIM-MISSION-01,128,Endurance,23965.7,27.54,65.9,2875.6,91.16,662.84,4.824,87.46,28.51,1.481,27.624,26.24,17.887,95.49,0.1003,0,NORMAL,0,Normal,NORMAL,0.0953,1441.47,No action
2026-09-04T14:02:09,SIM-MISSION-01,129,Endurance,23894.6,28.02,66.66,2878.8,90.76,658.7,4.758,88.24,29.35,1.676,27.553,25.67,17.784,95.14,0.1146,0,NORMAL,0,Normal,NORMAL,0.1074,1441.4,No action
2026-09-04T14:02:10,SIM-MISSION-01,130,Endurance,23799.6,28.47,68.56,2846.9,90.67,660.53,4.888,87.47,29.11,1.379,27.499,25.74,17.772,95.29,0.1086,0,NORMAL,0,Normal,NORMAL,0.1023,1441.33,No action
2026-09-04T14:02:11,SIM-MISSION-01,131,Endurance,24073.9,27.18,69.03,2849.3,92.42,661.0,4.805,87.83,28.97,1.545,27.54,26.2,17.81,95.55,0.0981,0,NORMAL,0,Normal,NORMAL,0.0934,1441.27,No action
2026-09-04T14:02:12,SIM-MISSION-01,132,Endurance,24121.8,27.32,67.66,2940.7,90.38,657.96,4.854,88.82,28.7,1.412,27.483,25.68,17.758,95.14,0.1145,0,NORMAL,0,Normal,NORMAL,0.1073,1441.2,No action
2026-09-04T14:02:13,SIM-MISSION-01,133,Endurance,23920.4,27.58,67.51,2878.0,91.65,665.35,4.787,87.43,29.24,1.666,27.553,26.56,17.883,96.11,0.0755,0,NORMAL,0,Normal,NORMAL,0.0742,1441.13,No action
2026-09-04T14:02:14,SIM-MISSION-01,134,Endurance,24052.9,28.77,67.59,2875.6,89.61,669.46,4.936,87.45,28.32,1.531,27.628,26.38,17.832,96.26,0.0694,0,NORMAL,0,Normal,NORMAL,0.069,1441.07,No action
2026-09-04T14:02:15,SIM-MISSION-01,135,Endurance,23966.0,28.46,66.8,2856.5,91.16,660.53,4.781,87.14,29.09,1.431,27.706,25.71,17.821,95.38,0.1046,0,NORMAL,0,Normal,NORMAL,0.0989,1441.0,No action
2026-09-04T14:02:16,SIM-MISSION-01,136,Endurance,24035.9,28.55,71.79,2844.6,89.64,658.58,4.775,86.9,28.73,1.41,27.603,25.87,17.797,95.47,0.1013,0,NORMAL,0,Normal,NORMAL,0.0961,1440.93,No action
2026-09-04T14:02:17,SIM-MISSION-01,137,Endurance,23941.8,28.65,69.18,2855.4,90.47,663.21,4.857,85.91,28.92,1.517,27.549,26.35,17.769,95.73,0.0907,0,NORMAL,0,Normal,NORMAL,0.0871,1440.87,No action
2026-09-04T14:02:18,SIM-MISSION-01,138,Endurance,23897.4,27.56,66.58,2841.2,90.81,655.28,4.742,88.45,29.18,1.452,27.499,26.74,17.764,95.34,0.1065,0,NORMAL,0,Normal,NORMAL,0.1005,1440.8,No action
2026-09-04T14:02:19,SIM-MISSION-01,139,Endurance,23925.4,27.34,66.72,2871.5,91.73,658.89,4.876,87.84,28.89,1.543,27.569,26.13,17.81,95.46,0.1015,0,NORMAL,0,Normal,NORMAL,0.0963,1440.73,No action
2026-09-04T14:02:20,SIM-MISSION-01,140,Endurance,24101.2,28.99,70.25,2848.7,91.75,660.78,4.871,89.04,28.96,1.495,27.531,26.06,17.839,96.02,0.0792,0,NORMAL,0,Normal,NORMAL,0.0773,1440.67,No action
2026-09-04T14:02:21,SIM-MISSION-01,141,Endurance,23980.0,28.99,68.47,2898.0,91.09,659.56,4.704,87.4,28.59,1.463,27.522,25.52,17.792,95.24,0.1103,0,NORMAL,0,Normal,NORMAL,0.1038,1440.6,No action
2026-09-04T14:02:22,SIM-MISSION-01,142,Endurance,23990.9,28.51,67.61,2868.5,89.73,658.63,4.721,87.27,29.04,1.535,27.712,26.59,17.818,95.58,0.0968,0,NORMAL,0,Normal,NORMAL,0.0923,1440.53,No action
2026-09-04T14:02:23,SIM-MISSION-01,143,Endurance,23951.0,26.96,65.79,2830.4,91.42,658.78,4.86,88.91,29.59,1.533,27.487,25.48,17.782,96.14,0.0745,0,NORMAL,0,Normal,NORMAL,0.0733,1440.47,No action
2026-09-04T14:02:24,SIM-MISSION-01,144,Endurance,23995.4,28.24,65.51,2856.8,92.51,658.88,4.816,86.86,29.05,1.49,27.508,25.43,17.878,95.97,0.0811,0,NORMAL,0,Normal,NORMAL,0.079,1440.4,No action
2026-09-04T14:02:25,SIM-MISSION-01,145,Endurance,23912.2,28.97,66.15,2846.9,91.05,656.25,4.843,88.1,28.48,1.675,27.569,26.27,17.725,95.73,0.0908,0,NORMAL,0,Normal,NORMAL,0.0872,1440.33,No action
2026-09-04T14:02:26,SIM-MISSION-01,146,Endurance,24012.6,27.62,67.76,2806.5,91.1,655.79,4.829,88.12,28.79,1.725,27.593,26.32,17.732,95.48,0.1008,0,NORMAL,0,Normal,NORMAL,0.0957,1440.27,No action
2026-09-04T14:02:27,SIM-MISSION-01,147,Endurance,23965.6,27.65,69.05,2820.3,88.5,657.6,4.743,87.8,29.29,1.725,27.64,26.3,17.83,95.29,0.1085,0,NORMAL,0,Normal,NORMAL,0.1022,1440.2,No action
2026-09-04T14:02:28,SIM-MISSION-01,148,Endurance,24280.1,28.21,64.79,2841.5,92.42,663.05,4.896,87.08,29.09,1.581,27.641,25.58,17.707,95.65,0.0938,0,NORMAL,0,Normal,NORMAL,0.0898,1440.13,No action
2026-09-04T14:02:29,SIM-MISSION-01,149,Endurance,24007.6,28.2,66.39,2808.7,91.26,658.76,4.81,87.68,28.54,1.507,27.657,26.09,17.861,95.11,0.1157,0,NORMAL,0,Normal,NORMAL,0.1084,1440.07,No action
2026-09-04T14:02:30,SIM-MISSION-01,150,Endurance,23913.9,25.85,67.99,2856.0,90.9,661.06,4.839,88.46,29.29,1.655,27.644,25.87,17.924,95.35,0.1061,0,NORMAL,0,Normal,NORMAL,0.1002,1440.0,No action
2026-09-04T14:02:31,SIM-MISSION-01,151,Endurance,23855.7,27.97,66.75,2813.8,91.08,662.26,4.804,88.58,29.36,1.632,27.603,26.04,17.791,94.95,0.122,0,NORMAL,0,Normal,NORMAL,0.1137,1439.93,No action
2026-09-04T14:02:32,SIM-MISSION-01,152,Endurance,24137.2,28.84,68.77,2831.9,89.32,663.13,4.781,88.19,28.9,1.431,27.619,26.04,17.852,96.12,0.0754,0,NORMAL,0,Normal,NORMAL,0.0741,1439.87,No action
2026-09-04T14:02:33,SIM-MISSION-01,153,Endurance,24181.5,28.37,67.21,2840.6,91.42,657.35,4.835,87.78,30.02,1.534,27.515,25.91,17.874,96.4,0.064,0,NORMAL,0,Normal,NORMAL,0.0644,1439.8,No action
2026-09-04T14:02:34,SIM-MISSION-01,154,Endurance,23948.2,28.93,64.99,2813.3,91.61,656.48,4.732,88.7,28.83,1.596,27.604,26.26,17.808,95.23,0.1109,0,NORMAL,0,Normal,NORMAL,0.1042,1439.73,No action
2026-09-04T14:02:35,SIM-MISSION-01,155,Endurance,23831.4,27.1,69.64,2823.3,92.17,658.91,4.679,87.81,29.19,1.526,27.566,26.45,17.794,95.43,0.1029,0,NORMAL,0,Normal,NORMAL,0.0974,1439.67,No action
2026-09-04T14:02:36,SIM-MISSION-01,156,Endurance,24194.0,28.69,66.83,2812.6,91.28,656.92,4.718,87.32,28.83,1.482,27.557,26.57,17.816,95.49,0.1004,0,NORMAL,0,Normal,NORMAL,0.0954,1439.6,No action
2026-09-04T14:02:37,SIM-MISSION-01,157,Endurance,24042.5,29.03,67.97,2814.7,89.95,653.35,4.782,87.95,28.44,1.446,27.6,25.35,17.716,95.28,0.1089,0,NORMAL,0,Normal,NORMAL,0.1026,1439.53,No action
2026-09-04T14:02:38,SIM-MISSION-01,158,Endurance,24128.3,28.06,64.33,2846.1,91.75,659.08,4.93,89.21,29.34,1.488,27.635,25.38,17.785,95.64,0.0943,0,NORMAL,0,Normal,NORMAL,0.0902,1439.47,No action
2026-09-04T14:02:39,SIM-MISSION-01,159,Endurance,24084.7,28.35,68.92,2845.0,91.04,660.59,4.785,88.41,29.01,1.65,27.733,26.13,17.746,94.97,0.1212,0,NORMAL,0,Normal,NORMAL,0.113,1439.4,No action
2026-09-04T14:02:40,SIM-MISSION-01,160,Endurance,24183.3,28.74,69.21,2829.7,92.1,649.78,4.895,88.58,29.19,1.51,27.623,26.2,17.729,95.45,0.102,0,NORMAL,0,Normal,NORMAL,0.0967,1439.33,No action
2026-09-04T14:02:41,SIM-MISSION-01,161,Endurance,23859.6,28.8,68.62,2805.4,91.09,662.81,4.812,88.43,28.77,1.455,27.559,25.59,17.764,96.09,0.0764,0,NORMAL,0,Normal,NORMAL,0.0749,1439.27,No action
2026-09-04T14:02:42,SIM-MISSION-01,162,Endurance,23999.3,30.18,69.13,2796.4,91.04,655.29,4.741,87.83,29.59,1.59,27.471,26.15,17.849,95.94,0.0825,0,NORMAL,0,Normal,NORMAL,0.0802,1439.2,No action
2026-09-04T14:02:43,SIM-MISSION-01,163,Endurance,24194.3,29.56,64.97,2786.3,91.32,657.24,4.727,87.74,29.38,1.648,27.534,25.88,17.759,95.25,0.11,0,NORMAL,0,Normal,NORMAL,0.1035,1439.13,No action
2026-09-04T14:02:44,SIM-MISSION-01,164,Endurance,23781.4,27.06,69.41,2793.7,92.11,664.62,4.784,88.04,28.89,1.574,27.75,25.74,17.744,95.45,0.1019,0,NORMAL,0,Normal,NORMAL,0.0966,1439.07,No action
2026-09-04T14:02:45,SIM-MISSION-01,165,Endurance,24120.5,27.18,67.0,2784.7,90.57,661.58,4.864,87.94,29.08,1.496,27.688,26.43,17.791,94.69,0.1322,0,NORMAL,0,Normal,NORMAL,0.1224,1439.0,No action
2026-09-04T14:02:46,SIM-MISSION-01,166,Endurance,23866.3,28.9,67.82,2765.7,90.83,665.11,4.772,87.88,28.86,1.608,27.718,25.65,17.79,95.7,0.0919,0,NORMAL,0,Normal,NORMAL,0.0881,1438.93,No action
2026-09-04T14:02:47,SIM-MISSION-01,167,Endurance,23872.9,25.88,70.39,2800.9,91.64,666.4,4.783,88.44,28.89,1.55,27.633,25.98,17.729,95.41,0.1036,0,NORMAL,0,Normal,NORMAL,0.098,1438.87,No action
2026-09-04T14:02:48,SIM-MISSION-01,168,Endurance,24027.3,29.58,67.89,2795.5,91.59,664.39,4.872,87.79,29.26,1.434,27.619,26.3,17.774,95.43,0.1029,0,NORMAL,0,Normal,NORMAL,0.0975,1438.8,No action
2026-09-04T14:02:49,SIM-MISSION-01,169,Endurance,24055.7,28.69,68.71,2772.5,92.14,655.36,4.765,87.52,29.0,1.517,27.646,26.03,17.915,95.56,0.0975,0,NORMAL,0,Normal,NORMAL,0.0929,1438.73,No action
2026-09-04T14:02:50,SIM-MISSION-01,170,Endurance,24173.6,27.72,70.27,2788.6,90.18,657.13,4.816,88.65,29.2,1.55,27.652,25.88,17.817,95.05,0.1181,0,NORMAL,0,Normal,NORMAL,0.1104,1438.67,No action
2026-09-04T14:02:51,SIM-MISSION-01,171,Endurance,23817.1,29.67,68.27,2794.7,90.26,664.03,4.78,87.14,28.86,1.577,27.43,25.6,17.854,95.48,0.1006,0,NORMAL,0,Normal,NORMAL,0.0955,1438.6,No action
2026-09-04T14:02:52,SIM-MISSION-01,172,Endurance,23810.5,29.02,67.65,2809.3,91.63,655.89,4.84,88.86,28.92,1.537,27.569,26.21,17.792,96.01,0.0794,0,NORMAL,0,Normal,NORMAL,0.0775,1438.53,No action
2026-09-04T14:02:53,SIM-MISSION-01,173,Endurance,24110.8,26.08,67.6,2818.5,91.76,666.0,4.773,88.02,29.16,1.543,27.74,25.63,17.775,95.74,0.0906,0,NORMAL,0,Normal,NORMAL,0.087,1438.47,No action
2026-09-04T14:02:54,SIM-MISSION-01,174,Endurance,23948.1,29.02,67.05,2808.0,91.79,661.59,4.889,89.7,29.09,1.615,27.638,26.18,17.779,95.24,0.1105,0,NORMAL,0,Normal,NORMAL,0.1039,1438.4,No action
2026-09-04T14:02:55,SIM-MISSION-01,175,Endurance,24205.0,29.88,65.99,2799.8,90.72,661.83,4.81,87.97,29.43,1.561,27.626,25.45,17.835,95.61,0.0957,0,NORMAL,0,Normal,NORMAL,0.0913,1438.33,No action
2026-09-04T14:02:56,SIM-MISSION-01,176,Endurance,23776.7,28.31,67.11,2774.6,90.08,662.0,4.782,88.31,28.57,1.648,27.732,25.6,17.767,95.19,0.1125,0,NORMAL,0,Normal,NORMAL,0.1057,1438.27,No action
2026-09-04T14:02:57,SIM-MISSION-01,177,Endurance,23976.8,28.45,67.44,2776.4,90.45,663.23,4.689,87.12,28.76,1.615,27.581,25.78,17.829,95.7,0.092,0,NORMAL,0,Normal,NORMAL,0.0882,1438.2,No action
2026-09-04T14:02:58,SIM-MISSION-01,178,Endurance,23946.2,28.8,68.62,2833.4,90.22,661.56,4.798,87.9,29.57,1.621,27.663,25.9,17.764,95.56,0.0976,0,NORMAL,0,Normal,NORMAL,0.0929,1438.13,No action
2026-09-04T14:02:59,SIM-MISSION-01,179,Endurance,24058.4,27.51,68.9,2754.2,90.52,663.66,4.803,88.56,28.75,1.617,27.554,26.45,17.846,94.87,0.1251,0,NORMAL,0,Normal,NORMAL,0.1163,1438.07,No action
2026-09-04T14:03:00,SIM-MISSION-01,180,Endurance,24045.9,28.59,65.55,2766.1,94.19,671.74,4.03,95.91,29.38,2.511,27.499,26.27,17.709,85.57,0.4974,0,PRE_FAILURE,0,Lubrication Failure,CRITICAL_WARNING,0.5328,1438.0,Immediate inspection recommended
2026-09-04T14:03:01,SIM-MISSION-01,181,Endurance,24026.6,28.89,68.28,2713.3,94.84,668.84,4.013,96.49,29.51,2.736,27.599,26.19,17.818,83.78,0.5688,1,PRE_FAILURE,0,Lubrication Failure,CRITICAL_WARNING,0.5935,1417.93,Immediate inspection recommended
2026-09-04T14:03:02,SIM-MISSION-01,182,Endurance,24012.6,25.32,66.57,2724.8,94.38,671.93,3.917,97.42,30.04,2.812,27.628,26.1,17.72,82.61,0.6158,1,PRE_FAILURE,0,Lubrication Failure,CRITICAL_WARNING,0.6334,1397.87,Immediate inspection recommended
2026-09-04T14:03:03,SIM-MISSION-01,183,Endurance,24035.0,28.45,67.24,2716.1,94.92,663.99,3.916,98.06,30.16,2.922,27.651,26.3,17.832,82.49,0.6203,1,PRE_FAILURE,0,Lubrication Failure,CRITICAL_WARNING,0.6373,1377.8,Immediate inspection recommended
2026-09-04T14:03:04,SIM-MISSION-01,184,Endurance,24137.0,28.67,66.95,2691.9,95.29,669.52,3.712,98.13,29.44,3.112,27.672,25.64,17.803,80.95,0.6818,1,PRE_FAILURE,0,Lubrication Failure,CRITICAL_WARNING,0.6896,1357.73,Immediate inspection recommended
2026-09-04T14:03:05,SIM-MISSION-01,185,Endurance,23951.8,28.43,67.99,2746.2,95.42,665.61,3.622,96.99,30.62,3.171,27.645,26.08,17.763,80.25,0.7101,1,PRE_FAILURE,0,Lubrication Failure,CRITICAL_WARNING,0.7136,1337.67,Immediate inspection recommended
2026-09-04T14:03:06,SIM-MISSION-01,186,Endurance,23948.7,28.07,67.16,2676.4,96.91,666.3,3.581,98.93,29.61,3.285,27.619,25.95,17.8,79.01,0.7595,1,PRE_FAILURE,0,Lubrication Failure,CRITICAL_WARNING,0.7556,1317.6,Immediate inspection recommended
2026-09-04T14:03:07,SIM-MISSION-01,187,Endurance,24010.5,27.02,69.04,2715.9,94.8,668.72,3.407,99.51,29.63,3.336,27.614,25.97,17.722,77.72,0.8112,1,PRE_FAILURE,0,Lubrication Failure,CRITICAL_WARNING,0.7995,1297.53,Immediate inspection recommended
2026-09-04T14:03:08,SIM-MISSION-01,188,Endurance,23924.9,28.92,67.69,2670.6,97.66,678.38,3.393,100.13,30.59,3.479,27.734,25.83,17.824,76.93,0.8427,1,PRE_FAILURE,0,Lubrication Failure,CRITICAL_WARNING,0.8263,1277.47,Immediate inspection recommended
2026-09-04T14:03:09,SIM-MISSION-01,189,Endurance,23826.3,27.43,67.98,2674.4,95.69,674.41,3.298,100.01,30.2,3.58,27.615,26.61,17.768,76.84,0.8465,1,PRE_FAILURE,0,Lubrication Failure,CRITICAL_WARNING,0.8296,1257.4,Immediate inspection recommended
2026-09-04T14:03:10,SIM-MISSION-01,190,Endurance,23921.9,30.56,67.25,2674.0,96.52,675.31,3.246,102.9,30.22,3.719,27.543,26.11,17.824,76.47,0.8611,1,PRE_FAILURE,0,Lubrication Failure,CRITICAL_WARNING,0.8419,1237.33,Immediate inspection recommended
2026-09-04T14:03:11,SIM-MISSION-01,191,Endurance,23928.7,27.01,70.25,2669.3,96.46,673.85,3.188,103.15,30.27,3.686,27.576,25.64,17.817,74.48,0.941,1,PRE_FAILURE,0,Lubrication Failure,CRITICAL_WARNING,0.9098,1217.27,Immediate inspection recommended
2026-09-04T14:03:12,SIM-MISSION-01,192,Endurance,23886.5,28.25,64.83,2638.1,97.61,676.33,3.087,103.87,29.98,3.742,27.688,25.75,17.894,74.4,0.944,1,PRE_FAILURE,0,Lubrication Failure,CRITICAL_WARNING,0.9124,1197.2,Immediate inspection recommended
2026-09-04T14:03:13,SIM-MISSION-01,193,Endurance,24079.5,28.05,65.92,2673.7,97.09,677.05,2.881,104.0,30.04,3.958,27.547,26.09,17.971,73.0,1.0,1,PRE_FAILURE,0,Lubrication Failure,CRITICAL_WARNING,0.96,1177.13,Immediate inspection recommended
2026-09-04T14:03:14,SIM-MISSION-01,194,Endurance,24085.7,26.66,69.03,2683.4,97.0,678.38,2.83,105.64,30.59,4.13,27.551,25.44,17.744,73.0,1.0,1,PRE_FAILURE,0,Lubrication Failure,CRITICAL_WARNING,0.96,1157.07,Immediate inspection recommended
2026-09-04T14:03:15,SIM-MISSION-01,195,Endurance,23954.4,27.4,66.81,2662.7,98.91,667.11,2.815,107.14,30.33,4.298,27.602,26.25,17.78,33.0,1.0,1,FAILURE,1,Lubrication Failure,ENGINE_FAILURE,0.96,20.0,Emergency shutdown / maintenance inspection
2026-09-04T14:03:16,SIM-MISSION-01,196,Endurance,24019.5,28.13,67.32,2627.3,99.28,674.29,2.643,105.85,30.83,4.149,27.639,26.21,17.863,33.0,1.0,1,FAILURE,1,Lubrication Failure,ENGINE_FAILURE,0.96,18.5,Emergency shutdown / maintenance inspection
2026-09-04T14:03:17,SIM-MISSION-01,197,Endurance,23923.2,27.76,66.84,2666.1,98.73,675.58,2.555,107.09,30.75,4.53,27.608,26.4,17.862,33.0,1.0,1,FAILURE,1,Lubrication Failure,ENGINE_FAILURE,0.96,17.0,Emergency shutdown / maintenance inspection
2026-09-04T14:03:18,SIM-MISSION-01,198,Endurance,24101.4,28.88,69.73,2618.8,99.54,680.64,2.627,108.15,30.64,4.576,27.527,26.04,17.762,33.0,1.0,1,FAILURE,1,Lubrication Failure,ENGINE_FAILURE,0.96,15.5,Emergency shutdown / maintenance inspection
2026-09-04T14:03:19,SIM-MISSION-01,199,Endurance,23920.0,28.79,66.11,2629.3,99.54,679.43,2.551,109.84,30.86,4.783,27.549,26.12,17.822,33.0,1.0,1,FAILURE,1,Lubrication Failure,ENGINE_FAILURE,0.96,14.0,Emergency shutdown / maintenance inspection
2026-09-04T14:03:20,SIM-MISSION-01,200,Endurance,23774.6,28.71,69.47,2607.4,98.14,674.06,2.394,109.62,31.05,4.699,27.663,25.84,17.789,33.0,1.0,1,FAILURE,1,Lubrication Failure,ENGINE_FAILURE,0.96,12.5,Emergency shutdown / maintenance inspection
2026-09-04T14:03:21,SIM-MISSION-01,201,Endurance,23923.7,29.39,69.65,2620.3,99.54,685.06,2.274,110.58,31.04,5.076,27.456,26.06,17.817,33.0,1.0,1,FAILURE,1,Lubrication Failure,ENGINE_FAILURE,0.96,11.0,Emergency shutdown / maintenance inspection
2026-09-04T14:03:22,SIM-MISSION-01,202,Endurance,24150.5,27.39,68.86,2606.9,100.36,680.34,2.253,109.9,30.87,4.971,27.608,26.33,17.825,33.0,1.0,1,FAILURE,1,Lubrication Failure,ENGINE_FAILURE,0.96,9.5,Emergency shutdown / maintenance inspection
2026-09-04T14:03:23,SIM-MISSION-01,203,Endurance,24112.3,27.38,67.59,2608.7,99.23,677.0,2.2,111.52,30.47,5.08,27.581,25.66,17.816,33.0,1.0,1,FAILURE,1,Lubrication Failure,ENGINE_FAILURE,0.96,8.0,Emergency shutdown / maintenance inspection
2026-09-04T14:03:24,SIM-MISSION-01,204,Endurance,23885.9,28.86,67.98,2627.3,100.49,680.8,2.145,112.54,31.04,5.182,27.617,25.56,17.833,33.0,1.0,1,FAILURE,1,Lubrication Failure,ENGINE_FAILURE,0.96,6.5,Emergency shutdown / maintenance inspection
2026-09-04T14:03:25,SIM-MISSION-01,205,Endurance,23909.6,28.33,71.19,2725.8,92.71,655.7,4.812,86.21,28.97,1.507,27.637,26.05,17.782,95.22,0.1112,0,NORMAL,0,Normal,NORMAL,0.1046,1436.33,No action
2026-09-04T14:03:26,SIM-MISSION-01,206,Endurance,23787.3,28.35,70.4,2692.7,90.51,664.85,4.765,88.08,28.58,1.61,27.606,25.99,17.845,95.22,0.1114,0,NORMAL,0,Normal,NORMAL,0.1047,1436.27,No action
2026-09-04T14:03:27,SIM-MISSION-01,207,Endurance,23804.4,27.93,68.49,2755.0,90.05,653.36,4.773,87.76,28.96,1.487,27.608,26.07,17.783,95.74,0.0903,0,NORMAL,0,Normal,NORMAL,0.0868,1436.2,No action
2026-09-04T14:03:28,SIM-MISSION-01,208,Endurance,24099.3,26.32,67.8,2766.8,93.11,651.25,4.766,87.34,29.07,1.475,27.605,26.28,17.76,94.92,0.1234,0,NORMAL,0,Normal,NORMAL,0.1149,1436.13,No action
2026-09-04T14:03:29,SIM-MISSION-01,209,Endurance,24089.2,27.23,67.92,2790.6,90.41,661.0,4.772,87.64,28.74,1.595,27.534,25.61,17.769,96.27,0.0692,0,NORMAL,0,Normal,NORMAL,0.0688,1436.07,No action
2026-09-04T14:03:30,SIM-MISSION-01,210,Endurance,24042.9,29.12,68.34,2763.6,92.07,661.07,4.829,87.65,28.75,1.395,27.581,25.82,17.679,94.95,0.1221,0,NORMAL,0,Normal,NORMAL,0.1138,1436.0,No action
2026-09-04T14:03:31,SIM-MISSION-01,211,Endurance,23920.9,26.77,68.86,2743.8,90.15,660.08,4.777,87.17,29.35,1.56,27.544,26.05,17.79,94.92,0.1233,0,NORMAL,0,Normal,NORMAL,0.1148,1435.93,No action
2026-09-04T14:03:32,SIM-MISSION-01,212,Endurance,24162.1,29.04,67.06,2776.8,92.88,657.41,4.743,87.13,28.98,1.556,27.576,26.24,17.757,95.98,0.0807,0,NORMAL,0,Normal,NORMAL,0.0786,1435.87,No action
2026-09-04T14:03:33,SIM-MISSION-01,213,Endurance,24008.8,29.25,67.62,2775.5,90.3,665.22,4.816,88.48,29.19,1.522,27.584,25.53,17.771,95.94,0.0823,0,NORMAL,0,Normal,NORMAL,0.08,1435.8,No action
2026-09-04T14:03:34,SIM-MISSION-01,214,Endurance,23918.4,28.71,67.36,2739.8,90.21,656.5,4.81,89.2,29.05,1.553,27.499,26.09,17.83,95.52,0.0993,0,NORMAL,0,Normal,NORMAL,0.0944,1435.73,No action
2026-09-04T14:03:35,SIM-MISSION-01,215,Endurance,24090.6,27.74,69.08,2776.5,91.29,661.95,4.802,87.54,28.72,1.516,27.608,25.99,17.85,94.95,0.1219,0,NORMAL,0,Normal,NORMAL,0.1137,1435.67,No action
2026-09-04T14:03:36,SIM-MISSION-01,216,Endurance,24074.3,27.88,68.11,2752.0,89.69,666.58,4.764,87.7,29.63,1.463,27.549,25.98,17.77,95.41,0.1035,0,NORMAL,0,Normal,NORMAL,0.0979,1435.6,No action
2026-09-04T14:03:37,SIM-MISSION-01,217,Endurance,23997.6,27.98,67.02,2764.2,90.72,662.38,4.87,86.79,28.92,1.563,27.449,25.08,17.815,95.21,0.1116,0,NORMAL,0,Normal,NORMAL,0.1048,1435.53,No action
2026-09-04T14:03:38,SIM-MISSION-01,218,Endurance,24043.4,26.44,69.24,2743.7,91.07,656.35,4.769,88.54,28.91,1.589,27.598,25.9,17.751,95.81,0.0875,0,NORMAL,0,Normal,NORMAL,0.0843,1435.47,No action
2026-09-04T14:03:39,SIM-MISSION-01,219,Endurance,23996.4,27.29,67.36,2756.4,91.3,657.42,4.703,87.88,29.03,1.508,27.545,26.27,17.794,95.19,0.1124,0,NORMAL,0,Normal,NORMAL,0.1056,1435.4,No action
2026-09-04T14:03:40,SIM-MISSION-01,220,Endurance,23971.7,29.9,68.11,2768.6,90.7,663.63,4.759,88.22,29.43,1.585,27.639,26.13,17.842,95.34,0.1065,0,NORMAL,0,Normal,NORMAL,0.1005,1435.33,No action
2026-09-04T14:03:41,SIM-MISSION-01,221,Endurance,24057.2,25.3,66.36,2734.4,91.65,656.08,4.831,88.91,28.62,1.688,27.523,25.75,17.816,95.14,0.1144,0,NORMAL,0,Normal,NORMAL,0.1072,1435.27,No action
2026-09-04T14:03:42,SIM-MISSION-01,222,Endurance,23717.9,26.32,70.08,2724.1,90.42,661.61,4.736,87.49,29.21,1.47,27.622,25.59,17.849,95.93,0.0828,0,NORMAL,0,Normal,NORMAL,0.0803,1435.2,No action
2026-09-04T14:03:43,SIM-MISSION-01,223,Endurance,23975.7,27.36,68.09,2771.6,90.53,664.06,4.719,87.33,28.95,1.632,27.581,25.69,17.813,95.32,0.107,0,NORMAL,0,Normal,NORMAL,0.101,1435.13,No action
2026-09-04T14:03:44,SIM-MISSION-01,224,Endurance,24001.4,29.45,68.29,2753.4,89.02,660.94,4.871,88.36,28.66,1.427,27.702,25.84,17.788,95.73,0.0908,0,NORMAL,0,Normal,NORMAL,0.0872,1435.07,No action
2026-09-04T14:03:45,SIM-MISSION-01,225,Endurance,24103.3,28.62,67.74,2743.7,92.49,661.4,4.817,88.63,29.31,1.631,27.642,25.82,17.879,95.82,0.0873,0,NORMAL,0,Normal,NORMAL,0.0842,1435.0,No action
2026-09-04T14:03:46,SIM-MISSION-01,226,Endurance,23973.0,28.26,69.04,2753.7,91.04,662.21,4.913,87.93,28.56,1.503,27.638,25.93,17.766,95.24,0.1106,0,NORMAL,0,Normal,NORMAL,0.104,1434.93,No action
2026-09-04T14:03:47,SIM-MISSION-01,227,Endurance,24154.9,26.3,67.07,2742.4,90.5,658.55,4.718,88.21,28.96,1.508,27.606,26.03,17.761,95.81,0.0876,0,NORMAL,0,Normal,NORMAL,0.0845,1434.87,No action
2026-09-04T14:03:48,SIM-MISSION-01,228,Endurance,23878.3,28.37,68.08,2753.7,91.62,655.51,4.74,87.28,28.35,1.637,27.574,25.64,17.763,95.67,0.0932,0,NORMAL,0,Normal,NORMAL,0.0893,1434.8,No action
2026-09-04T14:03:49,SIM-MISSION-01,229,Endurance,23939.3,27.5,66.1,2736.7,90.57,660.1,4.748,87.95,28.73,1.748,27.555,26.16,17.75,95.61,0.0957,0,NORMAL,0,Normal,NORMAL,0.0914,1434.73,No action
2026-09-04T14:03:50,SIM-MISSION-01,230,Endurance,23947.3,29.17,70.62,2753.9,91.56,666.88,4.909,87.92,29.57,1.67,27.536,25.8,17.786,95.63,0.0949,0,NORMAL,0,Normal,NORMAL,0.0907,1434.67,No action
2026-09-04T14:03:51,SIM-MISSION-01,231,Endurance,23759.8,27.07,68.04,2751.0,90.71,661.52,4.798,86.18,28.49,1.588,27.469,26.3,17.785,95.48,0.1008,0,NORMAL,0,Normal,NORMAL,0.0957,1434.6,No action
2026-09-04T14:03:52,SIM-MISSION-01,232,Endurance,24020.0,26.23,69.75,2734.3,91.01,665.13,4.773,87.89,28.24,1.502,27.563,25.88,17.818,95.59,0.0964,0,NORMAL,0,Normal,NORMAL,0.092,1434.53,No action
2026-09-04T14:03:53,SIM-MISSION-01,233,Endurance,23988.5,26.95,67.22,2768.2,90.85,652.2,4.807,87.39,29.27,1.569,27.589,26.44,17.781,95.57,0.0973,0,NORMAL,0,Normal,NORMAL,0.0927,1434.47,No action
2026-09-04T14:03:54,SIM-MISSION-01,234,Endurance,23881.7,27.9,70.21,2768.8,91.17,657.11,4.695,88.7,29.39,1.607,27.664,26.48,17.809,95.6,0.0958,0,NORMAL,0,Normal,NORMAL,0.0915,1434.4,No action
2026-09-04T14:03:55,SIM-MISSION-01,235,Endurance,23753.2,29.09,66.29,2754.3,91.31,666.79,4.819,88.66,29.71,1.686,27.601,25.78,17.902,96.21,0.0717,0,NORMAL,0,Normal,NORMAL,0.071,1434.33,No action
2026-09-04T14:03:56,SIM-MISSION-01,236,Endurance,24105.2,27.55,67.49,2733.1,90.74,659.2,4.874,87.0,28.99,1.569,27.707,25.91,17.81,95.12,0.1154,0,NORMAL,0,Normal,NORMAL,0.1081,1434.27,No action
2026-09-04T14:03:57,SIM-MISSION-01,237,Endurance,24112.0,29.49,69.05,2774.7,89.77,660.04,4.744,87.67,29.33,1.717,27.612,25.94,17.781,95.58,0.0966,0,NORMAL,0,Normal,NORMAL,0.0921,1434.2,No action
2026-09-04T14:03:58,SIM-MISSION-01,238,Endurance,23947.4,29.34,66.84,2777.8,90.66,662.88,4.756,86.74,29.38,1.7,27.703,25.88,17.629,95.28,0.1087,0,NORMAL,0,Normal,NORMAL,0.1024,1434.13,No action
2026-09-04T14:03:59,SIM-MISSION-01,239,Endurance,24109.0,28.27,66.48,2750.2,91.36,660.7,4.812,86.98,28.95,1.567,27.564,25.59,17.773,95.39,0.1043,0,NORMAL,0,Normal,NORMAL,0.0987,1434.07,No action
2026-09-04T14:04:00,SIM-MISSION-01,240,Endurance,24009.0,30.16,67.61,2774.8,90.81,660.52,4.679,88.01,29.29,1.502,27.65,25.53,17.799,95.35,0.1059,0,NORMAL,0,Normal,NORMAL,0.1,1434.0,No action
2026-09-04T14:04:01,SIM-MISSION-01,241,Endurance,24119.2,27.63,66.66,2704.8,89.78,657.0,4.801,87.49,28.74,1.418,27.485,25.72,17.872,94.49,0.1404,0,NORMAL,0,Normal,NORMAL,0.1293,1433.93,No action
2026-09-04T14:04:02,SIM-MISSION-01,242,Endurance,23987.3,28.39,68.74,2786.2,91.76,654.88,4.698,88.98,28.64,1.614,27.649,25.47,17.829,95.04,0.1182,0,NORMAL,0,Normal,NORMAL,0.1105,1433.87,No action
2026-09-04T14:04:03,SIM-MISSION-01,243,Endurance,24010.5,26.34,67.55,2778.9,90.75,666.3,4.854,89.03,29.1,1.638,27.518,25.79,17.847,95.68,0.0929,0,NORMAL,0,Normal,NORMAL,0.089,1433.8,No action
2026-09-04T14:04:04,SIM-MISSION-01,244,Endurance,24042.0,28.67,65.01,2776.1,91.34,658.42,4.728,89.18,29.12,1.462,27.547,25.49,17.709,95.84,0.0863,0,NORMAL,0,Normal,NORMAL,0.0834,1433.73,No action
2026-09-04T14:04:05,SIM-MISSION-01,245,Endurance,24112.3,27.97,70.94,2771.8,91.76,661.99,4.726,87.36,29.07,1.599,27.681,25.56,17.699,95.63,0.0948,0,NORMAL,0,Normal,NORMAL,0.0905,1433.67,No action
2026-09-04T14:04:06,SIM-MISSION-01,246,Endurance,23949.5,28.13,69.68,2748.1,92.08,661.64,4.886,88.39,28.63,1.543,27.676,25.78,17.807,95.98,0.0806,0,NORMAL,0,Normal,NORMAL,0.0785,1433.6,No action
2026-09-04T14:04:07,SIM-MISSION-01,247,Endurance,23976.0,27.66,65.98,2797.0,90.89,656.95,4.831,87.54,29.13,1.576,27.581,26.25,17.857,95.32,0.1073,0,NORMAL,0,Normal,NORMAL,0.1012,1433.53,No action
2026-09-04T14:04:08,SIM-MISSION-01,248,Endurance,24238.1,28.99,70.06,2781.3,91.92,659.29,4.779,87.1,28.93,1.548,27.522,25.9,17.823,95.61,0.0955,0,NORMAL,0,Normal,NORMAL,0.0912,1433.47,No action
2026-09-04T14:04:09,SIM-MISSION-01,249,Endurance,23765.1,27.93,69.54,2799.1,91.47,660.4,4.762,87.96,29.02,1.564,27.724,26.61,17.828,95.75,0.0901,0,NORMAL,0,Normal,NORMAL,0.0866,1433.4,No action
2026-09-04T14:04:10,SIM-MISSION-01,250,Endurance,24022.4,28.98,66.49,2789.1,92.15,669.83,4.818,88.94,29.4,1.571,27.67,26.13,17.88,96.35,0.066,0,NORMAL,0,Normal,NORMAL,0.0661,1433.33,No action
2026-09-04T14:04:11,SIM-MISSION-01,251,Endurance,23729.8,29.24,69.28,2807.3,90.59,662.41,4.764,88.52,28.76,1.469,27.68,25.64,17.729,95.44,0.1024,0,NORMAL,0,Normal,NORMAL,0.0971,1433.27,No action
2026-09-04T14:04:12,SIM-MISSION-01,252,Endurance,24043.4,29.1,67.18,2763.5,90.69,659.8,4.925,88.03,29.34,1.544,27.646,25.6,17.803,95.86,0.0858,0,NORMAL,0,Normal,NORMAL,0.0829,1433.2,No action
2026-09-04T14:04:13,SIM-MISSION-01,253,Endurance,23777.3,29.31,67.77,2799.4,90.8,663.19,4.737,88.27,29.2,1.548,27.585,26.06,17.775,95.2,0.112,0,NORMAL,0,Normal,NORMAL,0.1052,1433.13,No action
2026-09-04T14:04:14,SIM-MISSION-01,254,Endurance,24045.4,26.55,66.64,2800.8,91.22,656.23,4.779,87.63,29.26,1.605,27.697,26.04,17.702,95.62,0.0953,0,NORMAL,0,Normal,NORMAL,0.091,1433.07,No action
2026-09-04T14:04:15,SIM-MISSION-01,255,Endurance,23735.2,28.37,67.43,2789.1,91.09,657.78,4.791,89.61,29.01,1.71,27.622,25.8,17.829,95.51,0.0994,0,NORMAL,0,Normal,NORMAL,0.0945,1433.0,No action
2026-09-04T14:04:16,SIM-MISSION-01,256,Endurance,24049.3,28.63,69.35,2782.9,91.92,660.52,4.778,87.28,29.01,1.521,27.539,26.56,17.793,94.95,0.122,0,NORMAL,0,Normal,NORMAL,0.1137,1432.93,No action
2026-09-04T14:04:17,SIM-MISSION-01,257,Endurance,23883.4,27.95,66.6,2806.1,91.77,662.31,4.83,88.1,28.83,1.516,27.55,26.06,17.865,95.73,0.091,0,NORMAL,0,Normal,NORMAL,0.0873,1432.87,No action
2026-09-04T14:04:18,SIM-MISSION-01,258,Endurance,23981.3,27.62,70.69,2818.1,90.74,661.21,4.662,87.9,29.17,1.501,27.471,26.14,17.795,95.72,0.0914,0,NORMAL,0,Normal,NORMAL,0.0877,1432.8,No action
2026-09-04T14:04:19,SIM-MISSION-01,259,Endurance,23960.9,27.58,68.51,2801.6,89.56,665.37,4.838,87.84,28.87,1.591,27.628,25.88,17.792,95.66,0.0937,0,NORMAL,0,Normal,NORMAL,0.0896,1432.73,No action
2026-09-04T14:04:20,SIM-MISSION-01,260,Endurance,23958.5,27.58,69.79,2794.5,89.97,656.27,4.822,88.55,28.98,1.267,27.483,26.12,17.883,95.58,0.097,0,NORMAL,0,Normal,NORMAL,0.0924,1432.67,No action
2026-09-04T14:04:21,SIM-MISSION-01,261,Endurance,24041.8,26.97,68.01,2837.9,91.19,656.38,4.857,88.58,28.3,1.501,27.68,26.27,17.739,95.17,0.1131,0,NORMAL,0,Normal,NORMAL,0.1061,1432.6,No action
2026-09-04T14:04:22,SIM-MISSION-01,262,Endurance,24025.6,28.39,67.97,2802.1,91.53,661.99,4.744,89.63,29.08,1.433,27.575,25.19,17.767,94.6,0.1359,0,NORMAL,0,Normal,NORMAL,0.1255,1432.53,No action
2026-09-04T14:04:23,SIM-MISSION-01,263,Endurance,23983.4,27.26,67.48,2823.0,91.19,657.75,4.882,88.38,29.54,1.633,27.529,25.87,17.782,95.32,0.1071,0,NORMAL,0,Normal,NORMAL,0.1011,1432.47,No action
2026-09-04T14:04:24,SIM-MISSION-01,264,Endurance,24040.3,30.0,68.7,2839.1,92.1,660.3,4.74,87.6,28.76,1.483,27.527,26.08,17.817,95.83,0.0869,0,NORMAL,0,Normal,NORMAL,0.0839,1432.4,No action
2026-09-04T14:04:25,SIM-MISSION-01,265,Endurance,24104.2,26.7,65.89,2817.1,90.73,670.88,4.821,87.6,29.32,1.498,27.575,26.31,17.773,95.22,0.1111,0,NORMAL,0,Normal,NORMAL,0.1044,1432.33,No action
2026-09-04T14:04:26,SIM-MISSION-01,266,Endurance,24086.5,27.42,65.28,2807.8,91.89,661.19,4.852,87.96,28.8,1.511,27.58,26.07,17.671,95.47,0.1011,0,NORMAL,0,Normal,NORMAL,0.0959,1432.27,No action
2026-09-04T14:04:27,SIM-MISSION-01,267,Endurance,24068.9,28.45,67.92,2817.2,90.21,654.87,4.813,88.0,28.85,1.454,27.611,26.0,17.791,95.61,0.0956,0,NORMAL,0,Normal,NORMAL,0.0913,1432.2,No action
2026-09-04T14:04:28,SIM-MISSION-01,268,Endurance,24082.2,27.57,68.07,2853.8,92.15,660.05,4.731,88.47,28.81,1.673,27.488,25.89,17.877,95.22,0.1112,0,NORMAL,0,Normal,NORMAL,0.1046,1432.13,No action
2026-09-04T14:04:29,SIM-MISSION-01,269,Endurance,23837.9,27.75,67.17,2837.1,90.36,658.89,4.926,87.9,29.14,1.47,27.707,25.74,17.766,95.83,0.0867,0,NORMAL,0,Normal,NORMAL,0.0837,1432.07,No action
2026-09-04T14:04:30,SIM-MISSION-01,270,Endurance,24119.3,27.4,68.95,2813.2,90.94,656.28,4.749,87.8,29.01,1.479,27.599,25.94,17.852,95.31,0.1075,0,NORMAL,0,Normal,NORMAL,0.1014,1432.0,No action
2026-09-04T14:04:31,SIM-MISSION-01,271,Endurance,24104.3,29.0,67.21,2850.8,91.16,658.15,4.824,87.28,29.61,1.571,27.485,25.68,17.776,95.33,0.1068,0,NORMAL,0,Normal,NORMAL,0.1008,1431.93,No action
2026-09-04T14:04:32,SIM-MISSION-01,272,Endurance,23761.6,27.1,68.1,2837.1,90.29,664.39,4.872,86.69,28.81,1.523,27.54,26.31,17.823,95.94,0.0824,0,NORMAL,0,Normal,NORMAL,0.08,1431.87,No action
2026-09-04T14:04:33,SIM-MISSION-01,273,Endurance,24022.6,26.71,69.73,2812.5,90.3,651.79,4.711,87.71,29.11,1.508,27.581,25.98,17.796,95.79,0.0882,0,NORMAL,0,Normal,NORMAL,0.085,1431.8,No action
2026-09-04T14:04:34,SIM-MISSION-01,274,Endurance,23904.1,27.85,66.79,2853.4,91.56,663.81,4.806,87.91,28.56,1.574,27.705,25.19,17.885,95.33,0.1069,0,NORMAL,0,Normal,NORMAL,0.1008,1431.73,No action
2026-09-04T14:04:35,SIM-MISSION-01,275,Endurance,23928.2,26.66,68.05,2848.7,90.85,667.02,4.802,88.44,28.79,1.511,27.569,26.15,17.881,95.97,0.0812,0,NORMAL,0,Normal,NORMAL,0.079,1431.67,No action
2026-09-04T14:04:36,SIM-MISSION-01,276,Endurance,23871.1,28.99,68.27,2844.5,91.02,655.81,4.779,88.64,29.16,1.505,27.659,26.11,17.773,94.82,0.1274,0,NORMAL,0,Normal,NORMAL,0.1183,1431.6,No action
2026-09-04T14:04:37,SIM-MISSION-01,277,Endurance,24024.7,26.22,69.92,2834.5,91.49,661.56,4.816,87.89,29.0,1.603,27.636,25.57,17.822,95.17,0.1131,0,NORMAL,0,Normal,NORMAL,0.1061,1431.53,No action
2026-09-04T14:04:38,SIM-MISSION-01,278,Endurance,23925.6,27.56,67.44,2851.0,91.52,665.71,4.744,87.84,28.82,1.529,27.465,25.86,17.779,94.92,0.1233,0,NORMAL,0,Normal,NORMAL,0.1148,1431.47,No action
2026-09-04T14:04:39,SIM-MISSION-01,279,Endurance,23943.3,27.81,68.84,2863.4,90.55,664.65,4.826,87.56,28.75,1.56,27.584,26.02,17.771,95.75,0.09,0,NORMAL,0,Normal,NORMAL,0.0865,1431.4,No action
2026-09-04T14:04:40,SIM-MISSION-01,280,Endurance,24055.0,27.03,67.67,2819.0,90.74,659.13,4.714,86.76,29.42,1.528,27.587,25.81,17.876,96.16,0.0735,0,NORMAL,0,Normal,NORMAL,0.0725,1431.33,No action
2026-09-04T14:04:41,SIM-MISSION-01,281,Endurance,23884.4,29.39,68.65,2854.2,90.88,664.9,4.827,87.73,29.48,1.763,27.557,26.32,17.818,95.96,0.0817,0,NORMAL,0,Normal,NORMAL,0.0794,1431.27,No action
2026-09-04T14:04:42,SIM-MISSION-01,282,Endurance,24027.5,28.47,66.82,2851.2,90.58,667.06,4.872,88.51,28.66,1.549,27.716,25.4,17.722,95.14,0.1144,0,NORMAL,0,Normal,NORMAL,0.1072,1431.2,No action
2026-09-04T14:04:43,SIM-MISSION-01,283,Endurance,23936.8,27.05,67.33,2854.5,91.08,664.77,5.013,88.33,29.45,1.516,27.727,26.03,17.809,95.78,0.0889,0,NORMAL,0,Normal,NORMAL,0.0855,1431.13,No action
2026-09-04T14:04:44,SIM-MISSION-01,284,Endurance,24016.7,27.73,68.27,2827.5,92.47,661.81,4.859,88.36,28.51,1.554,27.531,25.77,17.795,95.46,0.1016,0,NORMAL,0,Normal,NORMAL,0.0963,1431.07,No action
2026-09-04T14:04:45,SIM-MISSION-01,285,Endurance,23817.9,29.08,68.62,2855.9,92.0,668.74,4.868,87.86,29.14,1.627,27.681,26.37,17.862,95.6,0.096,0,NORMAL,0,Normal,NORMAL,0.0916,1431.0,No action
2026-09-04T14:04:46,SIM-MISSION-01,286,Endurance,23982.2,28.51,68.2,2869.7,90.33,660.1,4.777,87.7,29.61,1.522,27.794,25.96,17.765,94.6,0.1361,0,NORMAL,0,Normal,NORMAL,0.1257,1430.93,No action
2026-09-04T14:04:47,SIM-MISSION-01,287,Endurance,23997.6,27.04,69.62,2814.4,91.47,654.54,4.793,88.95,28.91,1.607,27.582,25.9,17.814,95.46,0.1015,0,NORMAL,0,Normal,NORMAL,0.0962,1430.87,No action
2026-09-04T14:04:48,SIM-MISSION-01,288,Endurance,23987.8,28.75,64.62,2828.0,91.1,659.27,4.816,88.72,29.29,1.48,27.62,26.08,17.788,95.8,0.0879,0,NORMAL,0,Normal,NORMAL,0.0847,1430.8,No action
2026-09-04T14:04:49,SIM-MISSION-01,289,Endurance,24057.1,26.07,69.16,2857.4,89.88,665.39,4.797,87.67,29.18,1.604,27.592,25.82,17.771,95.56,0.0976,0,NORMAL,0,Normal,NORMAL,0.093,1430.73,No action
2026-09-04T14:04:50,SIM-MISSION-01,290,Endurance,23948.8,28.86,68.3,2855.7,90.68,658.02,4.682,87.67,29.54,1.572,27.556,25.78,17.731,95.8,0.0878,0,NORMAL,0,Normal,NORMAL,0.0846,1430.67,No action
2026-09-04T14:04:51,SIM-MISSION-01,291,Endurance,24170.0,27.64,66.2,2886.4,91.47,653.25,4.764,88.8,28.57,1.647,27.595,26.27,17.777,95.89,0.0842,0,NORMAL,0,Normal,NORMAL,0.0816,1430.6,No action
2026-09-04T14:04:52,SIM-MISSION-01,292,Endurance,24053.6,28.72,67.87,2845.2,91.62,653.67,4.788,88.21,29.09,1.581,27.59,25.25,17.81,95.59,0.0964,0,NORMAL,0,Normal,NORMAL,0.0919,1430.53,No action
2026-09-04T14:04:53,SIM-MISSION-01,293,Endurance,23890.1,26.85,67.14,2876.0,92.17,668.6,4.815,87.73,28.53,1.593,27.454,26.49,17.847,95.26,0.1096,0,NORMAL,0,Normal,NORMAL,0.1031,1430.47,No action
2026-09-04T14:04:54,SIM-MISSION-01,294,Endurance,23660.5,27.13,64.76,2889.1,90.15,660.8,4.79,89.06,29.09,1.673,27.666,25.76,17.739,95.5,0.0998,0,NORMAL,0,Normal,NORMAL,0.0948,1430.4,No action
2026-09-04T14:04:55,SIM-MISSION-01,295,Endurance,24138.3,28.67,66.37,2827.7,90.46,662.62,4.744,87.58,28.82,1.567,27.477,26.02,17.792,95.89,0.0844,0,NORMAL,0,Normal,NORMAL,0.0817,1430.33,No action
2026-09-04T14:04:56,SIM-MISSION-01,296,Endurance,24236.7,26.19,67.2,2886.4,90.28,658.38,4.718,86.72,28.81,1.497,27.495,25.61,17.815,96.12,0.0753,0,NORMAL,0,Normal,NORMAL,0.074,1430.27,No action
2026-09-04T14:04:57,SIM-MISSION-01,297,Endurance,24033.5,29.61,67.66,2884.0,90.14,662.42,4.8,88.66,28.95,1.484,27.71,25.96,17.786,95.8,0.088,0,NORMAL,0,Normal,NORMAL,0.0848,1430.2,No action
2026-09-04T14:04:58,SIM-MISSION-01,298,Endurance,23953.7,28.2,68.34,2911.7,91.18,662.29,4.84,87.5,29.5,1.564,27.449,26.16,17.751,95.27,0.109,0,NORMAL,0,Normal,NORMAL,0.1027,1430.13,No action
2026-09-04T14:04:59,SIM-MISSION-01,299,Endurance,24012.1,27.49,65.89,2910.8,89.84,652.16,4.788,87.78,29.7,1.623,27.636,25.95,17.699,95.65,0.0939,0,NORMAL,0,Normal,NORMAL,0.0898,1430.07,No action
2026-09-04T14:05:00,SIM-MISSION-01,300,Endurance,23879.8,27.32,67.13,2887.9,91.49,656.8,4.769,87.26,29.39,1.381,27.64,26.2,17.694,95.13,0.1148,0,NORMAL,0,Normal,NORMAL,0.1076,1430.0,No action
2026-09-04T14:05:01,SIM-MISSION-01,301,Endurance,23973.1,28.64,66.03,2886.6,91.97,662.07,4.753,86.96,28.44,1.568,27.418,25.79,17.824,95.66,0.0935,0,NORMAL,0,Normal,NORMAL,0.0895,1429.93,No action
2026-09-04T14:05:02,SIM-MISSION-01,302,Endurance,23911.4,27.61,67.91,2862.2,90.96,659.32,4.799,86.82,29.14,1.473,27.582,25.71,17.891,94.74,0.1304,0,NORMAL,0,Normal,NORMAL,0.1208,1429.87,No action
2026-09-04T14:05:03,SIM-MISSION-01,303,Endurance,23852.0,27.6,67.44,2920.8,90.62,661.33,4.863,87.66,28.73,1.522,27.672,26.1,17.859,95.72,0.0913,0,NORMAL,0,Normal,NORMAL,0.0876,1429.8,No action
2026-09-04T14:05:04,SIM-MISSION-01,304,Endurance,23770.2,26.34,67.4,2881.6,90.82,655.82,4.751,87.71,29.3,1.515,27.546,26.28,17.862,95.64,0.0946,0,NORMAL,0,Normal,NORMAL,0.0904,1429.73,No action
2026-09-04T14:05:05,SIM-MISSION-01,305,Endurance,24013.7,28.3,70.0,2894.4,92.02,666.95,4.843,87.59,29.14,1.425,27.585,25.62,17.795,94.72,0.1311,0,NORMAL,0,Normal,NORMAL,0.1214,1429.67,No action
2026-09-04T14:05:06,SIM-MISSION-01,306,Endurance,23943.3,29.4,66.57,2864.3,90.4,665.68,4.864,88.51,29.12,1.674,27.572,25.91,17.935,95.37,0.1053,0,NORMAL,0,Normal,NORMAL,0.0995,1429.6,No action
2026-09-04T14:05:07,SIM-MISSION-01,307,Endurance,24040.0,28.92,66.95,2894.1,90.65,658.37,4.843,87.23,28.45,1.533,27.564,26.13,17.778,95.43,0.1029,0,NORMAL,0,Normal,NORMAL,0.0974,1429.53,No action
2026-09-04T14:05:08,SIM-MISSION-01,308,Endurance,23873.0,30.76,66.19,2902.6,89.47,659.43,4.795,87.86,29.15,1.52,27.682,25.88,17.865,96.42,0.0632,0,NORMAL,0,Normal,NORMAL,0.0637,1429.47,No action
2026-09-04T14:05:09,SIM-MISSION-01,309,Endurance,24125.3,27.29,68.79,2898.1,90.84,660.72,4.769,88.12,29.01,1.709,27.689,26.06,17.831,95.94,0.0826,0,NORMAL,0,Normal,NORMAL,0.0802,1429.4,No action
2026-09-04T14:05:10,SIM-MISSION-01,310,Endurance,24055.0,27.48,67.72,2921.3,91.06,663.35,4.881,88.36,28.81,1.519,27.64,25.85,17.777,95.66,0.0936,0,NORMAL,0,Normal,NORMAL,0.0896,1429.33,No action
2026-09-04T14:05:11,SIM-MISSION-01,311,Endurance,24079.2,26.83,64.91,2909.3,90.36,652.79,4.844,88.64,28.8,1.609,27.62,25.63,17.856,95.54,0.0983,0,NORMAL,0,Normal,NORMAL,0.0935,1429.27,No action
2026-09-04T14:05:12,SIM-MISSION-01,312,Endurance,24044.9,28.96,68.23,2941.5,90.48,664.79,4.785,88.44,28.96,1.736,27.629,26.29,17.834,95.61,0.0956,0,NORMAL,0,Normal,NORMAL,0.0913,1429.2,No action
2026-09-04T14:05:13,SIM-MISSION-01,313,Endurance,24060.1,29.09,66.27,2929.9,91.42,659.37,4.841,87.29,28.99,1.385,27.544,25.95,17.729,95.15,0.114,0,NORMAL,0,Normal,NORMAL,0.1069,1429.13,No action
2026-09-04T14:05:14,SIM-MISSION-01,314,Endurance,23982.2,26.9,67.53,2937.5,91.52,663.23,4.818,88.91,28.47,1.537,27.684,26.26,17.804,95.18,0.1129,0,NORMAL,0,Normal,NORMAL,0.106,1429.07,No action
2026-09-04T14:05:15,SIM-MISSION-01,315,Endurance,23998.6,27.05,68.31,2939.4,90.71,660.82,4.704,86.22,29.16,1.684,27.419,25.85,17.829,95.47,0.1012,0,NORMAL,0,Normal,NORMAL,0.096,1429.0,No action
2026-09-04T14:05:16,SIM-MISSION-01,316,Endurance,23932.5,28.16,69.64,2939.7,91.79,661.54,4.663,89.19,28.99,1.594,27.756,26.4,17.796,95.27,0.1093,0,NORMAL,0,Normal,NORMAL,0.1029,1428.93,No action
2026-09-04T14:05:17,SIM-MISSION-01,317,Endurance,24033.9,26.19,68.72,2884.0,89.76,660.87,4.886,87.33,29.43,1.564,27.746,25.9,17.95,95.58,0.0969,0,NORMAL,0,Normal,NORMAL,0.0923,1428.87,No action
2026-09-04T14:05:18,SIM-MISSION-01,318,Endurance,24187.8,28.1,68.69,2928.1,90.77,662.13,4.782,86.11,28.09,1.499,27.5,26.27,17.747,95.56,0.0977,0,NORMAL,0,Normal,NORMAL,0.0931,1428.8,No action
2026-09-04T14:05:19,SIM-MISSION-01,319,Endurance,23926.4,27.07,69.86,2926.4,90.19,661.54,4.841,87.92,29.25,1.467,27.583,26.12,17.785,95.26,0.1098,0,NORMAL,0,Normal,NORMAL,0.1033,1428.73,No action
2026-09-04T14:05:20,SIM-MISSION-01,320,Endurance,24061.7,28.53,67.64,2923.6,90.42,658.43,4.733,88.55,29.06,1.575,27.666,25.31,17.802,95.24,0.1104,0,NORMAL,0,Normal,NORMAL,0.1038,1428.67,No action
2026-09-04T14:05:21,SIM-MISSION-01,321,Endurance,24217.8,28.61,68.52,2951.3,89.5,655.75,4.873,89.02,28.72,1.641,27.671,25.59,17.77,95.52,0.0991,0,NORMAL,0,Normal,NORMAL,0.0942,1428.6,No action
2026-09-04T14:05:22,SIM-MISSION-01,322,Endurance,24155.3,26.67,66.11,2944.8,90.48,655.11,4.764,88.99,29.65,1.486,27.589,25.25,17.865,95.16,0.1135,0,NORMAL,0,Normal,NORMAL,0.1065,1428.53,No action
2026-09-04T14:05:23,SIM-MISSION-01,323,Endurance,24000.5,28.48,68.3,2910.6,91.58,665.5,4.769,87.27,29.12,1.652,27.512,25.76,17.858,95.81,0.0876,0,NORMAL,0,Normal,NORMAL,0.0845,1428.47,No action
2026-09-04T14:05:24,SIM-MISSION-01,324,Endurance,24108.2,27.62,67.44,2950.0,91.24,659.95,4.699,88.38,29.18,1.566,27.601,26.04,17.848,95.95,0.0818,0,NORMAL,0,Normal,NORMAL,0.0795,1428.4,No action
2026-09-04T14:05:25,SIM-MISSION-01,325,Endurance,24023.2,27.53,67.36,2925.0,91.34,658.97,4.796,87.21,29.46,1.442,27.705,25.62,17.764,95.17,0.1131,0,NORMAL,0,Normal,NORMAL,0.1061,1428.33,No action
2026-09-04T14:05:26,SIM-MISSION-01,326,Endurance,24005.4,27.76,65.87,2906.8,91.79,660.1,4.825,87.86,28.82,1.603,27.623,26.34,17.809,95.21,0.1114,0,NORMAL,0,Normal,NORMAL,0.1047,1428.27,No action
2026-09-04T14:05:27,SIM-MISSION-01,327,Endurance,23850.3,28.79,67.62,2871.0,90.3,660.64,4.762,88.17,29.21,1.548,27.524,26.13,17.818,96.21,0.0714,0,NORMAL,0,Normal,NORMAL,0.0707,1428.2,No action
2026-09-04T14:05:28,SIM-MISSION-01,328,Endurance,24105.1,26.48,70.03,2929.1,89.55,659.22,4.802,88.44,29.15,1.579,27.537,25.49,17.768,96.08,0.077,0,NORMAL,0,Normal,NORMAL,0.0754,1428.13,No action
2026-09-04T14:05:29,SIM-MISSION-01,329,Endurance,24103.9,26.81,69.13,2909.1,91.06,656.63,4.784,87.17,29.04,1.616,27.48,26.15,17.817,96.37,0.0653,0,NORMAL,0,Normal,NORMAL,0.0655,1428.07,No action
2026-09-04T14:05:30,SIM-MISSION-01,330,Endurance,24012.2,27.91,69.66,2931.0,90.62,655.77,4.746,87.46,29.05,1.605,27.573,26.22,17.805,96.01,0.0795,0,NORMAL,0,Normal,NORMAL,0.0776,1428.0,No action
2026-09-04T14:05:31,SIM-MISSION-01,331,Endurance,23973.2,30.42,69.85,2939.7,91.25,663.05,4.806,88.33,28.88,1.535,27.546,26.31,17.837,95.69,0.0923,0,NORMAL,0,Normal,NORMAL,0.0885,1427.93,No action
2026-09-04T14:05:32,SIM-MISSION-01,332,Endurance,24079.8,28.98,67.35,2959.4,89.81,662.75,4.818,87.73,28.89,1.478,27.554,25.76,17.739,95.85,0.0861,0,NORMAL,0,Normal,NORMAL,0.0832,1427.87,No action
2026-09-04T14:05:33,SIM-MISSION-01,333,Endurance,23960.0,28.45,67.22,2935.8,90.69,662.35,4.79,89.37,28.06,1.36,27.508,26.13,17.837,95.51,0.0996,0,NORMAL,0,Normal,NORMAL,0.0946,1427.8,No action
2026-09-04T14:05:34,SIM-MISSION-01,334,Endurance,23917.3,27.67,66.45,2980.4,89.15,668.72,4.861,87.76,29.16,1.545,27.635,26.13,17.837,95.28,0.1087,0,NORMAL,0,Normal,NORMAL,0.1024,1427.73,No action
2026-09-04T14:05:35,SIM-MISSION-01,335,Endurance,23961.6,29.7,69.55,2957.0,90.62,661.1,4.818,88.05,28.56,1.587,27.613,26.66,17.747,95.67,0.0934,0,NORMAL,0,Normal,NORMAL,0.0894,1427.67,No action
2026-09-04T14:05:36,SIM-MISSION-01,336,Endurance,24106.8,29.56,70.81,2939.6,91.63,660.46,4.745,87.84,28.84,1.531,27.748,26.14,17.713,95.36,0.1055,0,NORMAL,0,Normal,NORMAL,0.0997,1427.6,No action
2026-09-04T14:05:37,SIM-MISSION-01,337,Endurance,24043.1,28.32,64.52,2926.8,91.26,659.41,4.779,87.79,29.04,1.643,27.662,26.09,17.86,95.49,0.1006,0,NORMAL,0,Normal,NORMAL,0.0955,1427.53,No action
2026-09-04T14:05:38,SIM-MISSION-01,338,Endurance,24013.4,25.33,69.44,2972.6,91.14,665.52,4.79,88.49,29.04,1.531,27.642,26.18,17.756,95.59,0.0963,0,NORMAL,0,Normal,NORMAL,0.0918,1427.47,No action
2026-09-04T14:05:39,SIM-MISSION-01,339,Endurance,24173.5,27.78,69.3,2944.6,89.48,663.51,4.754,87.7,28.94,1.445,27.603,25.64,17.79,95.01,0.1194,0,NORMAL,0,Normal,NORMAL,0.1115,1427.4,No action
2026-09-04T14:05:40,SIM-MISSION-01,340,Endurance,23799.0,25.65,69.62,2926.6,91.4,666.29,4.748,88.96,28.96,1.339,27.606,26.57,17.837,95.35,0.1062,0,NORMAL,0,Normal,NORMAL,0.1002,1427.33,No action
2026-09-04T14:05:41,SIM-MISSION-01,341,Endurance,24085.6,28.37,64.47,2925.1,90.7,656.0,4.752,88.55,29.52,1.415,27.515,25.97,17.79,94.39,0.1443,0,NORMAL,0,Normal,NORMAL,0.1326,1427.27,No action
2026-09-04T14:05:42,SIM-MISSION-01,342,Endurance,24305.9,28.11,69.11,2908.3,91.24,655.31,4.831,88.21,29.02,1.585,27.554,26.05,17.68,95.57,0.0973,0,NORMAL,0,Normal,NORMAL,0.0927,1427.2,No action
2026-09-04T14:05:43,SIM-MISSION-01,343,Endurance,23983.1,27.94,67.02,2900.3,92.23,657.07,4.732,87.97,29.45,1.707,27.569,26.07,17.812,95.69,0.0924,0,NORMAL,0,Normal,NORMAL,0.0886,1427.13,No action
2026-09-04T14:05:44,SIM-MISSION-01,344,Endurance,23875.8,27.38,66.99,2969.2,89.45,661.92,4.823,88.97,28.86,1.52,27.608,25.83,17.77,95.75,0.0899,0,NORMAL,0,Normal,NORMAL,0.0865,1427.07,No action
2026-09-04T14:05:45,SIM-MISSION-01,345,Endurance,24116.9,27.19,68.12,2932.4,90.4,654.59,4.857,88.21,28.98,1.462,27.65,25.92,17.794,95.55,0.0981,0,NORMAL,0,Normal,NORMAL,0.0934,1427.0,No action
2026-09-04T14:05:46,SIM-MISSION-01,346,Endurance,23896.6,26.95,69.72,2935.1,91.11,659.13,4.832,88.64,29.48,1.626,27.577,25.95,17.781,95.59,0.0964,0,NORMAL,0,Normal,NORMAL,0.092,1426.93,No action
2026-09-04T14:05:47,SIM-MISSION-01,347,Endurance,23764.6,28.38,66.82,2963.8,90.3,649.39,4.842,88.23,29.27,1.629,27.641,26.12,17.803,96.29,0.0683,0,NORMAL,0,Normal,NORMAL,0.068,1426.87,No action
2026-09-04T14:05:48,SIM-MISSION-01,348,Endurance,23979.1,28.46,70.45,2965.4,91.03,656.95,4.839,87.98,29.01,1.521,27.507,25.7,17.82,94.84,0.1265,0,NORMAL,0,Normal,NORMAL,0.1175,1426.8,No action
2026-09-04T14:05:49,SIM-MISSION-01,349,Endurance,24143.5,25.34,67.97,2947.9,91.13,661.7,4.855,87.21,29.62,1.541,27.523,26.7,17.756,95.77,0.0892,0,NORMAL,0,Normal,NORMAL,0.0858,1426.73,No action
2026-09-04T14:05:50,SIM-MISSION-01,350,Endurance,23966.8,27.96,70.23,2956.7,89.74,666.28,4.927,88.61,28.73,1.644,27.777,26.08,17.782,95.99,0.0803,0,NORMAL,0,Normal,NORMAL,0.0782,1426.67,No action
2026-09-04T14:05:51,SIM-MISSION-01,351,Endurance,24157.7,27.71,68.87,2952.6,91.9,659.46,4.734,87.03,28.95,1.588,27.678,26.19,17.732,95.74,0.0902,0,NORMAL,0,Normal,NORMAL,0.0867,1426.6,No action
2026-09-04T14:05:52,SIM-MISSION-01,352,Endurance,23817.3,26.52,68.94,2944.6,90.56,663.98,4.794,89.94,29.41,1.458,27.598,26.32,17.841,95.4,0.104,0,NORMAL,0,Normal,NORMAL,0.0984,1426.53,No action
2026-09-04T14:05:53,SIM-MISSION-01,353,Endurance,24036.7,26.28,67.62,2966.6,90.51,660.16,4.84,86.69,28.35,1.594,27.555,25.9,17.858,95.52,0.0994,0,NORMAL,0,Normal,NORMAL,0.0945,1426.47,No action
2026-09-04T14:05:54,SIM-MISSION-01,354,Endurance,24053.3,28.4,67.01,2985.0,91.34,657.87,4.869,87.36,28.76,1.452,27.582,25.78,17.814,95.4,0.104,0,NORMAL,0,Normal,NORMAL,0.0984,1426.4,No action
2026-09-04T14:05:55,SIM-MISSION-01,355,Endurance,24038.1,29.08,68.86,2957.6,91.07,656.72,4.681,88.25,28.51,1.577,27.596,25.99,17.8,95.86,0.0854,0,NORMAL,0,Normal,NORMAL,0.0826,1426.33,No action
2026-09-04T14:05:56,SIM-MISSION-01,356,Endurance,24181.3,28.44,68.66,2965.6,91.88,658.89,4.795,89.31,29.18,1.571,27.68,25.74,17.793,95.52,0.0991,0,NORMAL,0,Normal,NORMAL,0.0942,1426.27,No action
2026-09-04T14:05:57,SIM-MISSION-01,357,Endurance,24178.5,28.19,67.03,2967.4,90.34,659.96,4.799,88.36,29.17,1.55,27.647,26.63,17.802,95.05,0.1181,0,NORMAL,0,Normal,NORMAL,0.1104,1426.2,No action
2026-09-04T14:05:58,SIM-MISSION-01,358,Endurance,24133.8,26.49,66.27,2968.9,89.38,661.92,4.79,89.55,29.08,1.698,27.586,25.92,17.774,95.71,0.0917,0,NORMAL,0,Normal,NORMAL,0.088,1426.13,No action
2026-09-04T14:05:59,SIM-MISSION-01,359,Endurance,24084.0,26.85,67.59,2951.4,91.9,661.09,4.832,88.25,29.19,1.399,27.721,26.11,17.774,95.54,0.0983,0,NORMAL,0,Normal,NORMAL,0.0935,1426.07,No action
2026-09-04T14:06:00,SIM-MISSION-01,360,Endurance,24289.7,27.1,68.2,2882.4,102.58,696.23,4.52,96.16,29.24,2.317,27.563,25.79,17.857,86.06,0.4774,0,PRE_FAILURE,0,Overheating Failure,CRITICAL_WARNING,0.5158,1426.0,Immediate inspection recommended
2026-09-04T14:06:01,SIM-MISSION-01,361,Endurance,24022.8,29.47,69.27,2879.6,103.59,702.45,4.563,97.14,30.09,2.412,27.661,26.51,17.815,85.07,0.5174,0,PRE_FAILURE,0,Overheating Failure,CRITICAL_WARNING,0.5498,1405.93,Immediate inspection recommended
2026-09-04T14:06:02,SIM-MISSION-01,362,Endurance,23794.5,29.06,68.61,2910.2,106.45,691.92,4.475,97.26,29.77,2.512,27.617,25.97,17.82,83.8,0.5682,1,PRE_FAILURE,0,Overheating Failure,CRITICAL_WARNING,0.5929,1385.87,Immediate inspection recommended
2026-09-04T14:06:03,SIM-MISSION-01,363,Endurance,23928.6,28.05,71.61,2932.7,108.44,701.09,4.452,98.53,30.31,2.583,27.444,25.03,17.812,83.65,0.5739,1,PRE_FAILURE,0,Overheating Failure,CRITICAL_WARNING,0.5978,1365.8,Immediate inspection recommended
2026-09-04T14:06:04,SIM-MISSION-01,364,Endurance,23914.2,26.74,66.94,2894.7,109.5,699.68,4.486,98.91,30.18,2.668,27.69,25.64,17.745,82.4,0.6239,1,PRE_FAILURE,0,Overheating Failure,CRITICAL_WARNING,0.6403,1345.73,Immediate inspection recommended
2026-09-04T14:06:05,SIM-MISSION-01,365,Endurance,24104.3,28.1,68.78,2871.4,108.78,713.2,4.426,99.29,30.01,2.586,27.628,25.89,17.885,82.76,0.6096,1,PRE_FAILURE,0,Overheating Failure,CRITICAL_WARNING,0.6281,1325.67,Immediate inspection recommended
2026-09-04T14:06:06,SIM-MISSION-01,366,Endurance,23975.7,27.89,68.77,2891.0,108.9,710.74,4.404,101.9,29.63,2.821,27.584,25.58,17.77,81.5,0.6601,1,PRE_FAILURE,0,Overheating Failure,CRITICAL_WARNING,0.6711,1305.6,Immediate inspection recommended
2026-09-04T14:06:07,SIM-MISSION-01,367,Endurance,23961.1,25.61,70.33,2874.4,112.9,715.54,4.319,101.67,30.1,3.002,27.517,26.46,17.771,80.16,0.7137,1,PRE_FAILURE,0,Overheating Failure,CRITICAL_WARNING,0.7166,1285.53,Immediate inspection recommended
2026-09-04T14:06:08,SIM-MISSION-01,368,Endurance,23938.0,29.41,66.56,2838.4,113.58,721.05,4.336,102.81,29.84,3.078,27.549,26.57,17.887,78.5,0.7801,1,PRE_FAILURE,0,Overheating Failure,CRITICAL_WARNING,0.7731,1265.47,Immediate inspection recommended
2026-09-04T14:06:09,SIM-MISSION-01,369,Endurance,23873.6,27.39,67.81,2868.6,116.68,721.74,4.341,102.92,30.24,3.062,27.601,26.07,17.835,77.81,0.8078,1,PRE_FAILURE,0,Overheating Failure,CRITICAL_WARNING,0.7966,1245.4,Immediate inspection recommended
2026-09-04T14:06:10,SIM-MISSION-01,370,Endurance,23869.6,28.09,68.31,2850.4,117.33,729.5,4.292,104.72,29.95,3.175,27.468,26.28,17.789,76.79,0.8486,1,PRE_FAILURE,0,Overheating Failure,CRITICAL_WARNING,0.8313,1225.33,Immediate inspection recommended
2026-09-04T14:06:11,SIM-MISSION-01,371,Endurance,24117.6,27.36,66.71,2852.4,118.43,731.73,4.387,105.52,29.93,3.251,27.502,25.78,17.802,76.06,0.8775,1,PRE_FAILURE,0,Overheating Failure,CRITICAL_WARNING,0.8559,1205.27,Immediate inspection recommended
2026-09-04T14:06:12,SIM-MISSION-01,372,Endurance,23772.6,28.02,66.8,2829.3,118.1,743.92,4.263,105.99,30.42,3.358,27.553,25.72,17.78,75.95,0.882,1,PRE_FAILURE,0,Overheating Failure,CRITICAL_WARNING,0.8597,1185.2,Immediate inspection recommended
2026-09-04T14:06:13,SIM-MISSION-01,373,Endurance,24027.2,29.53,68.15,2833.7,121.54,733.93,4.246,107.65,29.88,3.411,27.532,25.65,17.818,74.38,0.9446,1,PRE_FAILURE,0,Overheating Failure,CRITICAL_WARNING,0.9129,1165.13,Immediate inspection recommended
2026-09-04T14:06:14,SIM-MISSION-01,374,Endurance,23920.8,29.49,68.73,2853.2,121.82,737.13,4.239,107.96,30.45,3.464,27.676,25.55,17.808,73.55,0.9779,1,PRE_FAILURE,0,Overheating Failure,CRITICAL_WARNING,0.9412,1145.07,Immediate inspection recommended
2026-09-04T14:06:15,SIM-MISSION-01,375,Endurance,23993.3,28.69,67.11,2829.9,122.96,740.55,4.203,108.25,30.56,3.387,27.47,25.81,17.782,33.0,1.0,1,FAILURE,1,Overheating Failure,ENGINE_FAILURE,0.96,20.0,Emergency shutdown / maintenance inspection
2026-09-04T14:06:16,SIM-MISSION-01,376,Endurance,23963.1,27.8,68.3,2830.6,122.54,747.92,4.283,109.39,30.64,3.494,27.617,25.68,17.712,33.0,1.0,1,FAILURE,1,Overheating Failure,ENGINE_FAILURE,0.96,18.5,Emergency shutdown / maintenance inspection
2026-09-04T14:06:17,SIM-MISSION-01,377,Endurance,23981.2,27.66,67.77,2807.3,126.88,750.88,4.153,109.9,30.77,3.752,27.555,25.73,17.814,33.0,1.0,1,FAILURE,1,Overheating Failure,ENGINE_FAILURE,0.96,17.0,Emergency shutdown / maintenance inspection
2026-09-04T14:06:18,SIM-MISSION-01,378,Endurance,24079.2,28.37,69.19,2807.0,127.02,753.63,4.249,111.37,31.08,3.707,27.598,25.79,17.764,33.0,1.0,1,FAILURE,1,Overheating Failure,ENGINE_FAILURE,0.96,15.5,Emergency shutdown / maintenance inspection
2026-09-04T14:06:19,SIM-MISSION-01,379,Endurance,23619.8,27.2,66.78,2820.2,128.83,755.73,4.122,112.19,31.41,3.829,27.466,26.22,17.809,33.0,1.0,1,FAILURE,1,Overheating Failure,ENGINE_FAILURE,0.96,14.0,Emergency shutdown / maintenance inspection
2026-09-04T14:06:20,SIM-MISSION-01,380,Endurance,23884.5,28.17,68.26,2799.7,129.9,759.17,4.044,112.3,30.93,3.948,27.62,26.24,17.703,33.0,1.0,1,FAILURE,1,Overheating Failure,ENGINE_FAILURE,0.96,12.5,Emergency shutdown / maintenance inspection
2026-09-04T14:06:21,SIM-MISSION-01,381,Endurance,23895.0,26.71,67.57,2788.3,129.83,757.63,4.112,113.82,31.36,4.041,27.637,25.68,17.789,33.0,1.0,1,FAILURE,1,Overheating Failure,ENGINE_FAILURE,0.96,11.0,Emergency shutdown / maintenance inspection
2026-09-04T14:06:22,SIM-MISSION-01,382,Endurance,23831.7,27.15,66.65,2773.3,132.9,763.64,4.101,113.9,31.41,3.939,27.564,26.17,17.788,33.0,1.0,1,FAILURE,1,Overheating Failure,ENGINE_FAILURE,0.96,9.5,Emergency shutdown / maintenance inspection
2026-09-04T14:06:23,SIM-MISSION-01,383,Endurance,24094.0,28.83,67.25,2810.1,134.75,769.49,3.959,114.2,30.82,4.134,27.705,26.27,17.847,33.0,1.0,1,FAILURE,1,Overheating Failure,ENGINE_FAILURE,0.96,8.0,Emergency shutdown / maintenance inspection
2026-09-04T14:06:24,SIM-MISSION-01,384,Endurance,23739.8,27.58,69.9,2781.7,134.38,777.29,4.104,115.77,31.31,4.307,27.721,26.52,17.802,33.0,1.0,1,FAILURE,1,Overheating Failure,ENGINE_FAILURE,0.96,6.5,Emergency shutdown / maintenance inspection
2026-09-04T14:06:25,SIM-MISSION-01,385,Endurance,24162.2,28.74,69.59,2933.4,89.81,659.44,4.811,87.99,29.1,1.639,27.58,25.86,17.827,95.66,0.0936,0,NORMAL,0,Normal,NORMAL,0.0895,1424.33,No action
2026-09-04T14:06:26,SIM-MISSION-01,386,Endurance,24050.3,27.58,67.47,2917.5,90.98,656.9,4.841,88.07,29.69,1.346,27.504,25.85,17.826,95.76,0.0894,0,NORMAL,0,Normal,NORMAL,0.086,1424.27,No action
2026-09-04T14:06:27,SIM-MISSION-01,387,Endurance,23956.4,29.02,68.68,2928.2,91.71,663.86,4.708,87.49,29.15,1.536,27.54,26.18,17.805,95.17,0.1133,0,NORMAL,0,Normal,NORMAL,0.1063,1424.2,No action
2026-09-04T14:06:28,SIM-MISSION-01,388,Endurance,23998.1,28.38,65.51,2925.6,91.22,664.07,4.706,86.87,28.61,1.618,27.61,25.84,17.749,95.39,0.1045,0,NORMAL,0,Normal,NORMAL,0.0988,1424.13,No action
2026-09-04T14:06:29,SIM-MISSION-01,389,Endurance,24020.4,28.06,67.12,2938.4,91.23,665.33,4.776,89.04,29.15,1.508,27.615,26.64,17.739,95.65,0.0939,0,NORMAL,0,Normal,NORMAL,0.0898,1424.07,No action
2026-09-04T14:06:30,SIM-MISSION-01,390,Endurance,24204.4,26.56,69.59,2955.3,90.84,662.6,4.77,87.24,28.95,1.531,27.653,26.39,17.778,95.87,0.0851,0,NORMAL,0,Normal,NORMAL,0.0823,1424.0,No action
2026-09-04T14:06:31,SIM-MISSION-01,391,Endurance,23974.4,27.93,68.74,2907.1,91.19,658.51,4.733,88.47,28.66,1.624,27.485,26.3,17.84,95.12,0.1151,0,NORMAL,0,Normal,NORMAL,0.1078,1423.93,No action
2026-09-04T14:06:32,SIM-MISSION-01,392,Endurance,23964.1,27.05,69.11,2937.6,90.18,658.88,4.786,87.83,28.9,1.358,27.597,26.07,17.859,95.73,0.0908,0,NORMAL,0,Normal,NORMAL,0.0872,1423.87,No action
2026-09-04T14:06:33,SIM-MISSION-01,393,Endurance,23995.4,27.14,69.22,2906.0,90.5,664.1,4.82,88.38,28.86,1.535,27.637,25.76,17.823,95.72,0.091,0,NORMAL,0,Normal,NORMAL,0.0874,1423.8,No action
2026-09-04T14:06:34,SIM-MISSION-01,394,Endurance,23879.6,28.86,68.58,2943.6,91.32,664.14,4.786,87.39,28.96,1.656,27.725,26.22,17.799,95.11,0.1157,0,NORMAL,0,Normal,NORMAL,0.1084,1423.73,No action
2026-09-04T14:06:35,SIM-MISSION-01,395,Endurance,23779.3,28.44,69.12,2894.3,91.21,662.86,4.817,88.07,29.44,1.52,27.574,25.73,17.81,95.53,0.0986,0,NORMAL,0,Normal,NORMAL,0.0938,1423.67,No action
2026-09-04T14:06:36,SIM-MISSION-01,396,Endurance,23963.9,26.97,70.07,2921.0,90.35,659.16,4.803,87.49,29.1,1.558,27.511,25.2,17.756,95.06,0.1176,0,NORMAL,0,Normal,NORMAL,0.1099,1423.6,No action
2026-09-04T14:06:37,SIM-MISSION-01,397,Endurance,23960.7,28.43,67.69,2934.9,91.55,664.86,4.908,88.3,29.03,1.491,27.612,25.71,17.852,94.92,0.1231,0,NORMAL,0,Normal,NORMAL,0.1146,1423.53,No action
2026-09-04T14:06:38,SIM-MISSION-01,398,Endurance,24000.4,28.23,66.72,2889.7,91.69,656.81,4.876,88.38,28.38,1.443,27.619,25.98,17.897,95.57,0.097,0,NORMAL,0,Normal,NORMAL,0.0925,1423.47,No action
2026-09-04T14:06:39,SIM-MISSION-01,399,Endurance,23887.3,27.85,67.66,2936.7,90.94,653.82,4.892,88.29,28.49,1.498,27.576,26.04,17.84,95.69,0.0925,0,NORMAL,0,Normal,NORMAL,0.0886,1423.4,No action
2026-09-04T14:06:40,SIM-MISSION-01,400,Endurance,24232.2,26.97,68.07,2902.7,91.37,651.59,4.748,88.33,29.58,1.621,27.422,25.43,17.828,95.48,0.101,0,NORMAL,0,Normal,NORMAL,0.0958,1423.33,No action
2026-09-04T14:06:41,SIM-MISSION-01,401,Endurance,23978.9,27.69,69.24,2922.8,91.09,657.71,4.678,87.2,29.52,1.557,27.663,26.17,17.793,95.38,0.1047,0,NORMAL,0,Normal,NORMAL,0.099,1423.27,No action
2026-09-04T14:06:42,SIM-MISSION-01,402,Endurance,23922.0,28.69,64.75,2883.0,91.23,659.29,4.865,87.79,28.69,1.404,27.66,26.73,17.799,95.16,0.1137,0,NORMAL,0,Normal,NORMAL,0.1067,1423.2,No action
2026-09-04T14:06:43,SIM-MISSION-01,403,Endurance,23904.3,28.93,69.37,2902.5,91.56,660.5,4.784,88.74,28.9,1.642,27.553,26.05,17.764,95.75,0.0901,0,NORMAL,0,Normal,NORMAL,0.0866,1423.13,No action
2026-09-04T14:06:44,SIM-MISSION-01,404,Endurance,23949.1,30.24,66.66,2899.9,90.93,656.12,4.797,88.27,29.23,1.494,27.639,25.44,17.803,95.24,0.1104,0,NORMAL,0,Normal,NORMAL,0.1038,1423.07,No action
2026-09-04T14:06:45,SIM-MISSION-01,405,Endurance,24103.6,27.26,68.61,2894.1,91.25,651.12,4.718,88.69,28.76,1.636,27.543,26.17,17.76,95.26,0.1096,0,NORMAL,0,Normal,NORMAL,0.1032,1423.0,No action
2026-09-04T14:06:46,SIM-MISSION-01,406,Endurance,24008.6,27.61,68.23,2863.5,91.42,660.81,4.838,87.16,29.25,1.535,27.515,25.86,17.844,95.45,0.102,0,NORMAL,0,Normal,NORMAL,0.0967,1422.93,No action
2026-09-04T14:06:47,SIM-MISSION-01,407,Endurance,23919.3,27.83,67.29,2910.9,91.01,654.31,4.715,87.62,28.87,1.607,27.395,26.22,17.857,95.04,0.1184,0,NORMAL,0,Normal,NORMAL,0.1106,1422.87,No action
2026-09-04T14:06:48,SIM-MISSION-01,408,Endurance,23983.7,26.95,67.79,2875.2,92.26,664.53,4.865,87.21,29.03,1.46,27.612,26.17,17.868,95.41,0.1035,0,NORMAL,0,Normal,NORMAL,0.098,1422.8,No action
2026-09-04T14:06:49,SIM-MISSION-01,409,Endurance,23971.3,26.86,69.29,2915.8,91.31,665.74,4.85,87.12,28.79,1.605,27.668,26.21,17.8,95.86,0.0854,0,NORMAL,0,Normal,NORMAL,0.0826,1422.73,No action
2026-09-04T14:06:50,SIM-MISSION-01,410,Endurance,23793.2,28.67,67.16,2900.7,91.3,662.82,4.785,86.23,28.73,1.562,27.604,26.27,17.856,95.21,0.1118,0,NORMAL,0,Normal,NORMAL,0.105,1422.67,No action
2026-09-04T14:06:51,SIM-MISSION-01,411,Endurance,23951.0,30.73,68.03,2836.6,91.4,650.91,4.83,89.11,28.94,1.606,27.689,25.19,17.703,95.91,0.0836,0,NORMAL,0,Normal,NORMAL,0.081,1422.6,No action
2026-09-04T14:06:52,SIM-MISSION-01,412,Endurance,23933.3,27.35,70.02,2914.0,91.52,657.33,4.834,88.26,28.95,1.685,27.447,26.48,17.78,95.54,0.0983,0,NORMAL,0,Normal,NORMAL,0.0936,1422.53,No action
2026-09-04T14:06:53,SIM-MISSION-01,413,Endurance,23808.4,28.8,70.01,2880.2,91.31,672.36,4.898,87.99,28.58,1.56,27.649,25.49,17.802,95.66,0.0934,0,NORMAL,0,Normal,NORMAL,0.0894,1422.47,No action
2026-09-04T14:06:54,SIM-MISSION-01,414,Endurance,23987.1,25.93,66.5,2905.7,90.86,660.83,4.874,88.41,28.77,1.526,27.597,26.01,17.862,95.33,0.1068,0,NORMAL,0,Normal,NORMAL,0.1007,1422.4,No action
2026-09-04T14:06:55,SIM-MISSION-01,415,Endurance,23865.4,29.22,67.27,2886.0,91.15,654.93,4.694,88.71,29.62,1.561,27.586,26.24,17.769,95.12,0.1153,0,NORMAL,0,Normal,NORMAL,0.108,1422.33,No action
2026-09-04T14:06:56,SIM-MISSION-01,416,Endurance,24080.9,26.43,68.92,2875.0,92.11,652.6,4.882,87.96,29.24,1.487,27.52,26.37,17.827,95.22,0.1112,0,NORMAL,0,Normal,NORMAL,0.1045,1422.27,No action
2026-09-04T14:06:57,SIM-MISSION-01,417,Endurance,24166.0,28.35,70.65,2860.5,90.76,668.45,4.885,87.4,28.48,1.613,27.652,26.44,17.744,95.4,0.1039,0,NORMAL,0,Normal,NORMAL,0.0983,1422.2,No action
2026-09-04T14:06:58,SIM-MISSION-01,418,Endurance,24011.9,27.27,67.64,2856.3,90.4,665.86,4.606,88.83,29.27,1.498,27.668,25.98,17.736,95.25,0.1099,0,NORMAL,0,Normal,NORMAL,0.1034,1422.13,No action
2026-09-04T14:06:59,SIM-MISSION-01,419,Endurance,24127.9,26.27,68.0,2876.4,91.65,665.2,4.816,89.11,28.76,1.517,27.485,25.99,17.804,95.99,0.0806,0,NORMAL,0,Normal,NORMAL,0.0785,1422.07,No action
2026-09-04T14:07:00,SIM-MISSION-01,420,Endurance,23867.8,26.61,67.4,2840.1,88.57,664.33,4.85,87.87,29.12,1.448,27.511,25.7,17.817,95.43,0.1027,0,NORMAL,0,Normal,NORMAL,0.0973,1422.0,No action
2026-09-04T14:07:01,SIM-MISSION-01,421,Endurance,23947.5,28.32,66.55,2865.7,91.24,661.82,4.761,88.2,28.44,1.46,27.627,25.71,17.737,94.86,0.1258,0,NORMAL,0,Normal,NORMAL,0.1169,1421.93,No action
2026-09-04T14:07:02,SIM-MISSION-01,422,Endurance,24095.2,29.0,68.9,2851.5,93.01,659.63,4.866,88.7,29.16,1.553,27.477,26.18,17.915,94.69,0.1323,0,NORMAL,0,Normal,NORMAL,0.1224,1421.87,No action
2026-09-04T14:07:03,SIM-MISSION-01,423,Endurance,24076.9,28.08,67.21,2843.8,90.93,662.21,4.873,87.3,28.5,1.545,27.595,26.16,17.891,94.76,0.1298,0,NORMAL,0,Normal,NORMAL,0.1203,1421.8,No action
2026-09-04T14:07:04,SIM-MISSION-01,424,Endurance,24067.0,29.38,66.75,2816.6,92.27,667.54,4.833,88.41,28.86,1.395,27.538,25.56,17.731,95.71,0.0915,0,NORMAL,0,Normal,NORMAL,0.0878,1421.73,No action
2026-09-04T14:07:05,SIM-MISSION-01,425,Endurance,23944.4,28.18,70.36,2844.1,91.68,658.65,4.782,88.26,28.78,1.571,27.561,25.73,17.766,95.4,0.1039,0,NORMAL,0,Normal,NORMAL,0.0983,1421.67,No action
2026-09-04T14:07:06,SIM-MISSION-01,426,Endurance,24023.8,29.54,69.68,2830.2,90.61,658.51,4.696,87.88,29.15,1.571,27.587,26.32,17.757,95.13,0.1148,0,NORMAL,0,Normal,NORMAL,0.1075,1421.6,No action
2026-09-04T14:07:07,SIM-MISSION-01,427,Endurance,23997.3,25.83,67.81,2827.3,91.19,659.37,4.753,87.76,29.14,1.582,27.651,25.79,17.794,95.75,0.0899,0,NORMAL,0,Normal,NORMAL,0.0864,1421.53,No action
2026-09-04T14:07:08,SIM-MISSION-01,428,Endurance,23961.9,27.51,66.84,2817.6,90.59,658.42,4.838,87.6,29.59,1.43,27.747,25.71,17.741,95.74,0.0903,0,NORMAL,0,Normal,NORMAL,0.0868,1421.47,No action
2026-09-04T14:07:09,SIM-MISSION-01,429,Endurance,24086.0,27.53,69.8,2847.9,91.61,655.64,4.873,88.16,28.99,1.616,27.591,26.43,17.738,95.69,0.0925,0,NORMAL,0,Normal,NORMAL,0.0887,1421.4,No action
2026-09-04T14:07:10,SIM-MISSION-01,430,Endurance,23899.9,27.27,67.21,2870.0,91.29,662.94,4.735,86.95,29.08,1.671,27.612,25.55,17.885,95.22,0.1112,0,NORMAL,0,Normal,NORMAL,0.1045,1421.33,No action
2026-09-04T14:07:11,SIM-MISSION-01,431,Endurance,24094.9,28.54,67.78,2840.3,88.87,655.93,4.773,87.7,28.42,1.636,27.579,25.94,17.703,95.28,0.1088,0,NORMAL,0,Normal,NORMAL,0.1025,1421.27,No action
2026-09-04T14:07:12,SIM-MISSION-01,432,Endurance,24070.1,27.01,66.5,2829.7,90.76,660.41,4.835,87.79,28.9,1.574,27.573,26.05,17.802,94.97,0.1212,0,NORMAL,0,Normal,NORMAL,0.113,1421.2,No action
2026-09-04T14:07:13,SIM-MISSION-01,433,Endurance,23866.6,28.81,65.85,2809.6,90.54,657.26,4.736,88.09,28.85,1.467,27.714,25.87,17.811,95.95,0.082,0,NORMAL,0,Normal,NORMAL,0.0797,1421.13,No action
2026-09-04T14:07:14,SIM-MISSION-01,434,Endurance,24086.4,28.74,68.09,2840.3,90.72,658.36,4.812,87.32,28.87,1.616,27.52,26.16,17.789,95.6,0.096,0,NORMAL,0,Normal,NORMAL,0.0916,1421.07,No action
2026-09-04T14:07:15,SIM-MISSION-01,435,Endurance,24033.4,27.7,67.39,2834.4,89.61,660.0,4.863,87.22,28.43,1.523,27.654,25.59,17.81,95.56,0.0976,0,NORMAL,0,Normal,NORMAL,0.0929,1421.0,No action
2026-09-04T14:07:16,SIM-MISSION-01,436,Endurance,23937.2,27.53,68.47,2810.2,91.03,665.6,4.828,88.4,28.64,1.5,27.486,26.24,17.844,95.25,0.1099,0,NORMAL,0,Normal,NORMAL,0.1034,1420.93,No action
2026-09-04T14:07:17,SIM-MISSION-01,437,Endurance,24154.4,28.94,67.43,2843.5,90.6,663.62,4.892,87.13,28.66,1.676,27.671,26.43,17.879,94.78,0.1286,0,NORMAL,0,Normal,NORMAL,0.1193,1420.87,No action
2026-09-04T14:07:18,SIM-MISSION-01,438,Endurance,24072.2,26.41,64.85,2824.6,90.66,656.69,4.711,87.37,28.71,1.559,27.539,25.46,17.805,95.65,0.0938,0,NORMAL,0,Normal,NORMAL,0.0897,1420.8,No action
2026-09-04T14:07:19,SIM-MISSION-01,439,Endurance,24044.1,26.18,68.76,2792.0,90.89,664.98,4.788,87.63,29.06,1.405,27.474,26.18,17.836,95.48,0.1008,0,NORMAL,0,Normal,NORMAL,0.0957,1420.73,No action
2026-09-04T14:07:20,SIM-MISSION-01,440,Endurance,24099.9,26.67,70.95,2792.2,90.62,663.53,4.807,87.97,28.58,1.554,27.624,26.15,17.79,95.96,0.0817,0,NORMAL,0,Normal,NORMAL,0.0794,1420.67,No action
2026-09-04T14:07:21,SIM-MISSION-01,441,Endurance,23970.8,28.95,71.54,2786.8,91.53,658.2,4.752,87.99,29.87,1.498,27.57,26.36,17.77,95.99,0.0804,0,NORMAL,0,Normal,NORMAL,0.0783,1420.6,No action
2026-09-04T14:07:22,SIM-MISSION-01,442,Endurance,24132.9,28.03,67.62,2806.2,90.58,654.26,4.79,88.58,28.9,1.468,27.704,26.25,17.827,95.83,0.0867,0,NORMAL,0,Normal,NORMAL,0.0837,1420.53,No action
2026-09-04T14:07:23,SIM-MISSION-01,443,Endurance,23981.0,28.57,67.9,2801.0,90.83,661.39,4.848,87.96,28.85,1.457,27.575,25.92,17.814,95.72,0.0913,0,NORMAL,0,Normal,NORMAL,0.0876,1420.47,No action
2026-09-04T14:07:24,SIM-MISSION-01,444,Endurance,24095.8,27.48,69.98,2804.4,90.82,658.83,4.777,88.21,29.2,1.523,27.581,26.1,17.835,96.01,0.0795,0,NORMAL,0,Normal,NORMAL,0.0776,1420.4,No action
2026-09-04T14:07:25,SIM-MISSION-01,445,Endurance,23864.5,26.81,65.78,2816.7,91.69,667.13,4.768,88.68,28.15,1.551,27.423,25.78,17.742,95.52,0.099,0,NORMAL,0,Normal,NORMAL,0.0942,1420.33,No action
2026-09-04T14:07:26,SIM-MISSION-01,446,Endurance,24263.0,27.59,69.7,2786.6,90.55,661.83,4.771,87.32,28.39,1.591,27.618,26.17,17.764,95.31,0.1074,0,NORMAL,0,Normal,NORMAL,0.1013,1420.27,No action
2026-09-04T14:07:27,SIM-MISSION-01,447,Endurance,24001.7,28.64,66.88,2816.8,92.24,658.88,4.796,87.62,28.89,1.61,27.612,25.67,17.92,95.09,0.1166,0,NORMAL,0,Normal,NORMAL,0.1091,1420.2,No action
2026-09-04T14:07:28,SIM-MISSION-01,448,Endurance,23961.6,28.05,65.57,2810.1,91.61,663.04,4.901,87.51,28.54,1.417,27.436,26.14,17.712,95.42,0.1031,0,NORMAL,0,Normal,NORMAL,0.0976,1420.13,No action
2026-09-04T14:07:29,SIM-MISSION-01,449,Endurance,23875.4,28.81,69.27,2743.5,89.95,653.72,4.795,87.93,29.12,1.642,27.87,25.83,17.832,95.56,0.0976,0,NORMAL,0,Normal,NORMAL,0.093,1420.07,No action
2026-09-04T14:07:30,SIM-MISSION-01,450,Endurance,23973.1,27.89,69.91,2812.3,91.4,656.94,4.665,87.24,29.4,1.641,27.516,26.06,17.862,95.86,0.0856,0,NORMAL,0,Normal,NORMAL,0.0827,1420.0,No action
2026-09-04T14:07:31,SIM-MISSION-01,451,Endurance,23968.5,27.16,68.38,2771.0,92.35,652.83,4.822,88.69,29.15,1.607,27.419,26.01,17.813,96.0,0.0799,0,NORMAL,0,Normal,NORMAL,0.0779,1419.93,No action
2026-09-04T14:07:32,SIM-MISSION-01,452,Endurance,24035.8,27.81,65.2,2819.2,90.46,659.38,4.788,87.84,29.58,1.664,27.629,25.9,17.777,95.48,0.1009,0,NORMAL,0,Normal,NORMAL,0.0958,1419.87,No action
2026-09-04T14:07:33,SIM-MISSION-01,453,Endurance,24048.6,28.13,69.36,2771.4,91.94,663.03,4.809,89.09,29.09,1.695,27.585,26.05,17.77,95.68,0.0928,0,NORMAL,0,Normal,NORMAL,0.0889,1419.8,No action
2026-09-04T14:07:34,SIM-MISSION-01,454,Endurance,24093.4,28.27,68.8,2773.5,92.76,664.37,4.786,88.6,29.12,1.516,27.747,26.25,17.831,95.24,0.1103,0,NORMAL,0,Normal,NORMAL,0.1037,1419.73,No action
2026-09-04T14:07:35,SIM-MISSION-01,455,Endurance,23759.8,29.9,66.51,2791.0,91.12,654.12,4.791,88.87,29.55,1.569,27.539,26.31,17.762,96.01,0.0796,0,NORMAL,0,Normal,NORMAL,0.0777,1419.67,No action
2026-09-04T14:07:36,SIM-MISSION-01,456,Endurance,24108.6,28.23,67.91,2786.3,88.75,656.83,4.699,88.61,28.78,1.49,27.651,26.48,17.761,95.87,0.0853,0,NORMAL,0,Normal,NORMAL,0.0825,1419.6,No action
2026-09-04T14:07:37,SIM-MISSION-01,457,Endurance,23801.2,27.68,67.82,2785.4,90.34,665.82,4.781,88.8,29.42,1.457,27.583,26.07,17.745,95.39,0.1045,0,NORMAL,0,Normal,NORMAL,0.0988,1419.53,No action
2026-09-04T14:07:38,SIM-MISSION-01,458,Endurance,24129.2,29.27,70.56,2787.6,90.62,657.58,4.715,88.0,29.06,1.54,27.706,26.0,17.778,95.25,0.1101,0,NORMAL,0,Normal,NORMAL,0.1036,1419.47,No action
2026-09-04T14:07:39,SIM-MISSION-01,459,Endurance,23841.1,28.73,67.88,2769.5,90.22,666.53,4.686,87.63,29.55,1.497,27.659,25.76,17.918,95.2,0.1121,0,NORMAL,0,Normal,NORMAL,0.1053,1419.4,No action
2026-09-04T14:07:40,SIM-MISSION-01,460,Endurance,24003.2,27.87,66.96,2792.2,90.64,662.73,4.788,88.28,28.83,1.514,27.502,26.13,17.79,94.88,0.1246,0,NORMAL,0,Normal,NORMAL,0.1159,1419.33,No action
2026-09-04T14:07:41,SIM-MISSION-01,461,Endurance,23972.4,27.77,67.04,2762.6,91.75,660.65,4.751,87.83,29.21,1.559,27.694,26.31,17.91,95.51,0.0995,0,NORMAL,0,Normal,NORMAL,0.0946,1419.27,No action
2026-09-04T14:07:42,SIM-MISSION-01,462,Endurance,24087.8,29.36,68.77,2777.0,90.73,663.63,4.727,88.05,29.22,1.631,27.6,26.1,17.804,95.56,0.0977,0,NORMAL,0,Normal,NORMAL,0.093,1419.2,No action
2026-09-04T14:07:43,SIM-MISSION-01,463,Endurance,23976.8,28.05,69.87,2815.8,90.75,663.44,4.818,88.31,28.86,1.562,27.647,26.02,17.782,95.44,0.1024,0,NORMAL,0,Normal,NORMAL,0.097,1419.13,No action
2026-09-04T14:07:44,SIM-MISSION-01,464,Endurance,23951.6,26.38,68.29,2768.9,90.43,662.19,4.788,87.16,29.36,1.525,27.488,25.98,17.766,95.94,0.0826,0,NORMAL,0,Normal,NORMAL,0.0802,1419.07,No action
2026-09-04T14:07:45,SIM-MISSION-01,465,Endurance,24253.8,29.07,68.33,2743.9,91.07,657.73,4.89,87.49,29.05,1.448,27.717,26.01,17.724,95.69,0.0926,0,NORMAL,0,Normal,NORMAL,0.0887,1419.0,No action
2026-09-04T14:07:46,SIM-MISSION-01,466,Endurance,24228.7,28.29,67.47,2754.2,91.56,661.88,4.779,87.77,28.91,1.473,27.623,25.85,17.795,95.77,0.0893,0,NORMAL,0,Normal,NORMAL,0.0859,1418.93,No action
2026-09-04T14:07:47,SIM-MISSION-01,467,Endurance,23828.2,29.01,67.88,2781.8,93.13,659.85,4.758,86.82,28.51,1.6,27.491,25.39,17.802,94.88,0.125,0,NORMAL,0,Normal,NORMAL,0.1162,1418.87,No action
2026-09-04T14:07:48,SIM-MISSION-01,468,Endurance,23900.8,28.78,66.6,2721.3,92.01,661.12,4.744,88.85,29.06,1.597,27.603,26.34,17.833,95.82,0.0871,0,NORMAL,0,Normal,NORMAL,0.084,1418.8,No action
2026-09-04T14:07:49,SIM-MISSION-01,469,Endurance,24037.4,28.38,71.77,2778.2,91.23,659.13,4.766,88.24,29.29,1.612,27.73,26.51,17.782,94.94,0.1225,0,NORMAL,0,Normal,NORMAL,0.1141,1418.73,No action
2026-09-04T14:07:50,SIM-MISSION-01,470,Endurance,23904.7,27.06,67.09,2776.0,90.6,657.41,4.804,87.76,28.02,1.601,27.451,26.1,17.783,95.21,0.1115,0,NORMAL,0,Normal,NORMAL,0.1048,1418.67,No action
2026-09-04T14:07:51,SIM-MISSION-01,471,Endurance,24192.1,27.0,69.07,2769.8,91.18,657.28,4.755,87.5,29.12,1.585,27.665,25.97,17.756,94.52,0.1392,0,NORMAL,0,Normal,NORMAL,0.1283,1418.6,No action
2026-09-04T14:07:52,SIM-MISSION-01,472,Endurance,23983.7,27.59,68.16,2777.8,90.91,659.62,4.785,87.44,28.48,1.586,27.52,25.84,17.781,95.66,0.0937,0,NORMAL,0,Normal,NORMAL,0.0896,1418.53,No action
2026-09-04T14:07:53,SIM-MISSION-01,473,Endurance,24162.9,26.51,70.24,2766.8,91.29,665.86,4.834,87.61,29.2,1.624,27.557,25.84,17.69,95.44,0.1025,0,NORMAL,0,Normal,NORMAL,0.0971,1418.47,No action
2026-09-04T14:07:54,SIM-MISSION-01,474,Endurance,23992.6,28.25,67.47,2714.5,91.26,656.77,4.811,87.48,29.29,1.526,27.589,26.15,17.779,95.03,0.1189,0,NORMAL,0,Normal,NORMAL,0.1111,1418.4,No action
2026-09-04T14:07:55,SIM-MISSION-01,475,Endurance,24024.8,28.48,66.5,2770.0,91.11,662.16,4.915,88.78,28.53,1.379,27.534,25.31,17.668,95.84,0.0862,0,NORMAL,0,Normal,NORMAL,0.0833,1418.33,No action
2026-09-04T14:07:56,SIM-MISSION-01,476,Endurance,24228.3,28.48,70.34,2802.2,90.46,657.71,4.815,88.78,28.92,1.481,27.39,26.26,17.79,94.82,0.1273,0,NORMAL,0,Normal,NORMAL,0.1182,1418.27,No action
2026-09-04T14:07:57,SIM-MISSION-01,477,Endurance,23848.9,29.21,66.54,2775.6,89.96,661.78,4.78,88.73,28.82,1.533,27.536,26.55,17.807,95.64,0.0944,0,NORMAL,0,Normal,NORMAL,0.0903,1418.2,No action
2026-09-04T14:07:58,SIM-MISSION-01,478,Endurance,24130.1,28.4,69.2,2781.5,91.13,661.22,4.715,89.09,28.99,1.713,27.555,26.14,17.844,95.54,0.0985,0,NORMAL,0,Normal,NORMAL,0.0937,1418.13,No action
2026-09-04T14:07:59,SIM-MISSION-01,479,Endurance,24081.4,27.17,69.02,2756.8,90.19,665.13,4.803,88.34,28.98,1.578,27.572,26.77,17.891,95.39,0.1044,0,NORMAL,0,Normal,NORMAL,0.0987,1418.07,No action
2026-09-04T14:08:00,SIM-MISSION-01,480,Endurance,23970.1,26.69,67.87,2767.5,90.94,658.38,4.76,87.54,29.17,1.552,27.538,26.13,17.807,94.96,0.1217,0,NORMAL,0,Normal,NORMAL,0.1134,1418.0,No action
2026-09-04T14:08:01,SIM-MISSION-01,481,Endurance,23859.4,27.92,67.4,2757.8,90.22,663.32,4.834,87.79,29.18,1.519,27.564,25.48,17.698,94.85,0.126,0,NORMAL,0,Normal,NORMAL,0.1171,1417.93,No action
2026-09-04T14:08:02,SIM-MISSION-01,482,Endurance,23883.2,27.6,69.1,2741.1,91.41,656.77,4.794,88.28,28.83,1.538,27.583,26.15,17.831,95.34,0.1063,0,NORMAL,0,Normal,NORMAL,0.1004,1417.87,No action
2026-09-04T14:08:03,SIM-MISSION-01,483,Endurance,24047.5,27.89,67.39,2763.4,91.03,663.37,4.726,87.39,28.71,1.573,27.55,25.74,17.816,95.9,0.0841,0,NORMAL,0,Normal,NORMAL,0.0815,1417.8,No action
2026-09-04T14:08:04,SIM-MISSION-01,484,Endurance,23852.5,28.65,69.86,2762.1,91.43,657.64,4.782,87.9,29.22,1.546,27.68,25.84,17.799,96.01,0.0796,0,NORMAL,0,Normal,NORMAL,0.0777,1417.73,No action
2026-09-04T14:08:05,SIM-MISSION-01,485,Endurance,23849.7,27.44,69.4,2766.6,91.74,663.19,4.859,87.66,29.0,1.592,27.506,25.63,17.771,95.23,0.1107,0,NORMAL,0,Normal,NORMAL,0.1041,1417.67,No action
2026-09-04T14:08:06,SIM-MISSION-01,486,Endurance,23947.3,29.34,68.47,2741.0,91.04,660.69,4.799,87.37,29.36,1.628,27.519,25.95,17.85,95.34,0.1064,0,NORMAL,0,Normal,NORMAL,0.1005,1417.6,No action
2026-09-04T14:08:07,SIM-MISSION-01,487,Endurance,23809.0,27.63,67.35,2730.5,91.69,666.68,4.756,88.88,29.27,1.5,27.611,26.4,17.778,96.53,0.059,0,NORMAL,0,Normal,NORMAL,0.0601,1417.53,No action
2026-09-04T14:08:08,SIM-MISSION-01,488,Endurance,23950.0,27.97,69.39,2748.4,91.44,663.3,4.912,88.46,29.97,1.608,27.703,25.77,17.822,95.16,0.1138,0,NORMAL,0,Normal,NORMAL,0.1067,1417.47,No action
2026-09-04T14:08:09,SIM-MISSION-01,489,Endurance,23917.0,28.89,65.7,2727.0,91.27,656.03,4.856,88.18,29.24,1.596,27.635,26.24,17.804,95.04,0.1184,0,NORMAL,0,Normal,NORMAL,0.1106,1417.4,No action
2026-09-04T14:08:10,SIM-MISSION-01,490,Endurance,23907.3,26.36,68.36,2761.2,91.3,660.66,4.817,88.14,29.01,1.541,27.624,26.18,17.78,95.98,0.0809,0,NORMAL,0,Normal,NORMAL,0.0788,1417.33,No action
2026-09-04T14:08:11,SIM-MISSION-01,491,Endurance,23971.6,28.39,70.99,2745.4,91.29,662.68,4.723,88.55,28.66,1.519,27.562,26.45,17.808,95.15,0.1141,0,NORMAL,0,Normal,NORMAL,0.107,1417.27,No action
2026-09-04T14:08:12,SIM-MISSION-01,492,Endurance,23930.0,31.39,66.1,2776.1,90.35,658.2,4.798,87.79,28.92,1.68,27.612,25.91,17.782,95.21,0.1116,0,NORMAL,0,Normal,NORMAL,0.1049,1417.2,No action
2026-09-04T14:08:13,SIM-MISSION-01,493,Endurance,23860.2,26.48,68.03,2759.0,90.57,655.43,4.774,88.27,28.81,1.599,27.653,26.16,17.825,95.73,0.0908,0,NORMAL,0,Normal,NORMAL,0.0872,1417.13,No action
2026-09-04T14:08:14,SIM-MISSION-01,494,Endurance,24048.7,28.24,66.23,2741.6,91.51,659.99,4.741,88.61,28.68,1.462,27.526,25.81,17.796,96.07,0.077,0,NORMAL,0,Normal,NORMAL,0.0755,1417.07,No action
2026-09-04T14:08:15,SIM-MISSION-01,495,Endurance,23974.5,28.41,66.33,2758.9,91.57,660.17,4.901,87.86,28.98,1.648,27.629,25.95,17.799,95.27,0.1093,0,NORMAL,0,Normal,NORMAL,0.1029,1417.0,No action
2026-09-04T14:08:16,SIM-MISSION-01,496,Endurance,24218.0,28.26,67.73,2775.0,91.58,660.98,4.822,88.08,29.56,1.407,27.566,25.77,17.82,95.47,0.1014,0,NORMAL,0,Normal,NORMAL,0.0962,1416.93,No action
2026-09-04T14:08:17,SIM-MISSION-01,497,Endurance,24043.8,28.97,67.69,2766.3,90.7,657.44,4.743,88.95,28.64,1.515,27.774,26.11,17.802,95.9,0.0839,0,NORMAL,0,Normal,NORMAL,0.0813,1416.87,No action
2026-09-04T14:08:18,SIM-MISSION-01,498,Endurance,23969.1,28.44,69.87,2733.6,90.64,666.28,4.78,88.5,29.76,1.486,27.595,25.75,17.695,95.28,0.1087,0,NORMAL,0,Normal,NORMAL,0.1024,1416.8,No action
2026-09-04T14:08:19,SIM-MISSION-01,499,Endurance,23843.9,27.15,70.36,2739.5,89.92,657.63,4.758,87.34,29.35,1.486,27.517,26.05,17.822,95.4,0.1039,0,NORMAL,0,Normal,NORMAL,0.0983,1416.73,No action
2026-09-04T14:08:20,SIM-MISSION-01,500,Endurance,23806.0,27.75,68.85,2768.6,90.5,661.79,4.906,87.02,28.5,1.534,27.597,26.25,17.723,95.59,0.0964,0,NORMAL,0,Normal,NORMAL,0.0919,1416.67,No action
2026-09-04T14:08:21,SIM-MISSION-01,501,Endurance,23945.8,26.25,65.56,2760.0,92.36,657.56,4.84,87.11,29.35,1.556,27.719,25.61,17.745,94.87,0.1253,0,NORMAL,0,Normal,NORMAL,0.1165,1416.6,No action
2026-09-04T14:08:22,SIM-MISSION-01,502,Endurance,23887.9,27.62,67.65,2736.9,91.63,662.4,4.824,87.1,28.94,1.397,27.484,26.17,17.842,96.16,0.0737,0,NORMAL,0,Normal,NORMAL,0.0726,1416.53,No action
2026-09-04T14:08:23,SIM-MISSION-01,503,Endurance,23909.1,27.43,69.44,2781.8,90.49,654.33,4.731,87.41,28.81,1.529,27.752,25.83,17.696,95.79,0.0885,0,NORMAL,0,Normal,NORMAL,0.0852,1416.47,No action
2026-09-04T14:08:24,SIM-MISSION-01,504,Endurance,24131.3,29.54,66.21,2757.7,91.08,661.7,4.779,88.02,28.63,1.466,27.551,25.86,17.716,95.06,0.1174,0,NORMAL,0,Normal,NORMAL,0.1098,1416.4,No action
2026-09-04T14:08:25,SIM-MISSION-01,505,Endurance,24258.3,28.49,67.91,2774.2,91.66,666.56,4.836,87.76,28.89,1.573,27.631,25.95,17.783,95.79,0.0882,0,NORMAL,0,Normal,NORMAL,0.085,1416.33,No action
2026-09-04T14:08:26,SIM-MISSION-01,506,Endurance,23848.8,28.01,67.94,2714.3,91.67,656.79,4.787,88.0,29.3,1.547,27.622,25.96,17.912,95.82,0.0871,0,NORMAL,0,Normal,NORMAL,0.084,1416.27,No action
2026-09-04T14:08:27,SIM-MISSION-01,507,Endurance,23849.4,29.28,66.99,2745.0,91.14,661.71,4.733,88.05,28.76,1.496,27.527,25.93,17.766,95.63,0.0949,0,NORMAL,0,Normal,NORMAL,0.0906,1416.2,No action
2026-09-04T14:08:28,SIM-MISSION-01,508,Endurance,24064.1,28.51,66.83,2766.5,90.71,661.16,4.746,88.07,28.48,1.545,27.609,25.89,17.835,95.46,0.1018,0,NORMAL,0,Normal,NORMAL,0.0965,1416.13,No action
2026-09-04T14:08:29,SIM-MISSION-01,509,Endurance,23933.5,28.17,69.24,2754.4,92.28,663.04,4.838,87.51,29.03,1.508,27.758,26.11,17.763,95.1,0.1159,0,NORMAL,0,Normal,NORMAL,0.1086,1416.07,No action
2026-09-04T14:08:30,SIM-MISSION-01,510,Endurance,23975.1,27.51,65.04,2803.8,91.03,661.37,4.981,87.99,28.6,1.477,27.611,26.23,17.758,95.29,0.1082,0,NORMAL,0,Normal,NORMAL,0.102,1416.0,No action
2026-09-04T14:08:31,SIM-MISSION-01,511,Endurance,24017.0,28.35,69.44,2739.2,91.86,659.34,4.723,87.32,28.84,1.437,27.559,26.33,17.841,95.15,0.1141,0,NORMAL,0,Normal,NORMAL,0.107,1415.93,No action
2026-09-04T14:08:32,SIM-MISSION-01,512,Endurance,23902.3,28.31,67.05,2723.5,91.58,662.41,4.813,88.15,28.63,1.513,27.478,25.86,17.787,95.08,0.1168,0,NORMAL,0,Normal,NORMAL,0.1092,1415.87,No action
2026-09-04T14:08:33,SIM-MISSION-01,513,Endurance,23853.2,26.85,68.25,2761.9,90.86,662.14,4.822,87.74,29.44,1.539,27.648,25.7,17.756,94.66,0.1335,0,NORMAL,0,Normal,NORMAL,0.1235,1415.8,No action
2026-09-04T14:08:34,SIM-MISSION-01,514,Endurance,24024.0,27.89,68.27,2744.1,90.66,660.25,4.86,87.89,29.2,1.552,27.556,25.86,17.824,95.02,0.1193,0,NORMAL,0,Normal,NORMAL,0.1114,1415.73,No action
2026-09-04T14:08:35,SIM-MISSION-01,515,Endurance,23925.6,29.09,68.41,2738.1,90.42,661.47,4.819,89.13,28.8,1.601,27.596,25.41,17.745,95.62,0.0952,0,NORMAL,0,Normal,NORMAL,0.0909,1415.67,No action
2026-09-04T14:08:36,SIM-MISSION-01,516,Endurance,23894.7,27.12,66.94,2757.1,91.24,663.05,4.775,88.46,28.67,1.453,27.688,26.38,17.836,95.61,0.0954,0,NORMAL,0,Normal,NORMAL,0.0911,1415.6,No action
2026-09-04T14:08:37,SIM-MISSION-01,517,Endurance,24005.9,24.99,68.78,2764.9,90.65,664.55,4.711,87.66,28.6,1.451,27.746,26.46,17.821,95.28,0.1089,0,NORMAL,0,Normal,NORMAL,0.1026,1415.53,No action
2026-09-04T14:08:38,SIM-MISSION-01,518,Endurance,24214.4,28.12,67.61,2719.5,91.44,650.07,4.882,88.55,29.1,1.578,27.654,25.82,17.889,95.84,0.0864,0,NORMAL,0,Normal,NORMAL,0.0835,1415.47,No action
2026-09-04T14:08:39,SIM-MISSION-01,519,Endurance,23844.0,28.0,65.5,2770.4,91.92,668.51,4.797,88.07,28.52,1.551,27.73,25.77,17.755,95.97,0.081,0,NORMAL,0,Normal,NORMAL,0.0789,1415.4,No action
2026-09-04T14:08:40,SIM-MISSION-01,520,Endurance,24069.1,26.23,65.8,2770.6,89.41,661.63,4.875,88.57,28.74,1.614,27.559,25.67,17.731,95.63,0.0949,0,NORMAL,0,Normal,NORMAL,0.0907,1415.33,No action
2026-09-04T14:08:41,SIM-MISSION-01,521,Endurance,24048.8,28.32,70.0,2726.8,91.91,656.22,4.93,88.26,28.51,1.622,27.679,25.49,17.787,96.07,0.0773,0,NORMAL,0,Normal,NORMAL,0.0757,1415.27,No action
2026-09-04T14:08:42,SIM-MISSION-01,522,Endurance,24023.2,28.12,67.41,2805.7,92.02,658.38,4.715,87.75,29.03,1.547,27.564,25.71,17.862,95.78,0.0888,0,NORMAL,0,Normal,NORMAL,0.0855,1415.2,No action
2026-09-04T14:08:43,SIM-MISSION-01,523,Endurance,24001.4,27.7,66.17,2768.4,91.93,655.95,4.815,88.69,28.84,1.561,27.651,26.15,17.8,95.83,0.0866,0,NORMAL,0,Normal,NORMAL,0.0836,1415.13,No action
2026-09-04T14:08:44,SIM-MISSION-01,524,Endurance,24119.4,28.04,66.55,2764.2,90.58,653.16,4.836,87.27,29.54,1.769,27.662,26.14,17.769,95.65,0.094,0,NORMAL,0,Normal,NORMAL,0.0899,1415.07,No action
2026-09-04T14:08:45,SIM-MISSION-01,525,Endurance,23844.0,26.94,66.84,2739.8,91.63,658.04,4.849,88.01,28.73,1.514,27.658,25.83,17.866,94.97,0.1212,0,NORMAL,0,Normal,NORMAL,0.113,1415.0,No action
2026-09-04T14:08:46,SIM-MISSION-01,526,Endurance,24070.4,27.63,64.36,2784.8,92.18,658.84,4.847,87.36,28.65,1.552,27.768,25.92,17.721,95.53,0.0987,0,NORMAL,0,Normal,NORMAL,0.0939,1414.93,No action
2026-09-04T14:08:47,SIM-MISSION-01,527,Endurance,24048.5,29.32,67.19,2777.5,90.37,664.86,4.828,87.02,28.78,1.643,27.595,25.29,17.779,96.52,0.0592,0,NORMAL,0,Normal,NORMAL,0.0603,1414.87,No action
2026-09-04T14:08:48,SIM-MISSION-01,528,Endurance,23891.9,26.53,68.03,2764.1,90.25,658.87,4.768,87.9,29.15,1.419,27.567,26.54,17.789,95.41,0.1037,0,NORMAL,0,Normal,NORMAL,0.0982,1414.8,No action
2026-09-04T14:08:49,SIM-MISSION-01,529,Endurance,24143.1,28.6,68.02,2820.7,90.95,655.63,4.847,87.66,28.65,1.502,27.485,25.67,17.84,95.64,0.0945,0,NORMAL,0,Normal,NORMAL,0.0903,1414.73,No action
2026-09-04T14:08:50,SIM-MISSION-01,530,Endurance,24076.4,27.35,66.93,2769.2,89.75,657.48,4.87,87.29,29.71,1.525,27.485,25.84,17.866,95.37,0.1052,0,NORMAL,0,Normal,NORMAL,0.0994,1414.67,No action
2026-09-04T14:08:51,SIM-MISSION-01,531,Endurance,24124.4,26.78,64.83,2799.6,92.05,662.77,4.69,88.15,29.22,1.614,27.738,26.06,17.798,95.96,0.0814,0,NORMAL,0,Normal,NORMAL,0.0792,1414.6,No action
2026-09-04T14:08:52,SIM-MISSION-01,532,Endurance,23977.1,28.72,63.14,2775.9,89.6,658.52,4.722,88.27,28.94,1.571,27.471,25.91,17.838,95.76,0.0895,0,NORMAL,0,Normal,NORMAL,0.086,1414.53,No action
2026-09-04T14:08:53,SIM-MISSION-01,533,Endurance,23955.4,27.97,66.2,2793.9,91.42,660.96,4.841,87.82,28.93,1.449,27.576,25.9,17.872,95.44,0.1026,0,NORMAL,0,Normal,NORMAL,0.0972,1414.47,No action
2026-09-04T14:08:54,SIM-MISSION-01,534,Endurance,23822.5,28.22,66.11,2805.4,90.88,656.02,4.802,88.62,29.09,1.6,27.486,26.26,17.773,95.4,0.1039,0,NORMAL,0,Normal,NORMAL,0.0983,1414.4,No action
2026-09-04T14:08:55,SIM-MISSION-01,535,Endurance,24020.0,27.76,67.24,2817.8,90.52,656.27,4.863,88.42,29.28,1.394,27.529,26.54,17.757,95.47,0.1011,0,NORMAL,0,Normal,NORMAL,0.0959,1414.33,No action
2026-09-04T14:08:56,SIM-MISSION-01,536,Endurance,23883.1,29.47,67.17,2736.0,91.39,655.17,4.854,88.83,28.6,1.557,27.726,26.5,17.846,95.36,0.1057,0,NORMAL,0,Normal,NORMAL,0.0998,1414.27,No action
2026-09-04T14:08:57,SIM-MISSION-01,537,Endurance,23910.1,28.55,67.38,2797.3,92.09,649.84,4.764,87.61,28.85,1.447,27.634,25.73,17.891,95.69,0.0924,0,NORMAL,0,Normal,NORMAL,0.0885,1414.2,No action
2026-09-04T14:08:58,SIM-MISSION-01,538,Endurance,23978.5,28.59,67.59,2798.6,90.2,647.8,4.776,87.39,28.99,1.477,27.621,25.64,17.811,95.16,0.1138,0,NORMAL,0,Normal,NORMAL,0.1067,1414.13,No action
2026-09-04T14:08:59,SIM-MISSION-01,539,Endurance,23970.6,29.0,68.36,2787.8,90.81,657.11,4.72,88.1,28.98,1.673,27.634,26.55,17.895,95.89,0.0845,0,NORMAL,0,Normal,NORMAL,0.0818,1414.07,No action
2026-09-04T14:09:00,SIM-MISSION-01,540,Endurance,24362.1,28.23,69.49,2752.9,94.66,664.79,4.578,90.39,29.86,3.746,27.62,26.17,17.796,81.29,0.6683,1,PRE_FAILURE,0,Abnormal Vibration Failure,CRITICAL_WARNING,0.6781,1414.0,Immediate inspection recommended
2026-09-04T14:09:01,SIM-MISSION-01,541,Endurance,23981.9,26.11,67.7,2735.3,92.8,663.35,4.573,89.59,30.1,3.915,27.516,25.9,17.773,80.71,0.6917,1,PRE_FAILURE,0,Abnormal Vibration Failure,CRITICAL_WARNING,0.6979,1393.93,Immediate inspection recommended
2026-09-04T14:09:02,SIM-MISSION-01,542,Endurance,23879.9,27.03,70.27,2752.0,94.26,666.93,4.476,90.06,29.83,4.026,27.677,25.95,17.824,80.13,0.7148,1,PRE_FAILURE,0,Abnormal Vibration Failure,CRITICAL_WARNING,0.7176,1373.87,Immediate inspection recommended
2026-09-04T14:09:03,SIM-MISSION-01,543,Endurance,23920.7,27.58,69.16,2747.9,93.86,664.76,4.607,90.11,29.97,4.47,27.717,25.57,17.82,77.55,0.818,1,PRE_FAILURE,0,Abnormal Vibration Failure,CRITICAL_WARNING,0.8053,1353.8,Immediate inspection recommended
2026-09-04T14:09:04,SIM-MISSION-01,544,Endurance,23953.4,25.9,67.69,2748.7,95.0,667.64,4.443,90.39,29.79,4.633,27.551,25.7,17.778,76.79,0.8485,1,PRE_FAILURE,0,Abnormal Vibration Failure,CRITICAL_WARNING,0.8312,1333.73,Immediate inspection recommended
2026-09-04T14:09:05,SIM-MISSION-01,545,Endurance,24055.4,27.03,67.9,2786.7,96.22,671.95,4.485,90.69,30.58,4.739,27.662,26.23,17.921,76.01,0.8796,1,PRE_FAILURE,0,Abnormal Vibration Failure,CRITICAL_WARNING,0.8577,1313.67,Immediate inspection recommended
2026-09-04T14:09:06,SIM-MISSION-01,546,Endurance,24065.3,28.09,66.95,2718.4,96.52,665.53,4.416,92.03,29.69,5.108,27.759,26.48,17.842,74.45,0.9421,1,PRE_FAILURE,0,Abnormal Vibration Failure,CRITICAL_WARNING,0.9107,1293.6,Immediate inspection recommended
2026-09-04T14:09:07,SIM-MISSION-01,547,Endurance,24115.1,27.84,68.84,2716.7,94.1,672.54,4.383,89.83,30.41,5.305,27.554,25.89,17.83,74.59,0.9366,1,PRE_FAILURE,0,Abnormal Vibration Failure,CRITICAL_WARNING,0.9061,1273.53,Immediate inspection recommended
2026-09-04T14:09:08,SIM-MISSION-01,548,Endurance,23718.2,29.29,67.29,2716.0,96.03,671.78,4.458,91.7,29.37,5.41,27.667,26.09,17.754,73.05,0.9982,1,PRE_FAILURE,0,Abnormal Vibration Failure,CRITICAL_WARNING,0.9584,1253.47,Immediate inspection recommended
2026-09-04T14:09:09,SIM-MISSION-01,549,Endurance,24180.2,25.98,67.4,2755.6,95.94,671.19,4.386,91.45,30.37,5.828,27.552,26.01,17.825,73.0,1.0,1,PRE_FAILURE,0,Abnormal Vibration Failure,CRITICAL_WARNING,0.96,1233.4,Immediate inspection recommended
2026-09-04T14:09:10,SIM-MISSION-01,550,Endurance,24084.6,27.09,69.14,2737.5,96.28,668.35,4.327,91.84,30.58,5.894,27.655,26.45,17.811,73.0,1.0,1,PRE_FAILURE,0,Abnormal Vibration Failure,CRITICAL_WARNING,0.96,1213.33,Immediate inspection recommended
2026-09-04T14:09:11,SIM-MISSION-01,551,Endurance,24112.2,28.19,70.12,2754.1,97.37,680.96,4.367,91.15,30.77,6.29,27.689,25.93,17.782,73.0,1.0,1,PRE_FAILURE,0,Abnormal Vibration Failure,CRITICAL_WARNING,0.96,1193.27,Immediate inspection recommended
2026-09-04T14:09:12,SIM-MISSION-01,552,Endurance,23982.6,27.92,68.71,2714.6,97.0,672.16,4.326,91.48,30.4,6.384,27.636,26.32,17.729,73.0,1.0,1,PRE_FAILURE,0,Abnormal Vibration Failure,CRITICAL_WARNING,0.96,1173.2,Immediate inspection recommended
2026-09-04T14:09:13,SIM-MISSION-01,553,Endurance,23892.7,28.77,63.71,2757.0,98.8,673.99,4.257,93.14,30.67,6.776,27.549,26.36,17.778,73.0,1.0,1,PRE_FAILURE,0,Abnormal Vibration Failure,CRITICAL_WARNING,0.96,1153.13,Immediate inspection recommended
2026-09-04T14:09:14,SIM-MISSION-01,554,Endurance,23904.7,28.5,67.53,2717.4,98.88,670.13,4.154,93.36,30.94,6.857,27.474,26.27,17.926,73.0,1.0,1,PRE_FAILURE,0,Abnormal Vibration Failure,CRITICAL_WARNING,0.96,1133.07,Immediate inspection recommended
2026-09-04T14:09:15,SIM-MISSION-01,555,Endurance,24037.7,26.38,66.36,2719.4,96.92,673.27,4.281,91.68,30.7,7.152,27.662,25.47,17.83,33.0,1.0,1,FAILURE,1,Abnormal Vibration Failure,ENGINE_FAILURE,0.96,20.0,Emergency shutdown / maintenance inspection
2026-09-04T14:09:16,SIM-MISSION-01,556,Endurance,24021.4,27.71,67.79,2713.3,99.4,678.9,4.19,93.28,30.69,7.355,27.69,25.7,17.883,33.0,1.0,1,FAILURE,1,Abnormal Vibration Failure,ENGINE_FAILURE,0.96,18.5,Emergency shutdown / maintenance inspection
2026-09-04T14:09:17,SIM-MISSION-01,557,Endurance,23971.7,28.3,67.89,2706.8,99.12,674.84,4.202,93.32,30.53,7.487,27.641,25.99,17.831,33.0,1.0,1,FAILURE,1,Abnormal Vibration Failure,ENGINE_FAILURE,0.96,17.0,Emergency shutdown / maintenance inspection
2026-09-04T14:09:18,SIM-MISSION-01,558,Endurance,23856.7,28.18,68.6,2736.8,97.63,675.97,4.127,92.42,30.62,7.83,27.68,25.82,17.727,33.0,1.0,1,FAILURE,1,Abnormal Vibration Failure,ENGINE_FAILURE,0.96,15.5,Emergency shutdown / maintenance inspection
2026-09-04T14:09:19,SIM-MISSION-01,559,Endurance,23954.0,28.34,68.33,2719.7,99.79,676.55,4.157,93.05,31.15,7.98,27.649,26.0,17.787,33.0,1.0,1,FAILURE,1,Abnormal Vibration Failure,ENGINE_FAILURE,0.96,14.0,Emergency shutdown / maintenance inspection
2026-09-04T14:09:20,SIM-MISSION-01,560,Endurance,23632.7,28.54,69.0,2757.7,99.04,673.96,4.047,93.14,30.92,8.006,27.442,26.23,17.73,33.0,1.0,1,FAILURE,1,Abnormal Vibration Failure,ENGINE_FAILURE,0.96,12.5,Emergency shutdown / maintenance inspection
2026-09-04T14:09:21,SIM-MISSION-01,561,Endurance,24105.2,29.95,70.14,2707.8,99.57,681.39,4.077,93.9,31.62,8.431,27.503,26.41,17.855,33.0,1.0,1,FAILURE,1,Abnormal Vibration Failure,ENGINE_FAILURE,0.96,11.0,Emergency shutdown / maintenance inspection
2026-09-04T14:09:22,SIM-MISSION-01,562,Endurance,24085.1,27.11,70.43,2703.8,99.65,686.29,4.037,94.51,30.87,8.593,27.624,26.1,17.763,33.0,1.0,1,FAILURE,1,Abnormal Vibration Failure,ENGINE_FAILURE,0.96,9.5,Emergency shutdown / maintenance inspection
2026-09-04T14:09:23,SIM-MISSION-01,563,Endurance,24063.4,27.69,68.71,2691.4,99.99,681.9,4.045,94.05,31.13,8.928,27.673,25.88,17.808,33.0,1.0,1,FAILURE,1,Abnormal Vibration Failure,ENGINE_FAILURE,0.96,8.0,Emergency shutdown / maintenance inspection
2026-09-04T14:09:24,SIM-MISSION-01,564,Endurance,24001.0,27.36,68.79,2695.1,100.79,683.89,3.95,93.4,31.06,9.086,27.55,25.88,17.761,33.0,1.0,1,FAILURE,1,Abnormal Vibration Failure,ENGINE_FAILURE,0.96,6.5,Emergency shutdown / maintenance inspection
2026-09-04T14:09:25,SIM-MISSION-01,565,Endurance,23893.5,28.88,66.06,2849.8,91.16,648.27,4.867,88.51,29.55,1.613,27.673,26.17,17.879,95.53,0.0988,0,NORMAL,0,Normal,NORMAL,0.094,1412.33,No action
2026-09-04T14:09:26,SIM-MISSION-01,566,Endurance,23878.8,28.28,66.34,2856.6,92.3,660.64,4.791,87.89,28.75,1.391,27.599,25.88,17.779,95.46,0.1016,0,NORMAL,0,Normal,NORMAL,0.0964,1412.27,No action
2026-09-04T14:09:27,SIM-MISSION-01,567,Endurance,24179.2,28.42,72.06,2849.0,90.76,653.82,4.82,88.61,28.96,1.505,27.649,26.24,17.779,95.04,0.1185,0,NORMAL,0,Normal,NORMAL,0.1107,1412.2,No action
2026-09-04T14:09:28,SIM-MISSION-01,568,Endurance,23999.2,25.59,68.18,2863.7,90.23,659.03,4.804,88.49,28.83,1.484,27.693,26.04,17.847,95.72,0.0912,0,NORMAL,0,Normal,NORMAL,0.0875,1412.13,No action
2026-09-04T14:09:29,SIM-MISSION-01,569,Endurance,23963.9,29.49,67.79,2877.3,91.45,664.67,4.788,89.37,29.43,1.412,27.461,26.08,17.732,95.56,0.0975,0,NORMAL,0,Normal,NORMAL,0.0929,1412.07,No action
2026-09-04T14:09:30,SIM-MISSION-01,570,Endurance,23856.5,28.55,65.95,2871.4,91.51,660.96,4.977,88.92,28.76,1.595,27.542,25.95,17.796,96.19,0.0725,0,NORMAL,0,Normal,NORMAL,0.0716,1412.0,No action
2026-09-04T14:09:31,SIM-MISSION-01,571,Endurance,23986.9,27.74,69.61,2807.2,91.48,651.6,4.753,87.63,29.26,1.55,27.513,25.83,17.812,95.4,0.1041,0,NORMAL,0,Normal,NORMAL,0.0985,1411.93,No action
2026-09-04T14:09:32,SIM-MISSION-01,572,Endurance,24033.6,26.76,66.93,2895.6,90.35,658.18,4.821,88.89,28.4,1.627,27.692,26.08,17.706,95.55,0.0978,0,NORMAL,0,Normal,NORMAL,0.0931,1411.87,No action
2026-09-04T14:09:33,SIM-MISSION-01,573,Endurance,23893.4,28.55,66.03,2861.6,91.56,657.8,4.782,87.67,28.5,1.521,27.582,26.22,17.76,95.69,0.0926,0,NORMAL,0,Normal,NORMAL,0.0887,1411.8,No action
2026-09-04T14:09:34,SIM-MISSION-01,574,Endurance,23943.3,28.2,68.07,2857.5,89.75,662.38,4.795,88.12,29.14,1.634,27.526,26.18,17.803,95.54,0.0984,0,NORMAL,0,Normal,NORMAL,0.0936,1411.73,No action
2026-09-04T14:09:35,SIM-MISSION-01,575,Endurance,23869.9,27.63,66.54,2871.4,91.54,665.89,4.741,89.35,29.38,1.458,27.589,26.0,17.858,94.86,0.1254,0,NORMAL,0,Normal,NORMAL,0.1166,1411.67,No action
2026-09-04T14:09:36,SIM-MISSION-01,576,Endurance,23952.2,28.51,70.47,2860.8,90.01,655.47,4.764,87.81,28.78,1.476,27.394,25.91,17.893,95.07,0.1172,0,NORMAL,0,Normal,NORMAL,0.1096,1411.6,No action
2026-09-04T14:09:37,SIM-MISSION-01,577,Endurance,23929.0,27.76,69.76,2864.5,90.62,660.61,4.861,87.65,28.77,1.547,27.482,26.25,17.851,95.21,0.1115,0,NORMAL,0,Normal,NORMAL,0.1048,1411.53,No action
2026-09-04T14:09:38,SIM-MISSION-01,578,Endurance,24095.3,27.76,68.62,2858.8,91.24,668.67,4.741,88.46,29.48,1.467,27.769,25.8,17.795,95.15,0.1139,0,NORMAL,0,Normal,NORMAL,0.1068,1411.47,No action
2026-09-04T14:09:39,SIM-MISSION-01,579,Endurance,24167.5,26.96,67.94,2866.6,89.14,658.0,4.876,87.45,29.22,1.607,27.614,25.84,17.773,96.15,0.0738,0,NORMAL,0,Normal,NORMAL,0.0727,1411.4,No action
2026-09-04T14:09:40,SIM-MISSION-01,580,Endurance,23879.4,29.33,68.23,2869.3,90.51,658.85,4.823,88.85,29.08,1.676,27.571,26.21,17.84,95.25,0.1101,0,NORMAL,0,Normal,NORMAL,0.1036,1411.33,No action
2026-09-04T14:09:41,SIM-MISSION-01,581,Endurance,23847.6,27.48,68.95,2900.2,91.14,658.64,4.851,87.25,29.26,1.625,27.801,25.98,17.869,96.09,0.0762,0,NORMAL,0,Normal,NORMAL,0.0748,1411.27,No action
2026-09-04T14:09:42,SIM-MISSION-01,582,Endurance,24127.9,29.19,67.9,2909.4,92.17,659.08,4.827,88.17,28.14,1.639,27.714,25.34,17.754,95.53,0.099,0,NORMAL,0,Normal,NORMAL,0.0941,1411.2,No action
2026-09-04T14:09:43,SIM-MISSION-01,583,Endurance,24039.4,25.57,69.18,2877.2,91.56,657.49,4.782,88.18,29.2,1.501,27.754,26.07,17.801,95.73,0.0908,0,NORMAL,0,Normal,NORMAL,0.0872,1411.13,No action
2026-09-04T14:09:44,SIM-MISSION-01,584,Endurance,24008.2,29.09,66.22,2856.0,90.72,658.19,4.779,87.56,29.21,1.648,27.561,26.32,17.82,96.0,0.08,0,NORMAL,0,Normal,NORMAL,0.078,1411.07,No action
2026-09-04T14:09:45,SIM-MISSION-01,585,Endurance,23964.6,29.29,69.66,2873.9,89.34,663.94,4.87,87.85,29.39,1.714,27.534,25.89,17.782,95.81,0.0875,0,NORMAL,0,Normal,NORMAL,0.0844,1411.0,No action
2026-09-04T14:09:46,SIM-MISSION-01,586,Endurance,24042.9,27.07,68.62,2914.7,91.87,656.42,4.828,87.61,29.33,1.593,27.659,25.96,17.809,95.57,0.0974,0,NORMAL,0,Normal,NORMAL,0.0928,1410.93,No action
2026-09-04T14:09:47,SIM-MISSION-01,587,Endurance,24153.3,29.94,68.92,2873.2,89.67,659.57,4.852,88.33,28.33,1.585,27.606,25.96,17.813,94.98,0.1209,0,NORMAL,0,Normal,NORMAL,0.1128,1410.87,No action
2026-09-04T14:09:48,SIM-MISSION-01,588,Endurance,24094.8,28.65,69.02,2910.5,90.57,665.47,4.731,88.62,28.66,1.509,27.701,25.83,17.855,95.53,0.0988,0,NORMAL,0,Normal,NORMAL,0.0939,1410.8,No action
2026-09-04T14:09:49,SIM-MISSION-01,589,Endurance,23950.5,27.64,68.29,2903.9,90.54,663.52,4.784,88.0,29.17,1.547,27.625,26.11,17.817,94.97,0.1213,0,NORMAL,0,Normal,NORMAL,0.1131,1410.73,No action
2026-09-04T14:09:50,SIM-MISSION-01,590,Endurance,24042.8,26.95,67.82,2878.3,89.21,662.86,4.832,89.03,28.52,1.494,27.56,26.59,17.848,95.49,0.1004,0,NORMAL,0,Normal,NORMAL,0.0954,1410.67,No action
2026-09-04T14:09:51,SIM-MISSION-01,591,Endurance,23979.5,28.02,67.64,2911.4,90.19,660.57,4.843,88.22,28.77,1.531,27.666,25.86,17.735,95.68,0.0929,0,NORMAL,0,Normal,NORMAL,0.089,1410.6,No action
2026-09-04T14:09:52,SIM-MISSION-01,592,Endurance,23922.7,26.94,69.25,2899.3,90.74,663.65,4.835,88.67,29.03,1.521,27.625,25.58,17.745,95.67,0.093,0,NORMAL,0,Normal,NORMAL,0.0891,1410.53,No action
2026-09-04T14:09:53,SIM-MISSION-01,593,Endurance,23925.3,29.29,67.05,2916.2,90.07,664.77,4.812,86.8,28.82,1.47,27.642,26.15,17.776,95.34,0.1063,0,NORMAL,0,Normal,NORMAL,0.1003,1410.47,No action
2026-09-04T14:09:54,SIM-MISSION-01,594,Endurance,23860.9,28.97,68.09,2896.1,91.26,652.23,4.821,87.56,29.09,1.635,27.585,25.26,17.699,95.84,0.0864,0,NORMAL,0,Normal,NORMAL,0.0835,1410.4,No action
2026-09-04T14:09:55,SIM-MISSION-01,595,Endurance,23967.1,27.94,67.68,2905.8,91.7,663.43,4.774,88.06,28.58,1.578,27.593,26.45,17.838,95.77,0.0891,0,NORMAL,0,Normal,NORMAL,0.0857,1410.33,No action
2026-09-04T14:09:56,SIM-MISSION-01,596,Endurance,24048.3,28.79,67.42,2926.2,91.75,655.05,4.735,88.18,28.56,1.537,27.456,25.88,17.774,95.76,0.0894,0,NORMAL,0,Normal,NORMAL,0.086,1410.27,No action
2026-09-04T14:09:57,SIM-MISSION-01,597,Endurance,24055.7,28.13,66.96,2927.2,90.73,658.49,4.757,87.45,28.92,1.531,27.577,26.05,17.838,95.61,0.0955,0,NORMAL,0,Normal,NORMAL,0.0911,1410.2,No action
2026-09-04T14:09:58,SIM-MISSION-01,598,Endurance,24056.7,27.67,69.95,2899.1,90.03,662.26,4.734,88.23,28.64,1.681,27.514,26.51,17.834,95.07,0.1173,0,NORMAL,0,Normal,NORMAL,0.1097,1410.13,No action
2026-09-04T14:09:59,SIM-MISSION-01,599,Endurance,23911.9,26.31,68.88,2964.7,90.66,660.63,4.72,87.98,29.19,1.494,27.609,25.91,17.783,95.19,0.1124,0,NORMAL,0,Normal,NORMAL,0.1056,1410.07,No action
2026-09-04T14:10:00,SIM-MISSION-02,600,Endurance,23971.0,27.67,69.6,2928.1,90.14,658.17,4.751,88.67,29.74,1.503,27.767,26.04,17.783,94.81,0.1277,0,NORMAL,0,Normal,NORMAL,0.1186,1410.0,No action
2026-09-04T14:10:01,SIM-MISSION-02,601,Endurance,24066.2,26.57,65.59,2956.7,91.67,649.01,4.789,87.44,28.79,1.558,27.561,25.87,17.9,95.45,0.102,0,NORMAL,0,Normal,NORMAL,0.0967,1409.93,No action
2026-09-04T14:10:02,SIM-MISSION-02,602,Endurance,23881.6,26.83,66.46,2899.9,90.1,663.21,4.735,88.32,28.58,1.45,27.632,26.23,17.733,95.42,0.1031,0,NORMAL,0,Normal,NORMAL,0.0976,1409.87,No action
2026-09-04T14:10:03,SIM-MISSION-02,603,Endurance,24133.4,28.74,71.08,2902.1,91.2,649.6,4.9,89.06,29.41,1.53,27.543,26.14,17.743,95.74,0.0903,0,NORMAL,0,Normal,NORMAL,0.0867,1409.8,No action
2026-09-04T14:10:04,SIM-MISSION-02,604,Endurance,23938.8,28.43,68.66,2915.8,90.78,656.54,4.803,88.37,28.99,1.519,27.598,26.35,17.842,95.75,0.0901,0,NORMAL,0,Normal,NORMAL,0.0866,1409.73,No action
2026-09-04T14:10:05,SIM-MISSION-02,605,Endurance,24020.4,28.92,67.2,2918.3,90.42,665.16,4.803,88.12,28.78,1.568,27.66,26.06,17.725,95.32,0.1071,0,NORMAL,0,Normal,NORMAL,0.101,1409.67,No action
2026-09-04T14:10:06,SIM-MISSION-02,606,Endurance,23860.2,29.49,69.24,2921.3,90.91,663.32,4.793,88.54,28.38,1.47,27.667,26.22,17.834,95.19,0.1126,0,NORMAL,0,Normal,NORMAL,0.1057,1409.6,No action
2026-09-04T14:10:07,SIM-MISSION-02,607,Endurance,23912.1,28.37,67.85,2945.2,90.02,654.53,4.819,87.48,29.15,1.52,27.476,25.73,17.777,95.24,0.1103,0,NORMAL,0,Normal,NORMAL,0.1038,1409.53,No action
2026-09-04T14:10:08,SIM-MISSION-02,608,Endurance,24031.9,26.91,69.1,2924.9,90.83,650.59,4.765,86.95,29.2,1.628,27.627,26.58,17.808,95.66,0.0936,0,NORMAL,0,Normal,NORMAL,0.0896,1409.47,No action
2026-09-04T14:10:09,SIM-MISSION-02,609,Endurance,24049.9,29.06,67.51,2924.6,91.74,659.61,4.775,87.86,29.14,1.65,27.475,25.97,17.789,95.54,0.0983,0,NORMAL,0,Normal,NORMAL,0.0935,1409.4,No action
2026-09-04T14:10:10,SIM-MISSION-02,610,Endurance,23981.8,28.52,67.35,2897.8,89.99,660.07,4.709,88.25,28.67,1.531,27.5,25.7,17.929,95.01,0.1197,0,NORMAL,0,Normal,NORMAL,0.1118,1409.33,No action
2026-09-04T14:10:11,SIM-MISSION-02,611,Endurance,24062.1,29.01,70.25,2916.7,91.3,657.48,4.624,86.1,28.92,1.593,27.529,25.65,17.766,96.23,0.0708,0,NORMAL,0,Normal,NORMAL,0.0702,1409.27,No action
2026-09-04T14:10:12,SIM-MISSION-02,612,Endurance,24190.7,29.42,66.58,2906.5,90.16,657.89,4.752,88.57,28.98,1.497,27.618,26.32,17.775,95.2,0.1119,0,NORMAL,0,Normal,NORMAL,0.1051,1409.2,No action
2026-09-04T14:10:13,SIM-MISSION-02,613,Endurance,23977.4,28.43,66.44,2950.7,90.78,662.85,4.828,88.37,28.96,1.627,27.665,25.61,17.832,95.47,0.101,0,NORMAL,0,Normal,NORMAL,0.0959,1409.13,No action
2026-09-04T14:10:14,SIM-MISSION-02,614,Endurance,23982.8,28.16,68.82,2927.4,90.68,657.81,4.769,86.99,29.17,1.501,27.625,25.99,17.819,95.99,0.0803,0,NORMAL,0,Normal,NORMAL,0.0782,1409.07,No action
2026-09-04T14:10:15,SIM-MISSION-02,615,Endurance,23996.7,26.45,72.98,2924.8,90.46,661.37,4.874,88.36,29.23,1.574,27.749,26.01,17.844,95.37,0.1054,0,NORMAL,0,Normal,NORMAL,0.0996,1409.0,No action
2026-09-04T14:10:16,SIM-MISSION-02,616,Endurance,24002.6,29.36,68.71,2907.9,92.68,660.19,4.745,87.65,28.61,1.548,27.548,26.17,17.873,95.49,0.1006,0,NORMAL,0,Normal,NORMAL,0.0955,1408.93,No action
2026-09-04T14:10:17,SIM-MISSION-02,617,Endurance,23873.1,28.45,67.98,2914.7,90.24,657.78,4.729,88.35,28.87,1.474,27.643,25.97,17.82,95.7,0.0921,0,NORMAL,0,Normal,NORMAL,0.0883,1408.87,No action
2026-09-04T14:10:18,SIM-MISSION-02,618,Endurance,24099.1,27.88,68.64,2923.5,91.81,660.99,4.798,87.44,29.57,1.529,27.643,25.81,17.857,95.11,0.1155,0,NORMAL,0,Normal,NORMAL,0.1081,1408.8,No action
2026-09-04T14:10:19,SIM-MISSION-02,619,Endurance,24065.3,30.09,68.0,2925.7,91.06,657.52,4.779,89.19,29.33,1.578,27.656,26.28,17.814,95.43,0.1028,0,NORMAL,0,Normal,NORMAL,0.0973,1408.73,No action
2026-09-04T14:10:20,SIM-MISSION-02,620,Endurance,23875.1,26.28,67.71,2922.5,91.11,658.21,4.945,87.7,29.46,1.605,27.646,26.34,17.825,94.77,0.1294,0,NORMAL,0,Normal,NORMAL,0.12,1408.67,No action
2026-09-04T14:10:21,SIM-MISSION-02,621,Endurance,24145.0,28.22,68.49,2931.2,91.63,657.78,4.812,88.72,29.27,1.591,27.696,26.05,17.859,94.89,0.1243,0,NORMAL,0,Normal,NORMAL,0.1156,1408.6,No action
2026-09-04T14:10:22,SIM-MISSION-02,622,Endurance,24091.7,27.56,65.24,2970.8,91.84,663.95,4.83,87.33,28.89,1.636,27.715,25.6,17.764,95.93,0.0828,0,NORMAL,0,Normal,NORMAL,0.0804,1408.53,No action
2026-09-04T14:10:23,SIM-MISSION-02,623,Endurance,23895.1,28.1,70.0,2958.8,92.26,653.83,4.817,88.34,29.21,1.646,27.706,26.23,17.763,94.64,0.1346,0,NORMAL,0,Normal,NORMAL,0.1244,1408.47,No action
2026-09-04T14:10:24,SIM-MISSION-02,624,Endurance,24088.5,27.97,66.53,2957.6,90.88,661.79,4.83,88.92,28.96,1.556,27.77,26.39,17.788,95.44,0.1024,0,NORMAL,0,Normal,NORMAL,0.097,1408.4,No action
2026-09-04T14:10:25,SIM-MISSION-02,625,Endurance,23988.3,28.29,67.8,2923.7,90.17,658.03,4.811,88.3,29.44,1.505,27.545,25.52,17.755,95.57,0.0971,0,NORMAL,0,Normal,NORMAL,0.0925,1408.33,No action
2026-09-04T14:10:26,SIM-MISSION-02,626,Endurance,24141.9,28.61,66.72,2941.7,89.93,661.11,4.826,87.51,30.17,1.357,27.485,25.85,17.775,95.39,0.1045,0,NORMAL,0,Normal,NORMAL,0.0988,1408.27,No action
2026-09-04T14:10:27,SIM-MISSION-02,627,Endurance,24054.2,28.55,66.46,2953.6,92.31,654.24,4.792,88.1,28.91,1.544,27.587,25.82,17.744,95.6,0.096,0,NORMAL,0,Normal,NORMAL,0.0916,1408.2,No action
2026-09-04T14:10:28,SIM-MISSION-02,628,Endurance,23962.9,29.38,68.82,2963.9,89.1,656.47,4.731,88.01,29.01,1.519,27.68,25.86,17.807,95.32,0.1072,0,NORMAL,0,Normal,NORMAL,0.1011,1408.13,No action
2026-09-04T14:10:29,SIM-MISSION-02,629,Endurance,24000.4,27.81,67.23,2963.2,91.78,660.99,4.813,87.47,28.33,1.46,27.476,25.99,17.728,95.85,0.086,0,NORMAL,0,Normal,NORMAL,0.0831,1408.07,No action
2026-09-04T14:10:30,SIM-MISSION-02,630,Endurance,23929.1,27.55,68.19,2976.6,91.72,666.21,4.806,86.76,29.35,1.706,27.569,26.43,17.792,95.54,0.0984,0,NORMAL,0,Normal,NORMAL,0.0937,1408.0,No action
2026-09-04T14:10:31,SIM-MISSION-02,631,Endurance,23941.0,29.07,68.05,2914.8,91.14,660.58,4.843,87.97,29.15,1.73,27.681,25.96,17.813,95.01,0.1195,0,NORMAL,0,Normal,NORMAL,0.1115,1407.93,No action
2026-09-04T14:10:32,SIM-MISSION-02,632,Endurance,23889.5,27.77,67.84,2958.1,88.9,661.9,4.767,87.37,29.0,1.575,27.796,26.02,17.757,95.32,0.1071,0,NORMAL,0,Normal,NORMAL,0.1011,1407.87,No action
2026-09-04T14:10:33,SIM-MISSION-02,633,Endurance,24166.3,28.13,70.58,2917.7,90.02,658.32,4.845,87.37,28.7,1.543,27.52,25.84,17.755,95.67,0.093,0,NORMAL,0,Normal,NORMAL,0.0891,1407.8,No action
2026-09-04T14:10:34,SIM-MISSION-02,634,Endurance,23903.6,26.51,70.4,2985.2,90.22,660.71,4.657,88.91,29.22,1.522,27.762,26.86,17.876,95.48,0.101,0,NORMAL,0,Normal,NORMAL,0.0958,1407.73,No action
2026-09-04T14:10:35,SIM-MISSION-02,635,Endurance,23926.5,29.03,65.91,2971.1,89.51,659.26,4.903,88.26,28.56,1.482,27.703,25.69,17.778,95.52,0.0992,0,NORMAL,0,Normal,NORMAL,0.0943,1407.67,No action
2026-09-04T14:10:36,SIM-MISSION-02,636,Endurance,24140.7,28.59,66.65,2930.4,90.66,650.54,4.879,88.85,28.9,1.563,27.637,26.32,17.718,94.65,0.1341,0,NORMAL,0,Normal,NORMAL,0.124,1407.6,No action
2026-09-04T14:10:37,SIM-MISSION-02,637,Endurance,24029.1,28.59,66.56,2950.8,91.68,663.62,4.853,87.26,29.01,1.583,27.626,25.69,17.79,95.65,0.0939,0,NORMAL,0,Normal,NORMAL,0.0898,1407.53,No action
2026-09-04T14:10:38,SIM-MISSION-02,638,Endurance,23995.5,27.28,67.86,2962.1,91.83,660.69,4.726,88.06,28.85,1.416,27.551,26.13,17.852,96.02,0.0793,0,NORMAL,0,Normal,NORMAL,0.0774,1407.47,No action
2026-09-04T14:10:39,SIM-MISSION-02,639,Endurance,24063.9,27.71,67.18,2975.4,90.0,663.47,4.787,88.28,28.75,1.593,27.601,25.95,17.747,96.21,0.0717,0,NORMAL,0,Normal,NORMAL,0.0709,1407.4,No action
2026-09-04T14:10:40,SIM-MISSION-02,640,Endurance,24016.1,29.36,68.04,2979.8,89.8,666.4,4.828,87.69,29.18,1.449,27.491,26.37,17.7,94.98,0.1208,0,NORMAL,0,Normal,NORMAL,0.1127,1407.33,No action
2026-09-04T14:10:41,SIM-MISSION-02,641,Endurance,24067.6,29.45,68.2,2945.4,90.47,664.77,4.855,87.96,29.49,1.46,27.685,25.89,17.813,95.42,0.1032,0,NORMAL,0,Normal,NORMAL,0.0977,1407.27,No action
2026-09-04T14:10:42,SIM-MISSION-02,642,Endurance,23970.7,28.12,68.48,2978.1,91.1,660.41,4.743,89.19,29.34,1.503,27.618,26.47,17.767,95.49,0.1006,0,NORMAL,0,Normal,NORMAL,0.0955,1407.2,No action
2026-09-04T14:10:43,SIM-MISSION-02,643,Endurance,23844.2,27.16,66.58,2909.6,91.83,658.34,4.81,87.04,29.83,1.6,27.447,25.83,17.785,96.0,0.08,0,NORMAL,0,Normal,NORMAL,0.078,1407.13,No action
2026-09-04T14:10:44,SIM-MISSION-02,644,Endurance,23878.3,29.46,66.47,2952.1,91.2,665.19,4.791,86.43,28.95,1.639,27.506,26.06,17.817,95.58,0.097,0,NORMAL,0,Normal,NORMAL,0.0924,1407.07,No action
2026-09-04T14:10:45,SIM-MISSION-02,645,Endurance,24000.1,29.24,70.31,2961.3,91.05,662.8,4.841,87.4,28.54,1.435,27.498,26.25,17.856,96.0,0.08,0,NORMAL,0,Normal,NORMAL,0.078,1407.0,No action
2026-09-04T14:10:46,SIM-MISSION-02,646,Endurance,24136.9,28.46,68.97,2983.6,90.74,658.54,4.777,88.31,29.29,1.63,27.565,26.44,17.75,94.98,0.1206,0,NORMAL,0,Normal,NORMAL,0.1125,1406.93,No action
2026-09-04T14:10:47,SIM-MISSION-02,647,Endurance,24056.8,29.15,70.65,2939.9,90.96,657.18,4.76,87.32,29.4,1.458,27.546,26.41,17.821,94.9,0.1241,0,NORMAL,0,Normal,NORMAL,0.1155,1406.87,No action
2026-09-04T14:10:48,SIM-MISSION-02,648,Endurance,23953.6,27.29,68.86,2925.0,91.23,667.24,4.832,88.25,29.97,1.621,27.49,26.37,17.677,95.33,0.107,0,NORMAL,0,Normal,NORMAL,0.1009,1406.8,No action
2026-09-04T14:10:49,SIM-MISSION-02,649,Endurance,23974.3,27.95,68.6,2938.9,93.25,655.9,4.756,87.92,28.89,1.695,27.634,25.98,17.842,95.53,0.0986,0,NORMAL,0,Normal,NORMAL,0.0938,1406.73,No action
2026-09-04T14:10:50,SIM-MISSION-02,650,Endurance,24076.5,28.29,67.51,2944.3,90.74,660.12,4.882,87.19,29.17,1.617,27.6,26.02,17.862,95.24,0.1104,0,NORMAL,0,Normal,NORMAL,0.1039,1406.67,No action
2026-09-04T14:10:51,SIM-MISSION-02,651,Endurance,24093.3,28.49,70.59,2950.8,91.74,666.23,4.742,88.8,28.8,1.487,27.622,26.08,17.718,95.63,0.0946,0,NORMAL,0,Normal,NORMAL,0.0904,1406.6,No action
2026-09-04T14:10:52,SIM-MISSION-02,652,Endurance,24182.7,27.71,68.4,2957.9,91.14,661.61,4.81,87.82,29.42,1.57,27.636,25.86,17.773,96.0,0.0802,0,NORMAL,0,Normal,NORMAL,0.0782,1406.53,No action
2026-09-04T14:10:53,SIM-MISSION-02,653,Endurance,23904.5,29.01,69.96,2938.6,90.67,660.88,4.836,88.56,28.8,1.468,27.596,25.99,17.767,95.85,0.0859,0,NORMAL,0,Normal,NORMAL,0.083,1406.47,No action
2026-09-04T14:10:54,SIM-MISSION-02,654,Endurance,23944.8,29.05,67.28,2935.9,90.9,656.9,4.73,87.53,28.43,1.612,27.628,26.58,17.799,95.1,0.1158,0,NORMAL,0,Normal,NORMAL,0.1084,1406.4,No action
2026-09-04T14:10:55,SIM-MISSION-02,655,Endurance,24014.7,28.67,66.97,2932.7,89.61,658.86,4.785,88.4,28.86,1.574,27.623,25.76,17.747,96.09,0.0766,0,NORMAL,0,Normal,NORMAL,0.0751,1406.33,No action
2026-09-04T14:10:56,SIM-MISSION-02,656,Endurance,23960.6,28.43,68.28,2934.9,90.52,655.51,4.84,88.75,28.27,1.713,27.724,25.85,17.801,95.35,0.1062,0,NORMAL,0,Normal,NORMAL,0.1003,1406.27,No action
2026-09-04T14:10:57,SIM-MISSION-02,657,Endurance,23952.2,29.82,67.35,2952.7,92.95,659.85,4.764,88.71,29.0,1.564,27.61,25.9,17.78,95.77,0.0893,0,NORMAL,0,Normal,NORMAL,0.0859,1406.2,No action
2026-09-04T14:10:58,SIM-MISSION-02,658,Endurance,23904.8,27.52,68.35,2937.8,90.41,656.23,4.872,87.61,29.06,1.417,27.44,26.08,17.72,95.18,0.1129,0,NORMAL,0,Normal,NORMAL,0.106,1406.13,No action
2026-09-04T14:10:59,SIM-MISSION-02,659,Endurance,24017.6,27.65,68.73,2929.1,90.46,658.49,4.775,87.85,29.02,1.59,27.636,26.02,17.763,95.21,0.1117,0,NORMAL,0,Normal,NORMAL,0.1049,1406.07,No action
2026-09-04T14:11:00,SIM-MISSION-02,660,Endurance,24059.5,26.34,68.16,2977.9,89.28,662.44,4.814,89.02,29.63,1.601,27.567,26.17,17.746,95.77,0.0893,0,NORMAL,0,Normal,NORMAL,0.0859,1406.0,No action
2026-09-04T14:11:01,SIM-MISSION-02,661,Endurance,23971.9,28.77,67.41,2929.1,91.17,659.23,4.782,87.51,28.93,1.664,27.557,25.64,17.752,95.24,0.1103,0,NORMAL,0,Normal,NORMAL,0.1038,1405.93,No action
2026-09-04T14:11:02,SIM-MISSION-02,662,Endurance,24030.6,28.43,67.91,2960.9,90.34,660.96,4.784,88.64,29.28,1.581,27.516,25.91,17.797,95.72,0.0913,0,NORMAL,0,Normal,NORMAL,0.0876,1405.87,No action
2026-09-04T14:11:03,SIM-MISSION-02,663,Endurance,24105.7,27.84,68.03,2939.1,90.41,658.55,4.734,87.52,29.21,1.535,27.587,26.31,17.773,96.02,0.0791,0,NORMAL,0,Normal,NORMAL,0.0772,1405.8,No action
2026-09-04T14:11:04,SIM-MISSION-02,664,Endurance,23980.0,26.59,69.95,2946.8,91.59,659.87,4.832,87.04,28.82,1.405,27.675,26.18,17.868,94.93,0.1227,0,NORMAL,0,Normal,NORMAL,0.1143,1405.73,No action
2026-09-04T14:11:05,SIM-MISSION-02,665,Endurance,24080.4,28.05,70.42,2922.8,92.61,662.2,4.869,88.53,29.2,1.527,27.515,26.26,17.757,95.29,0.1084,0,NORMAL,0,Normal,NORMAL,0.1021,1405.67,No action
2026-09-04T14:11:06,SIM-MISSION-02,666,Endurance,23799.7,27.76,69.58,2896.5,90.34,663.76,4.729,87.2,29.51,1.39,27.595,26.11,17.896,95.33,0.1068,0,NORMAL,0,Normal,NORMAL,0.1008,1405.6,No action
2026-09-04T14:11:07,SIM-MISSION-02,667,Endurance,23959.7,28.39,69.11,2894.8,91.23,654.72,4.859,88.45,28.82,1.584,27.619,26.04,17.802,95.46,0.1014,0,NORMAL,0,Normal,NORMAL,0.0962,1405.53,No action
2026-09-04T14:11:08,SIM-MISSION-02,668,Endurance,23784.5,29.04,65.22,2913.0,91.97,663.29,4.682,87.82,28.97,1.547,27.64,26.39,17.873,95.17,0.1132,0,NORMAL,0,Normal,NORMAL,0.1062,1405.47,No action
2026-09-04T14:11:09,SIM-MISSION-02,669,Endurance,24121.2,26.9,68.43,2933.6,90.4,658.21,4.773,88.84,28.81,1.52,27.633,26.49,17.773,95.76,0.0897,0,NORMAL,0,Normal,NORMAL,0.0863,1405.4,No action
2026-09-04T14:11:10,SIM-MISSION-02,670,Endurance,23914.7,27.76,68.15,2930.9,91.33,658.59,4.868,89.29,29.01,1.578,27.617,26.35,17.841,95.52,0.0994,0,NORMAL,0,Normal,NORMAL,0.0945,1405.33,No action
2026-09-04T14:11:11,SIM-MISSION-02,671,Endurance,24012.8,27.02,66.99,2922.2,92.32,663.45,4.677,87.66,29.42,1.64,27.464,25.97,17.877,95.64,0.0943,0,NORMAL,0,Normal,NORMAL,0.0901,1405.27,No action
2026-09-04T14:11:12,SIM-MISSION-02,672,Endurance,23896.0,28.02,71.37,2940.9,91.16,660.82,4.762,88.72,28.89,1.489,27.588,25.62,17.773,95.79,0.0886,0,NORMAL,0,Normal,NORMAL,0.0853,1405.2,No action
2026-09-04T14:11:13,SIM-MISSION-02,673,Endurance,23883.2,26.84,65.04,2924.7,91.33,660.98,4.703,87.68,28.25,1.605,27.633,26.24,17.725,95.47,0.1011,0,NORMAL,0,Normal,NORMAL,0.0959,1405.13,No action
2026-09-04T14:11:14,SIM-MISSION-02,674,Endurance,23732.1,28.35,68.15,2900.5,89.79,652.79,4.82,88.2,29.26,1.573,27.606,26.13,17.784,95.57,0.0973,0,NORMAL,0,Normal,NORMAL,0.0927,1405.07,No action
2026-09-04T14:11:15,SIM-MISSION-02,675,Endurance,23774.2,26.9,67.12,2948.3,92.18,659.07,4.82,88.14,29.59,1.68,27.54,25.77,17.777,94.94,0.1225,0,NORMAL,0,Normal,NORMAL,0.1141,1405.0,No action
2026-09-04T14:11:16,SIM-MISSION-02,676,Endurance,24039.1,28.65,67.59,2885.5,90.47,662.41,4.736,88.54,29.56,1.563,27.694,25.93,17.817,95.09,0.1163,0,NORMAL,0,Normal,NORMAL,0.1088,1404.93,No action
2026-09-04T14:11:17,SIM-MISSION-02,677,Endurance,23751.5,28.39,69.92,2929.1,91.81,656.26,4.816,87.51,28.87,1.55,27.647,25.99,17.789,95.33,0.1068,0,NORMAL,0,Normal,NORMAL,0.1008,1404.87,No action
2026-09-04T14:11:18,SIM-MISSION-02,678,Endurance,24126.0,28.09,70.14,2901.0,91.52,663.02,4.899,87.76,29.3,1.537,27.548,25.55,17.814,95.57,0.097,0,NORMAL,0,Normal,NORMAL,0.0925,1404.8,No action
2026-09-04T14:11:19,SIM-MISSION-02,679,Endurance,24118.8,25.8,66.36,2924.3,90.88,662.2,4.742,88.51,29.65,1.636,27.559,25.45,17.81,95.54,0.0984,0,NORMAL,0,Normal,NORMAL,0.0937,1404.73,No action
2026-09-04T14:11:20,SIM-MISSION-02,680,Endurance,23858.5,25.5,67.96,2901.4,90.88,662.94,4.825,89.17,29.16,1.606,27.444,26.0,17.785,95.11,0.1156,0,NORMAL,0,Normal,NORMAL,0.1082,1404.67,No action
2026-09-04T14:11:21,SIM-MISSION-02,681,Endurance,24041.9,30.02,71.1,2940.6,90.88,658.55,4.885,88.57,29.08,1.577,27.66,25.74,17.807,95.27,0.109,0,NORMAL,0,Normal,NORMAL,0.1027,1404.6,No action
2026-09-04T14:11:22,SIM-MISSION-02,682,Endurance,23860.6,27.9,67.02,2908.3,92.33,661.55,4.791,88.32,29.13,1.447,27.767,26.17,17.911,95.61,0.0955,0,NORMAL,0,Normal,NORMAL,0.0912,1404.53,No action
2026-09-04T14:11:23,SIM-MISSION-02,683,Endurance,24146.0,27.49,67.25,2914.5,92.7,658.5,4.785,88.73,29.2,1.504,27.569,25.82,17.863,95.6,0.096,0,NORMAL,0,Normal,NORMAL,0.0916,1404.47,No action
2026-09-04T14:11:24,SIM-MISSION-02,684,Endurance,24335.1,29.28,68.52,2920.4,89.93,657.7,4.885,88.46,28.71,1.462,27.475,26.12,17.79,95.51,0.0995,0,NORMAL,0,Normal,NORMAL,0.0946,1404.4,No action
2026-09-04T14:11:25,SIM-MISSION-02,685,Endurance,24024.1,26.83,66.68,2867.4,91.24,655.31,4.816,87.83,29.1,1.526,27.438,26.19,17.711,95.76,0.0895,0,NORMAL,0,Normal,NORMAL,0.0861,1404.33,No action
2026-09-04T14:11:26,SIM-MISSION-02,686,Endurance,24040.5,28.55,63.78,2892.1,91.08,667.78,4.763,88.2,29.24,1.539,27.619,26.3,17.769,95.59,0.0963,0,NORMAL,0,Normal,NORMAL,0.0919,1404.27,No action
2026-09-04T14:11:27,SIM-MISSION-02,687,Endurance,23883.2,27.5,66.09,2903.4,91.97,660.46,4.767,87.25,28.56,1.629,27.555,25.77,17.876,95.17,0.1133,0,NORMAL,0,Normal,NORMAL,0.1063,1404.2,No action
2026-09-04T14:11:28,SIM-MISSION-02,688,Endurance,24140.3,27.1,68.44,2880.8,91.32,658.64,4.857,87.58,29.66,1.52,27.456,25.71,17.753,96.01,0.0795,0,NORMAL,0,Normal,NORMAL,0.0776,1404.13,No action
2026-09-04T14:11:29,SIM-MISSION-02,689,Endurance,24073.3,27.0,70.45,2878.6,91.86,651.49,4.927,87.39,28.32,1.671,27.583,25.46,17.832,94.89,0.1245,0,NORMAL,0,Normal,NORMAL,0.1159,1404.07,No action
2026-09-04T14:11:30,SIM-MISSION-02,690,Endurance,23810.6,27.07,69.23,2875.9,91.67,661.83,4.783,89.04,28.55,1.683,27.512,25.85,17.796,95.04,0.1186,0,NORMAL,0,Normal,NORMAL,0.1108,1404.0,No action
2026-09-04T14:11:31,SIM-MISSION-02,691,Endurance,23993.3,27.92,65.16,2870.4,90.89,656.75,4.733,89.09,29.26,1.553,27.677,25.93,17.722,95.26,0.1096,0,NORMAL,0,Normal,NORMAL,0.1032,1403.93,No action
2026-09-04T14:11:32,SIM-MISSION-02,692,Endurance,24151.1,27.28,69.63,2862.1,91.13,661.04,4.886,88.93,28.78,1.703,27.678,26.48,17.793,96.09,0.0762,0,NORMAL,0,Normal,NORMAL,0.0748,1403.87,No action
2026-09-04T14:11:33,SIM-MISSION-02,693,Endurance,24029.2,26.88,68.27,2889.7,90.48,660.19,4.807,87.09,29.07,1.633,27.611,26.37,17.921,94.95,0.122,0,NORMAL,0,Normal,NORMAL,0.1137,1403.8,No action
2026-09-04T14:11:34,SIM-MISSION-02,694,Endurance,23996.3,29.1,67.1,2895.5,90.05,660.39,4.944,87.53,28.61,1.523,27.64,26.28,17.772,95.25,0.11,0,NORMAL,0,Normal,NORMAL,0.1035,1403.73,No action
2026-09-04T14:11:35,SIM-MISSION-02,695,Endurance,23861.0,29.84,65.93,2860.2,92.2,661.32,4.8,86.87,28.9,1.545,27.697,26.07,17.75,95.14,0.1144,0,NORMAL,0,Normal,NORMAL,0.1072,1403.67,No action
2026-09-04T14:11:36,SIM-MISSION-02,696,Endurance,23850.0,30.93,67.68,2880.0,90.61,656.75,4.888,87.92,29.08,1.387,27.615,25.69,17.684,95.54,0.0984,0,NORMAL,0,Normal,NORMAL,0.0937,1403.6,No action
2026-09-04T14:11:37,SIM-MISSION-02,697,Endurance,24249.6,27.93,67.79,2848.2,90.28,661.23,4.821,88.22,28.91,1.679,27.535,25.43,17.747,95.46,0.1015,0,NORMAL,0,Normal,NORMAL,0.0963,1403.53,No action
2026-09-04T14:11:38,SIM-MISSION-02,698,Endurance,24168.6,28.77,68.23,2860.4,90.56,656.66,4.846,87.15,29.5,1.473,27.546,26.02,17.716,95.5,0.0999,0,NORMAL,0,Normal,NORMAL,0.0949,1403.47,No action
2026-09-04T14:11:39,SIM-MISSION-02,699,Endurance,24033.7,28.1,67.42,2817.5,91.32,655.9,4.74,87.4,29.73,1.515,27.602,26.28,17.895,95.44,0.1024,0,NORMAL,0,Normal,NORMAL,0.097,1403.4,No action
2026-09-04T14:11:40,SIM-MISSION-02,700,Endurance,23775.9,30.62,69.15,2861.0,90.07,657.89,4.751,87.28,28.81,1.545,27.545,25.88,17.847,95.88,0.085,0,NORMAL,0,Normal,NORMAL,0.0822,1403.33,No action
2026-09-04T14:11:41,SIM-MISSION-02,701,Endurance,24067.9,26.88,67.94,2859.0,92.46,659.79,4.91,88.32,28.97,1.504,27.587,25.72,17.815,95.29,0.1083,0,NORMAL,0,Normal,NORMAL,0.102,1403.27,No action
2026-09-04T14:11:42,SIM-MISSION-02,702,Endurance,23844.2,28.27,67.63,2867.2,91.03,664.42,4.902,87.71,28.24,1.546,27.595,25.69,17.821,95.25,0.1101,0,NORMAL,0,Normal,NORMAL,0.1036,1403.2,No action
2026-09-04T14:11:43,SIM-MISSION-02,703,Endurance,24008.8,26.93,70.15,2854.2,90.81,663.95,4.762,87.7,29.27,1.424,27.655,25.77,17.681,94.88,0.125,0,NORMAL,0,Normal,NORMAL,0.1162,1403.13,No action
2026-09-04T14:11:44,SIM-MISSION-02,704,Endurance,23826.3,27.44,68.73,2819.3,91.23,666.11,4.705,87.94,29.55,1.612,27.581,26.62,17.731,95.11,0.1155,0,NORMAL,0,Normal,NORMAL,0.1082,1403.07,No action
2026-09-04T14:11:45,SIM-MISSION-02,705,Endurance,23906.4,26.1,68.27,2844.5,93.25,659.54,4.79,87.57,29.91,1.713,27.525,25.76,17.829,95.37,0.1054,0,NORMAL,0,Normal,NORMAL,0.0996,1403.0,No action
2026-09-04T14:11:46,SIM-MISSION-02,706,Endurance,23654.2,28.59,68.74,2854.6,90.19,670.68,4.811,88.19,29.15,1.498,27.617,25.66,17.8,95.49,0.1005,0,NORMAL,0,Normal,NORMAL,0.0954,1402.93,No action
2026-09-04T14:11:47,SIM-MISSION-02,707,Endurance,23901.7,29.87,66.74,2833.6,91.8,660.36,4.799,88.35,28.77,1.554,27.571,26.17,17.847,95.67,0.0934,0,NORMAL,0,Normal,NORMAL,0.0893,1402.87,No action
2026-09-04T14:11:48,SIM-MISSION-02,708,Endurance,24114.4,26.78,69.4,2831.6,90.95,659.08,4.744,88.4,28.9,1.637,27.525,26.11,17.915,95.5,0.1001,0,NORMAL,0,Normal,NORMAL,0.095,1402.8,No action
2026-09-04T14:11:49,SIM-MISSION-02,709,Endurance,24025.4,30.29,67.85,2855.7,91.32,662.22,4.834,88.53,28.79,1.509,27.517,26.16,17.709,95.81,0.0875,0,NORMAL,0,Normal,NORMAL,0.0844,1402.73,No action
2026-09-04T14:11:50,SIM-MISSION-02,710,Endurance,24069.1,27.93,67.2,2832.2,91.89,665.72,4.731,87.89,29.09,1.482,27.565,25.93,17.809,95.06,0.1175,0,NORMAL,0,Normal,NORMAL,0.1099,1402.67,No action
2026-09-04T14:11:51,SIM-MISSION-02,711,Endurance,24080.5,29.24,66.03,2847.1,89.62,653.95,4.719,88.14,29.53,1.511,27.508,25.72,17.81,95.84,0.0866,0,NORMAL,0,Normal,NORMAL,0.0836,1402.6,No action
2026-09-04T14:11:52,SIM-MISSION-02,712,Endurance,23903.5,28.4,67.26,2840.8,90.98,658.71,4.834,85.94,29.07,1.566,27.572,25.89,17.82,95.26,0.1095,0,NORMAL,0,Normal,NORMAL,0.103,1402.53,No action
2026-09-04T14:11:53,SIM-MISSION-02,713,Endurance,23968.4,27.52,67.47,2854.5,90.17,664.0,4.823,88.19,29.46,1.585,27.529,26.19,17.857,95.59,0.0962,0,NORMAL,0,Normal,NORMAL,0.0918,1402.47,No action
2026-09-04T14:11:54,SIM-MISSION-02,714,Endurance,24063.5,29.1,69.4,2818.1,91.6,664.37,4.721,87.9,28.89,1.609,27.686,26.13,17.859,95.25,0.1101,0,NORMAL,0,Normal,NORMAL,0.1036,1402.4,No action
2026-09-04T14:11:55,SIM-MISSION-02,715,Endurance,23821.6,29.23,67.83,2821.8,90.13,663.52,4.857,89.16,28.98,1.46,27.633,26.44,17.772,95.7,0.0921,0,NORMAL,0,Normal,NORMAL,0.0883,1402.33,No action
2026-09-04T14:11:56,SIM-MISSION-02,716,Endurance,24013.0,28.75,64.65,2821.8,92.31,658.45,4.697,87.36,28.67,1.495,27.582,25.89,17.882,95.88,0.0848,0,NORMAL,0,Normal,NORMAL,0.0821,1402.27,No action
2026-09-04T14:11:57,SIM-MISSION-02,717,Endurance,24064.7,28.29,67.7,2829.8,90.97,662.14,4.789,87.8,29.13,1.434,27.601,25.76,17.813,95.04,0.1185,0,NORMAL,0,Normal,NORMAL,0.1107,1402.2,No action
2026-09-04T14:11:58,SIM-MISSION-02,718,Endurance,24187.0,26.96,68.86,2809.6,91.43,651.45,4.852,88.59,29.06,1.603,27.488,25.85,17.755,95.29,0.1086,0,NORMAL,0,Normal,NORMAL,0.1023,1402.13,No action
2026-09-04T14:11:59,SIM-MISSION-02,719,Endurance,23916.9,29.01,67.68,2805.7,91.33,657.54,4.76,88.43,29.0,1.504,27.687,25.97,17.73,95.5,0.0999,0,NORMAL,0,Normal,NORMAL,0.0949,1402.07,No action
2026-09-04T14:12:00,SIM-MISSION-02,720,Endurance,23837.6,28.76,68.88,2679.7,94.35,645.29,4.557,89.6,29.67,3.167,27.716,25.75,17.736,83.01,0.5995,1,PRE_FAILURE,0,Misfire Failure,CRITICAL_WARNING,0.6195,1402.0,Immediate inspection recommended
2026-09-04T14:12:01,SIM-MISSION-02,721,Endurance,24069.4,28.11,69.13,2673.0,93.46,635.49,4.6,90.46,29.99,3.344,27.673,26.51,17.84,81.67,0.653,1,PRE_FAILURE,0,Misfire Failure,CRITICAL_WARNING,0.6651,1381.93,Immediate inspection recommended
2026-09-04T14:12:02,SIM-MISSION-02,722,Endurance,24072.2,29.99,68.82,2648.9,95.22,639.71,4.572,89.91,29.76,3.426,27.678,26.13,17.755,81.87,0.6452,1,PRE_FAILURE,0,Misfire Failure,CRITICAL_WARNING,0.6584,1361.87,Immediate inspection recommended
2026-09-04T14:12:03,SIM-MISSION-02,723,Endurance,23796.6,26.69,69.99,2627.2,94.17,634.76,4.522,90.06,30.08,3.561,27.715,25.98,17.801,80.55,0.6981,1,PRE_FAILURE,0,Misfire Failure,CRITICAL_WARNING,0.7034,1341.8,Immediate inspection recommended
2026-09-04T14:12:04,SIM-MISSION-02,724,Endurance,23906.1,27.27,69.52,2623.6,94.68,630.9,4.527,90.4,30.04,3.809,27.566,25.95,17.814,80.46,0.7016,1,PRE_FAILURE,0,Misfire Failure,CRITICAL_WARNING,0.7064,1321.73,Immediate inspection recommended
2026-09-04T14:12:05,SIM-MISSION-02,725,Endurance,24148.8,28.45,67.04,2590.4,94.66,632.7,4.52,90.74,30.37,4.039,27.458,25.99,17.814,78.93,0.7628,1,PRE_FAILURE,0,Misfire Failure,CRITICAL_WARNING,0.7584,1301.67,Immediate inspection recommended
2026-09-04T14:12:06,SIM-MISSION-02,726,Endurance,23988.2,28.99,67.0,2549.7,94.53,633.1,4.466,90.01,29.95,4.216,27.677,26.24,17.915,78.71,0.7717,1,PRE_FAILURE,0,Misfire Failure,CRITICAL_WARNING,0.7659,1281.6,Immediate inspection recommended
2026-09-04T14:12:07,SIM-MISSION-02,727,Endurance,23970.0,29.77,68.71,2531.8,94.98,629.61,4.41,91.9,29.92,4.586,27.67,26.27,17.736,75.92,0.8834,1,PRE_FAILURE,0,Misfire Failure,CRITICAL_WARNING,0.8609,1261.53,Immediate inspection recommended
2026-09-04T14:12:08,SIM-MISSION-02,728,Endurance,23998.4,28.93,68.61,2552.8,97.08,628.59,4.447,89.98,30.1,4.513,27.608,25.88,17.739,76.46,0.8615,1,PRE_FAILURE,0,Misfire Failure,CRITICAL_WARNING,0.8422,1241.47,Immediate inspection recommended
2026-09-04T14:12:09,SIM-MISSION-02,729,Endurance,23849.5,27.72,64.08,2512.4,97.13,628.01,4.309,91.94,30.12,4.746,27.568,26.39,17.824,75.93,0.8828,1,PRE_FAILURE,0,Misfire Failure,CRITICAL_WARNING,0.8604,1221.4,Immediate inspection recommended
2026-09-04T14:12:10,SIM-MISSION-02,730,Endurance,23944.8,28.4,68.52,2516.2,96.74,616.18,4.212,91.55,30.18,4.952,27.644,26.07,17.869,74.39,0.9444,1,PRE_FAILURE,0,Misfire Failure,CRITICAL_WARNING,0.9127,1201.33,Immediate inspection recommended
2026-09-04T14:12:11,SIM-MISSION-02,731,Endurance,24052.7,27.45,66.02,2519.4,96.08,616.23,4.287,92.5,30.36,4.997,27.647,25.98,17.799,74.95,0.9219,1,PRE_FAILURE,0,Misfire Failure,CRITICAL_WARNING,0.8936,1181.27,Immediate inspection recommended
2026-09-04T14:12:12,SIM-MISSION-02,732,Endurance,24101.8,27.95,68.22,2482.6,98.86,622.66,4.22,92.1,30.2,5.25,27.672,25.91,17.829,73.0,1.0,1,PRE_FAILURE,0,Misfire Failure,CRITICAL_WARNING,0.96,1161.2,Immediate inspection recommended
2026-09-04T14:12:13,SIM-MISSION-02,733,Endurance,23861.0,29.49,68.33,2474.3,98.58,614.03,4.26,92.08,29.8,5.323,27.702,26.18,17.804,73.0,1.0,1,PRE_FAILURE,0,Misfire Failure,CRITICAL_WARNING,0.96,1141.13,Immediate inspection recommended
2026-09-04T14:12:14,SIM-MISSION-02,734,Endurance,24091.7,26.68,65.98,2423.5,97.54,611.51,4.264,91.68,30.51,5.492,27.691,26.39,17.762,73.0,1.0,1,PRE_FAILURE,0,Misfire Failure,CRITICAL_WARNING,0.96,1121.07,Immediate inspection recommended
2026-09-04T14:12:15,SIM-MISSION-02,735,Endurance,23963.7,27.76,68.81,2399.7,98.04,619.52,4.224,92.25,30.83,5.597,27.512,26.28,17.854,33.0,1.0,1,FAILURE,1,Misfire Failure,ENGINE_FAILURE,0.96,20.0,Emergency shutdown / maintenance inspection
2026-09-04T14:12:16,SIM-MISSION-02,736,Endurance,24049.1,28.64,67.11,2435.6,97.62,616.86,4.195,91.55,30.86,5.838,27.632,26.11,17.915,33.0,1.0,1,FAILURE,1,Misfire Failure,ENGINE_FAILURE,0.96,18.5,Emergency shutdown / maintenance inspection
2026-09-04T14:12:17,SIM-MISSION-02,737,Endurance,24136.6,27.92,69.0,2379.0,98.11,611.94,4.216,92.52,31.02,6.076,27.594,25.64,17.767,33.0,1.0,1,FAILURE,1,Misfire Failure,ENGINE_FAILURE,0.96,17.0,Emergency shutdown / maintenance inspection
2026-09-04T14:12:18,SIM-MISSION-02,738,Endurance,24069.3,26.71,69.04,2364.0,98.31,604.98,4.13,93.66,31.21,6.269,27.645,25.72,17.791,33.0,1.0,1,FAILURE,1,Misfire Failure,ENGINE_FAILURE,0.96,15.5,Emergency shutdown / maintenance inspection
2026-09-04T14:12:19,SIM-MISSION-02,739,Endurance,24163.4,26.12,65.9,2380.3,99.03,603.73,4.134,90.6,30.75,6.568,27.554,26.28,17.717,33.0,1.0,1,FAILURE,1,Misfire Failure,ENGINE_FAILURE,0.96,14.0,Emergency shutdown / maintenance inspection
2026-09-04T14:12:20,SIM-MISSION-02,740,Endurance,24043.0,28.01,68.74,2339.1,98.9,606.93,4.04,92.87,31.06,6.44,27.437,26.6,17.804,33.0,1.0,1,FAILURE,1,Misfire Failure,ENGINE_FAILURE,0.96,12.5,Emergency shutdown / maintenance inspection
2026-09-04T14:12:21,SIM-MISSION-02,741,Endurance,23851.0,29.22,69.14,2324.8,98.86,592.11,4.041,94.61,30.76,6.602,27.722,26.31,17.771,33.0,1.0,1,FAILURE,1,Misfire Failure,ENGINE_FAILURE,0.96,11.0,Emergency shutdown / maintenance inspection
2026-09-04T14:12:22,SIM-MISSION-02,742,Endurance,24166.8,30.13,68.6,2313.0,100.51,605.09,3.943,93.64,31.6,7.021,27.484,26.2,17.768,33.0,1.0,1,FAILURE,1,Misfire Failure,ENGINE_FAILURE,0.96,9.5,Emergency shutdown / maintenance inspection
2026-09-04T14:12:23,SIM-MISSION-02,743,Endurance,24021.7,26.65,69.42,2305.3,101.33,599.77,4.027,94.99,31.45,7.117,27.556,25.69,17.848,33.0,1.0,1,FAILURE,1,Misfire Failure,ENGINE_FAILURE,0.96,8.0,Emergency shutdown / maintenance inspection
2026-09-04T14:12:24,SIM-MISSION-02,744,Endurance,23909.2,29.45,68.86,2254.1,100.0,599.4,4.004,94.13,30.96,7.269,27.474,26.55,17.806,33.0,1.0,1,FAILURE,1,Misfire Failure,ENGINE_FAILURE,0.96,6.5,Emergency shutdown / maintenance inspection
2026-09-04T14:12:25,SIM-MISSION-02,745,Endurance,24206.3,30.14,68.57,2780.2,90.95,664.46,4.752,88.52,29.65,1.519,27.644,25.63,17.817,96.07,0.0771,0,NORMAL,0,Normal,NORMAL,0.0755,1400.33,No action
2026-09-04T14:12:26,SIM-MISSION-02,746,Endurance,24251.2,28.12,67.13,2738.0,91.42,658.73,4.791,88.35,29.05,1.541,27.63,25.91,17.816,95.14,0.1146,0,NORMAL,0,Normal,NORMAL,0.1074,1400.27,No action
2026-09-04T14:12:27,SIM-MISSION-02,747,Endurance,24069.6,28.8,67.78,2767.9,92.15,652.49,4.794,87.26,28.83,1.471,27.583,26.39,17.761,95.05,0.118,0,NORMAL,0,Normal,NORMAL,0.1103,1400.2,No action
2026-09-04T14:12:28,SIM-MISSION-02,748,Endurance,23964.5,28.48,69.79,2769.6,90.64,658.44,4.78,87.12,28.2,1.512,27.621,25.84,17.856,95.45,0.1018,0,NORMAL,0,Normal,NORMAL,0.0965,1400.13,No action
2026-09-04T14:12:29,SIM-MISSION-02,749,Endurance,24039.7,29.48,64.77,2759.9,90.85,656.78,4.763,88.43,28.87,1.592,27.603,26.03,17.818,95.64,0.0942,0,NORMAL,0,Normal,NORMAL,0.0901,1400.07,No action
2026-09-04T14:12:30,SIM-MISSION-02,750,Endurance,23926.0,26.76,68.82,2779.5,93.06,665.36,4.812,87.14,28.91,1.536,27.611,26.13,17.737,95.59,0.0965,0,NORMAL,0,Normal,NORMAL,0.092,1400.0,No action
2026-09-04T14:12:31,SIM-MISSION-02,751,Endurance,24082.0,27.33,67.23,2771.9,90.62,651.19,4.806,87.89,28.43,1.603,27.58,26.12,17.74,95.35,0.1058,0,NORMAL,0,Normal,NORMAL,0.0999,1399.93,No action
2026-09-04T14:12:32,SIM-MISSION-02,752,Endurance,24188.0,29.18,67.91,2713.5,91.19,659.18,4.884,87.3,29.17,1.433,27.624,25.89,17.811,95.56,0.0975,0,NORMAL,0,Normal,NORMAL,0.0928,1399.87,No action
2026-09-04T14:12:33,SIM-MISSION-02,753,Endurance,23834.6,26.76,70.28,2764.8,90.27,656.77,4.864,88.04,28.75,1.497,27.71,26.04,17.757,95.36,0.1058,0,NORMAL,0,Normal,NORMAL,0.0999,1399.8,No action
2026-09-04T14:12:34,SIM-MISSION-02,754,Endurance,24118.2,28.85,68.19,2769.7,90.41,658.28,4.909,89.38,29.64,1.589,27.623,25.67,17.742,95.43,0.1027,0,NORMAL,0,Normal,NORMAL,0.0973,1399.73,No action
2026-09-04T14:12:35,SIM-MISSION-02,755,Endurance,23996.7,29.51,67.15,2772.5,91.52,661.17,4.881,87.26,29.71,1.601,27.496,26.1,17.888,95.29,0.1086,0,NORMAL,0,Normal,NORMAL,0.1023,1399.67,No action
2026-09-04T14:12:36,SIM-MISSION-02,756,Endurance,24111.8,26.29,68.18,2766.8,90.54,662.0,4.831,88.11,28.82,1.441,27.6,25.53,17.759,95.08,0.1167,0,NORMAL,0,Normal,NORMAL,0.1092,1399.6,No action
2026-09-04T14:12:37,SIM-MISSION-02,757,Endurance,24013.6,26.5,67.27,2780.5,89.38,661.02,4.808,88.65,29.08,1.637,27.555,25.98,17.846,95.69,0.0925,0,NORMAL,0,Normal,NORMAL,0.0886,1399.53,No action
2026-09-04T14:12:38,SIM-MISSION-02,758,Endurance,23861.1,27.07,67.65,2755.4,90.22,666.03,4.878,88.52,29.78,1.57,27.574,26.12,17.818,95.35,0.1061,0,NORMAL,0,Normal,NORMAL,0.1002,1399.47,No action
2026-09-04T14:12:39,SIM-MISSION-02,759,Endurance,24128.7,28.42,68.73,2764.8,90.05,664.62,4.828,87.61,29.4,1.573,27.736,25.95,17.776,95.87,0.0853,0,NORMAL,0,Normal,NORMAL,0.0825,1399.4,No action
2026-09-04T14:12:40,SIM-MISSION-02,760,Endurance,24132.5,28.47,67.41,2693.6,91.0,660.93,4.728,87.81,28.89,1.394,27.623,25.99,17.767,95.48,0.101,0,NORMAL,0,Normal,NORMAL,0.0958,1399.33,No action
2026-09-04T14:12:41,SIM-MISSION-02,761,Endurance,24089.4,27.7,68.33,2751.9,90.73,658.08,4.858,88.26,28.83,1.659,27.666,25.76,17.828,95.35,0.1062,0,NORMAL,0,Normal,NORMAL,0.1002,1399.27,No action
2026-09-04T14:12:42,SIM-MISSION-02,762,Endurance,24183.6,26.6,67.21,2746.3,90.15,661.32,4.797,86.81,29.02,1.584,27.616,25.92,17.838,96.04,0.0782,0,NORMAL,0,Normal,NORMAL,0.0765,1399.2,No action
2026-09-04T14:12:43,SIM-MISSION-02,763,Endurance,24023.5,29.37,66.76,2761.6,92.44,658.26,4.875,87.88,28.92,1.413,27.656,25.82,17.84,95.44,0.1026,0,NORMAL,0,Normal,NORMAL,0.0972,1399.13,No action
2026-09-04T14:12:44,SIM-MISSION-02,764,Endurance,23864.7,27.78,68.08,2771.9,90.11,663.92,4.796,87.55,28.86,1.63,27.476,25.87,17.748,95.59,0.0964,0,NORMAL,0,Normal,NORMAL,0.0919,1399.07,No action
2026-09-04T14:12:45,SIM-MISSION-02,765,Endurance,24019.4,25.65,67.02,2750.4,90.74,660.48,4.87,88.0,29.02,1.601,27.582,25.94,17.771,95.77,0.0892,0,NORMAL,0,Normal,NORMAL,0.0858,1399.0,No action
2026-09-04T14:12:46,SIM-MISSION-02,766,Endurance,24081.0,27.06,67.56,2743.6,91.13,663.96,4.885,86.92,28.76,1.538,27.459,25.78,17.805,96.2,0.072,0,NORMAL,0,Normal,NORMAL,0.0712,1398.93,No action
2026-09-04T14:12:47,SIM-MISSION-02,767,Endurance,24081.6,28.05,66.08,2752.4,89.64,659.52,4.849,88.62,29.29,1.587,27.526,25.57,17.867,95.85,0.0859,0,NORMAL,0,Normal,NORMAL,0.083,1398.87,No action
2026-09-04T14:12:48,SIM-MISSION-02,768,Endurance,24096.2,27.03,69.34,2777.3,90.62,664.09,4.969,87.56,28.97,1.504,27.585,25.86,17.835,95.42,0.1033,0,NORMAL,0,Normal,NORMAL,0.0978,1398.8,No action
2026-09-04T14:12:49,SIM-MISSION-02,769,Endurance,24063.2,27.79,68.68,2760.2,90.54,664.25,4.822,86.68,28.99,1.447,27.576,26.3,17.901,95.32,0.1073,0,NORMAL,0,Normal,NORMAL,0.1012,1398.73,No action
2026-09-04T14:12:50,SIM-MISSION-02,770,Endurance,23876.1,27.21,67.54,2714.3,91.67,660.94,4.801,88.23,29.17,1.561,27.681,25.99,17.857,95.63,0.0947,0,NORMAL,0,Normal,NORMAL,0.0905,1398.67,No action
2026-09-04T14:12:51,SIM-MISSION-02,771,Endurance,23922.4,28.2,71.13,2702.2,90.02,659.01,4.855,87.4,28.88,1.536,27.596,25.43,17.774,95.15,0.1141,0,NORMAL,0,Normal,NORMAL,0.107,1398.6,No action
2026-09-04T14:12:52,SIM-MISSION-02,772,Endurance,24006.3,27.55,68.71,2770.1,90.84,662.4,4.809,87.45,29.03,1.459,27.595,26.1,17.774,95.41,0.1036,0,NORMAL,0,Normal,NORMAL,0.0981,1398.53,No action
2026-09-04T14:12:53,SIM-MISSION-02,773,Endurance,24058.6,26.45,69.03,2734.8,91.13,660.6,4.858,86.77,29.1,1.527,27.566,25.64,17.91,95.48,0.1008,0,NORMAL,0,Normal,NORMAL,0.0957,1398.47,No action
2026-09-04T14:12:54,SIM-MISSION-02,774,Endurance,23805.9,28.13,68.81,2748.1,91.18,659.92,4.72,87.77,29.58,1.627,27.633,26.18,17.929,95.7,0.092,0,NORMAL,0,Normal,NORMAL,0.0882,1398.4,No action
2026-09-04T14:12:55,SIM-MISSION-02,775,Endurance,23786.7,27.5,66.34,2750.2,89.51,658.22,4.795,87.75,28.23,1.454,27.501,26.35,17.789,95.28,0.1089,0,NORMAL,0,Normal,NORMAL,0.1025,1398.33,No action
2026-09-04T14:12:56,SIM-MISSION-02,776,Endurance,23725.7,28.36,65.38,2759.3,90.2,655.85,4.696,87.38,29.24,1.572,27.672,25.8,17.92,95.9,0.0841,0,NORMAL,0,Normal,NORMAL,0.0815,1398.27,No action
2026-09-04T14:12:57,SIM-MISSION-02,777,Endurance,23786.0,28.52,68.31,2753.2,92.62,657.75,4.77,85.6,28.17,1.545,27.534,26.13,17.744,95.47,0.1011,0,NORMAL,0,Normal,NORMAL,0.096,1398.2,No action
2026-09-04T14:12:58,SIM-MISSION-02,778,Endurance,23945.6,28.04,67.85,2770.5,91.0,662.7,4.832,87.76,29.21,1.689,27.509,26.09,17.776,95.67,0.0933,0,NORMAL,0,Normal,NORMAL,0.0893,1398.13,No action
2026-09-04T14:12:59,SIM-MISSION-02,779,Endurance,24064.4,28.36,68.27,2737.6,91.2,651.47,4.846,87.53,28.75,1.631,27.657,26.17,17.827,95.88,0.0848,0,NORMAL,0,Normal,NORMAL,0.082,1398.07,No action
2026-09-04T14:13:00,SIM-MISSION-02,780,Endurance,23988.4,27.09,65.81,2761.4,90.81,658.98,4.754,88.93,28.73,1.589,27.56,25.65,17.785,95.64,0.0945,0,NORMAL,0,Normal,NORMAL,0.0903,1398.0,No action
2026-09-04T14:13:01,SIM-MISSION-02,781,Endurance,24242.9,29.15,68.15,2742.0,91.05,659.7,4.727,88.05,28.73,1.474,27.575,25.86,17.836,95.7,0.0919,0,NORMAL,0,Normal,NORMAL,0.0882,1397.93,No action
2026-09-04T14:13:02,SIM-MISSION-02,782,Endurance,24056.1,28.71,67.67,2707.7,89.78,655.62,4.865,87.17,28.96,1.522,27.688,25.86,17.82,95.03,0.119,0,NORMAL,0,Normal,NORMAL,0.1111,1397.87,No action
2026-09-04T14:13:03,SIM-MISSION-02,783,Endurance,23862.2,27.87,68.66,2744.2,90.88,663.97,4.911,87.91,29.17,1.47,27.72,25.67,17.822,95.78,0.0886,0,NORMAL,0,Normal,NORMAL,0.0853,1397.8,No action
2026-09-04T14:13:04,SIM-MISSION-02,784,Endurance,23984.3,27.5,69.65,2770.5,89.89,658.33,4.64,87.86,28.58,1.505,27.596,25.78,17.836,95.06,0.1175,0,NORMAL,0,Normal,NORMAL,0.1099,1397.73,No action
2026-09-04T14:13:05,SIM-MISSION-02,785,Endurance,23991.2,26.73,68.28,2765.7,91.8,657.83,4.796,87.82,29.26,1.507,27.415,26.17,17.845,95.19,0.1123,0,NORMAL,0,Normal,NORMAL,0.1054,1397.67,No action
2026-09-04T14:13:06,SIM-MISSION-02,786,Endurance,24079.4,29.12,68.71,2758.6,90.61,654.94,4.864,87.94,28.0,1.593,27.602,25.84,17.777,95.27,0.1093,0,NORMAL,0,Normal,NORMAL,0.1029,1397.6,No action
2026-09-04T14:13:07,SIM-MISSION-02,787,Endurance,24078.1,27.84,68.09,2739.2,92.27,670.68,4.808,88.33,29.18,1.652,27.498,26.33,17.774,95.34,0.1066,0,NORMAL,0,Normal,NORMAL,0.1006,1397.53,No action
2026-09-04T14:13:08,SIM-MISSION-02,788,Endurance,23998.0,27.74,65.96,2762.3,91.93,661.12,4.878,87.85,28.32,1.541,27.596,25.98,17.721,95.68,0.0929,0,NORMAL,0,Normal,NORMAL,0.089,1397.47,No action
2026-09-04T14:13:09,SIM-MISSION-02,789,Endurance,23927.5,26.98,71.01,2776.6,91.39,660.95,4.784,86.92,29.12,1.524,27.627,26.55,17.799,95.72,0.0912,0,NORMAL,0,Normal,NORMAL,0.0875,1397.4,No action
2026-09-04T14:13:10,SIM-MISSION-02,790,Endurance,24173.5,26.83,67.23,2756.2,89.33,660.89,4.825,88.51,29.11,1.609,27.654,26.01,17.814,95.58,0.0969,0,NORMAL,0,Normal,NORMAL,0.0923,1397.33,No action
2026-09-04T14:13:11,SIM-MISSION-02,791,Endurance,23966.3,27.73,68.71,2776.5,91.62,653.8,4.702,87.6,29.12,1.517,27.656,25.94,17.732,95.22,0.1113,0,NORMAL,0,Normal,NORMAL,0.1046,1397.27,No action
2026-09-04T14:13:12,SIM-MISSION-02,792,Endurance,24108.7,29.49,68.15,2727.2,91.62,666.54,4.804,87.02,28.52,1.542,27.495,25.82,17.739,95.95,0.0819,0,NORMAL,0,Normal,NORMAL,0.0796,1397.2,No action
2026-09-04T14:13:13,SIM-MISSION-02,793,Endurance,23987.6,27.64,67.07,2785.1,89.75,664.87,4.823,88.42,29.17,1.606,27.636,26.06,17.797,95.1,0.1162,0,NORMAL,0,Normal,NORMAL,0.1088,1397.13,No action
2026-09-04T14:13:14,SIM-MISSION-02,794,Endurance,24099.5,27.23,67.23,2774.0,91.38,659.52,4.799,86.68,28.6,1.519,27.621,26.11,17.738,95.43,0.1028,0,NORMAL,0,Normal,NORMAL,0.0974,1397.07,No action
2026-09-04T14:13:15,SIM-MISSION-02,795,Endurance,24140.6,28.64,70.52,2739.7,89.95,659.59,4.816,88.66,28.9,1.622,27.604,26.06,17.737,95.58,0.0967,0,NORMAL,0,Normal,NORMAL,0.0922,1397.0,No action
2026-09-04T14:13:16,SIM-MISSION-02,796,Endurance,23980.7,27.61,69.61,2751.7,90.51,662.87,4.764,87.43,28.71,1.483,27.543,26.42,17.802,95.35,0.106,0,NORMAL,0,Normal,NORMAL,0.1001,1396.93,No action
2026-09-04T14:13:17,SIM-MISSION-02,797,Endurance,23940.0,28.92,68.27,2737.7,91.21,660.0,4.799,87.9,29.17,1.504,27.497,25.81,17.711,94.93,0.1228,0,NORMAL,0,Normal,NORMAL,0.1144,1396.87,No action
2026-09-04T14:13:18,SIM-MISSION-02,798,Endurance,23936.0,28.53,68.94,2798.7,90.78,661.94,4.841,89.09,29.13,1.493,27.553,25.71,17.789,95.29,0.1086,0,NORMAL,0,Normal,NORMAL,0.1023,1396.8,No action
2026-09-04T14:13:19,SIM-MISSION-02,799,Endurance,24275.9,27.14,70.75,2727.1,90.92,665.07,4.792,87.7,29.42,1.655,27.604,25.39,17.835,95.82,0.087,0,NORMAL,0,Normal,NORMAL,0.084,1396.73,No action
2026-09-04T14:13:20,SIM-MISSION-02,800,Endurance,24214.5,28.26,66.92,2783.9,91.79,663.27,4.756,88.58,28.52,1.551,27.599,26.02,17.745,96.16,0.0737,0,NORMAL,0,Normal,NORMAL,0.0726,1396.67,No action
2026-09-04T14:13:21,SIM-MISSION-02,801,Endurance,23932.8,27.54,69.5,2750.4,91.23,660.02,4.896,87.62,29.41,1.437,27.592,26.15,17.789,95.43,0.1028,0,NORMAL,0,Normal,NORMAL,0.0974,1396.6,No action
2026-09-04T14:13:22,SIM-MISSION-02,802,Endurance,24030.6,27.21,68.33,2791.1,91.01,658.77,4.707,87.02,28.68,1.6,27.693,25.8,17.903,95.44,0.1025,0,NORMAL,0,Normal,NORMAL,0.0971,1396.53,No action
2026-09-04T14:13:23,SIM-MISSION-02,803,Endurance,23872.8,29.34,67.32,2785.8,91.15,662.75,4.705,87.07,29.29,1.667,27.585,25.93,17.798,95.91,0.0837,0,NORMAL,0,Normal,NORMAL,0.0811,1396.47,No action
2026-09-04T14:13:24,SIM-MISSION-02,804,Endurance,23993.1,28.78,67.74,2756.2,91.63,654.05,4.836,88.89,28.91,1.636,27.628,26.74,17.792,95.87,0.0852,0,NORMAL,0,Normal,NORMAL,0.0824,1396.4,No action
2026-09-04T14:13:25,SIM-MISSION-02,805,Endurance,23991.2,28.33,64.87,2754.1,92.11,658.02,4.817,88.98,28.82,1.568,27.584,25.79,17.831,95.87,0.0853,0,NORMAL,0,Normal,NORMAL,0.0825,1396.33,No action
2026-09-04T14:13:26,SIM-MISSION-02,806,Endurance,23934.6,28.11,69.56,2753.3,89.99,666.56,4.838,88.44,29.06,1.645,27.629,25.62,17.802,96.09,0.0763,0,NORMAL,0,Normal,NORMAL,0.0748,1396.27,No action
2026-09-04T14:13:27,SIM-MISSION-02,807,Endurance,24218.2,27.7,68.93,2771.7,90.54,660.96,4.824,89.31,28.73,1.55,27.518,26.34,17.821,95.31,0.1075,0,NORMAL,0,Normal,NORMAL,0.1014,1396.2,No action
2026-09-04T14:13:28,SIM-MISSION-02,808,Endurance,23956.4,29.29,68.37,2778.0,91.46,655.83,4.708,88.6,29.05,1.616,27.6,25.95,17.79,95.62,0.0953,0,NORMAL,0,Normal,NORMAL,0.091,1396.13,No action
2026-09-04T14:13:29,SIM-MISSION-02,809,Endurance,24047.6,27.32,67.26,2795.0,91.01,666.59,4.773,88.67,29.39,1.534,27.736,25.68,17.801,94.95,0.1222,0,NORMAL,0,Normal,NORMAL,0.1138,1396.07,No action
2026-09-04T14:13:30,SIM-MISSION-02,810,Endurance,24018.2,27.71,65.85,2773.2,90.47,664.5,4.757,87.5,29.15,1.516,27.622,26.05,17.777,96.27,0.0692,0,NORMAL,0,Normal,NORMAL,0.0688,1396.0,No action
2026-09-04T14:13:31,SIM-MISSION-02,811,Endurance,24049.6,28.14,67.24,2787.4,91.16,659.8,4.781,88.6,27.93,1.417,27.636,25.96,17.76,95.21,0.1117,0,NORMAL,0,Normal,NORMAL,0.105,1395.93,No action
2026-09-04T14:13:32,SIM-MISSION-02,812,Endurance,23975.7,27.27,69.69,2743.9,91.77,657.24,4.834,88.34,28.42,1.442,27.48,25.7,17.831,95.41,0.1036,0,NORMAL,0,Normal,NORMAL,0.098,1395.87,No action
2026-09-04T14:13:33,SIM-MISSION-02,813,Endurance,24021.9,27.34,68.9,2808.9,90.98,656.66,4.801,88.38,28.85,1.513,27.479,26.15,17.763,95.46,0.1016,0,NORMAL,0,Normal,NORMAL,0.0964,1395.8,No action
2026-09-04T14:13:34,SIM-MISSION-02,814,Endurance,23894.3,29.33,66.07,2789.5,90.08,660.56,4.889,89.53,28.63,1.588,27.603,25.89,17.839,95.29,0.1086,0,NORMAL,0,Normal,NORMAL,0.1023,1395.73,No action
2026-09-04T14:13:35,SIM-MISSION-02,815,Endurance,24046.2,28.36,68.13,2788.5,92.95,664.89,4.812,87.1,28.16,1.567,27.575,26.29,17.758,95.75,0.0899,0,NORMAL,0,Normal,NORMAL,0.0864,1395.67,No action
2026-09-04T14:13:36,SIM-MISSION-02,816,Endurance,24183.0,28.24,68.2,2755.8,91.01,664.27,4.823,88.87,28.72,1.414,27.538,25.65,17.881,95.17,0.1132,0,NORMAL,0,Normal,NORMAL,0.1063,1395.6,No action
2026-09-04T14:13:37,SIM-MISSION-02,817,Endurance,23827.9,27.11,66.5,2744.9,89.2,662.81,4.849,87.24,29.16,1.595,27.609,25.61,17.858,95.32,0.1073,0,NORMAL,0,Normal,NORMAL,0.1012,1395.53,No action
2026-09-04T14:13:38,SIM-MISSION-02,818,Endurance,23982.8,26.61,67.11,2803.9,90.18,653.75,4.792,87.86,28.6,1.576,27.644,26.06,17.882,95.03,0.119,0,NORMAL,0,Normal,NORMAL,0.1111,1395.47,No action
2026-09-04T14:13:39,SIM-MISSION-02,819,Endurance,24113.3,27.85,66.53,2762.9,89.72,652.05,4.817,86.79,28.86,1.553,27.576,26.24,17.738,95.13,0.1147,0,NORMAL,0,Normal,NORMAL,0.1075,1395.4,No action
2026-09-04T14:13:40,SIM-MISSION-02,820,Endurance,24052.6,28.89,66.89,2769.6,90.34,662.59,4.9,87.49,28.91,1.467,27.678,26.0,17.818,95.08,0.1168,0,NORMAL,0,Normal,NORMAL,0.1092,1395.33,No action
2026-09-04T14:13:41,SIM-MISSION-02,821,Endurance,24007.9,27.98,67.24,2785.9,90.44,661.14,4.812,88.79,29.39,1.444,27.447,26.34,17.776,95.27,0.1092,0,NORMAL,0,Normal,NORMAL,0.1029,1395.27,No action
2026-09-04T14:13:42,SIM-MISSION-02,822,Endurance,24065.2,26.69,68.43,2802.7,90.7,659.28,4.77,88.17,28.79,1.662,27.631,25.96,17.846,95.21,0.1118,0,NORMAL,0,Normal,NORMAL,0.105,1395.2,No action
2026-09-04T14:13:43,SIM-MISSION-02,823,Endurance,24127.9,27.35,69.21,2819.4,91.76,658.48,4.948,87.11,29.36,1.527,27.594,26.26,17.851,96.01,0.0797,0,NORMAL,0,Normal,NORMAL,0.0777,1395.13,No action
2026-09-04T14:13:44,SIM-MISSION-02,824,Endurance,24274.6,28.85,68.75,2795.6,91.15,654.57,4.867,87.86,28.62,1.5,27.5,25.65,17.818,95.02,0.1192,0,NORMAL,0,Normal,NORMAL,0.1114,1395.07,No action
2026-09-04T14:13:45,SIM-MISSION-02,825,Endurance,24304.1,26.02,66.58,2753.0,91.57,661.17,4.841,88.63,29.07,1.627,27.659,26.65,17.769,95.56,0.0975,0,NORMAL,0,Normal,NORMAL,0.0928,1395.0,No action
2026-09-04T14:13:46,SIM-MISSION-02,826,Endurance,24093.0,26.92,66.44,2798.8,90.12,659.69,4.825,87.36,29.44,1.713,27.565,26.27,17.756,95.21,0.1117,0,NORMAL,0,Normal,NORMAL,0.1049,1394.93,No action
2026-09-04T14:13:47,SIM-MISSION-02,827,Endurance,24087.4,27.96,67.63,2817.4,92.15,657.82,4.708,88.22,29.37,1.551,27.649,25.85,17.814,95.42,0.1031,0,NORMAL,0,Normal,NORMAL,0.0976,1394.87,No action
2026-09-04T14:13:48,SIM-MISSION-02,828,Endurance,23964.5,26.36,67.83,2804.3,89.78,652.54,4.766,87.98,28.86,1.551,27.575,25.87,17.769,95.24,0.1104,0,NORMAL,0,Normal,NORMAL,0.1039,1394.8,No action
2026-09-04T14:13:49,SIM-MISSION-02,829,Endurance,23978.4,27.93,70.24,2791.2,90.28,660.37,4.858,86.08,28.73,1.493,27.774,25.78,17.825,95.69,0.0925,0,NORMAL,0,Normal,NORMAL,0.0887,1394.73,No action
2026-09-04T14:13:50,SIM-MISSION-02,830,Endurance,24068.7,26.92,67.0,2814.4,90.34,660.43,4.767,87.48,29.51,1.429,27.675,25.94,17.796,95.46,0.1017,0,NORMAL,0,Normal,NORMAL,0.0965,1394.67,No action
2026-09-04T14:13:51,SIM-MISSION-02,831,Endurance,23959.7,25.98,65.2,2823.4,89.31,656.48,4.719,87.78,29.2,1.488,27.618,25.94,17.861,96.17,0.0731,0,NORMAL,0,Normal,NORMAL,0.0722,1394.6,No action
2026-09-04T14:13:52,SIM-MISSION-02,832,Endurance,23874.6,27.12,69.54,2816.0,91.09,656.04,4.747,88.12,29.12,1.525,27.641,25.78,17.808,95.15,0.114,0,NORMAL,0,Normal,NORMAL,0.1069,1394.53,No action
2026-09-04T14:13:53,SIM-MISSION-02,833,Endurance,23911.3,30.13,69.35,2799.2,91.11,661.49,4.723,87.11,29.04,1.357,27.668,25.96,17.754,95.54,0.0984,0,NORMAL,0,Normal,NORMAL,0.0937,1394.47,No action
2026-09-04T14:13:54,SIM-MISSION-02,834,Endurance,24073.1,28.92,66.2,2817.1,91.01,661.07,4.79,88.34,28.81,1.615,27.611,26.02,17.848,95.52,0.0993,0,NORMAL,0,Normal,NORMAL,0.0944,1394.4,No action
2026-09-04T14:13:55,SIM-MISSION-02,835,Endurance,23927.2,28.55,69.76,2815.6,90.48,663.31,4.691,88.72,28.37,1.465,27.672,25.97,17.753,95.4,0.1041,0,NORMAL,0,Normal,NORMAL,0.0985,1394.33,No action
2026-09-04T14:13:56,SIM-MISSION-02,836,Endurance,23959.8,28.03,65.72,2829.8,90.8,662.86,4.827,87.02,29.07,1.572,27.636,25.73,17.847,95.69,0.0924,0,NORMAL,0,Normal,NORMAL,0.0885,1394.27,No action
2026-09-04T14:13:57,SIM-MISSION-02,837,Endurance,24033.9,26.78,69.93,2821.0,91.13,661.96,4.915,87.72,29.22,1.53,27.595,25.76,17.776,95.53,0.0988,0,NORMAL,0,Normal,NORMAL,0.094,1394.2,No action
2026-09-04T14:13:58,SIM-MISSION-02,838,Endurance,23989.3,30.27,68.21,2837.7,91.39,661.45,4.864,88.02,28.8,1.588,27.634,26.52,17.78,94.99,0.1203,0,NORMAL,0,Normal,NORMAL,0.1122,1394.13,No action
2026-09-04T14:13:59,SIM-MISSION-02,839,Endurance,24107.8,28.39,66.28,2873.7,91.1,662.92,4.858,87.6,28.72,1.649,27.679,25.9,17.771,96.03,0.0789,0,NORMAL,0,Normal,NORMAL,0.077,1394.07,No action
2026-09-04T14:14:00,SIM-MISSION-02,840,Endurance,23820.2,28.81,64.84,2829.5,89.9,656.7,4.81,87.14,29.03,1.504,27.4,26.15,17.763,95.61,0.0956,0,NORMAL,0,Normal,NORMAL,0.0912,1394.0,No action
2026-09-04T14:14:01,SIM-MISSION-02,841,Endurance,24072.9,27.97,66.59,2824.9,90.86,663.94,4.694,88.06,29.32,1.589,27.518,26.1,17.883,95.72,0.0913,0,NORMAL,0,Normal,NORMAL,0.0876,1393.93,No action
2026-09-04T14:14:02,SIM-MISSION-02,842,Endurance,24033.6,26.95,68.04,2831.6,92.35,657.21,4.852,87.11,27.99,1.544,27.658,25.86,17.882,95.28,0.1088,0,NORMAL,0,Normal,NORMAL,0.1025,1393.87,No action
2026-09-04T14:14:03,SIM-MISSION-02,843,Endurance,23996.7,29.14,69.44,2862.8,92.12,665.44,4.873,88.91,29.32,1.651,27.626,25.79,17.825,95.78,0.089,0,NORMAL,0,Normal,NORMAL,0.0856,1393.8,No action
2026-09-04T14:14:04,SIM-MISSION-02,844,Endurance,23965.0,27.02,66.8,2833.5,93.07,662.54,4.879,88.65,29.41,1.569,27.547,25.62,17.726,96.2,0.0721,0,NORMAL,0,Normal,NORMAL,0.0713,1393.73,No action
2026-09-04T14:14:05,SIM-MISSION-02,845,Endurance,24182.6,29.72,68.37,2829.8,90.35,663.06,4.761,87.44,29.56,1.524,27.714,25.87,17.791,96.02,0.0792,0,NORMAL,0,Normal,NORMAL,0.0773,1393.67,No action
2026-09-04T14:14:06,SIM-MISSION-02,846,Endurance,24013.2,26.74,66.07,2836.4,91.89,661.03,4.772,89.14,28.64,1.547,27.679,25.93,17.823,95.57,0.097,0,NORMAL,0,Normal,NORMAL,0.0925,1393.6,No action
2026-09-04T14:14:07,SIM-MISSION-02,847,Endurance,23835.7,29.58,67.97,2830.6,90.49,658.93,4.812,87.77,28.43,1.554,27.704,26.0,17.781,95.27,0.1091,0,NORMAL,0,Normal,NORMAL,0.1027,1393.53,No action
2026-09-04T14:14:08,SIM-MISSION-02,848,Endurance,24083.6,27.46,69.66,2843.5,92.52,657.28,4.741,88.14,29.35,1.59,27.617,26.09,17.811,95.51,0.0994,0,NORMAL,0,Normal,NORMAL,0.0945,1393.47,No action
2026-09-04T14:14:09,SIM-MISSION-02,849,Endurance,24135.3,27.44,68.65,2848.8,90.41,658.96,4.77,86.97,29.35,1.582,27.646,26.69,17.699,95.44,0.1024,0,NORMAL,0,Normal,NORMAL,0.097,1393.4,No action
2026-09-04T14:14:10,SIM-MISSION-02,850,Endurance,23844.7,28.97,65.52,2844.7,90.15,662.87,4.914,87.49,29.06,1.572,27.55,25.42,17.846,95.09,0.1165,0,NORMAL,0,Normal,NORMAL,0.109,1393.33,No action
2026-09-04T14:14:11,SIM-MISSION-02,851,Endurance,23985.5,27.84,65.78,2882.3,90.61,655.42,4.791,87.99,28.59,1.526,27.671,26.18,17.858,95.83,0.0869,0,NORMAL,0,Normal,NORMAL,0.0839,1393.27,No action
2026-09-04T14:14:12,SIM-MISSION-02,852,Endurance,23835.3,29.15,70.68,2875.2,89.98,666.18,4.865,88.51,28.88,1.424,27.487,26.27,17.791,95.4,0.1041,0,NORMAL,0,Normal,NORMAL,0.0985,1393.2,No action
2026-09-04T14:14:13,SIM-MISSION-02,853,Endurance,23865.0,27.37,67.28,2855.5,91.06,662.65,4.714,87.17,29.49,1.435,27.504,25.6,17.736,95.71,0.0916,0,NORMAL,0,Normal,NORMAL,0.0879,1393.13,No action
2026-09-04T14:14:14,SIM-MISSION-02,854,Endurance,23848.6,28.33,67.49,2868.3,89.25,658.07,4.784,86.72,29.39,1.558,27.582,26.14,17.813,95.63,0.0949,0,NORMAL,0,Normal,NORMAL,0.0907,1393.07,No action
2026-09-04T14:14:15,SIM-MISSION-02,855,Endurance,23931.3,26.69,67.55,2867.3,90.12,662.21,4.886,87.07,29.61,1.643,27.678,25.94,17.884,95.28,0.1087,0,NORMAL,0,Normal,NORMAL,0.1024,1393.0,No action
2026-09-04T14:14:16,SIM-MISSION-02,856,Endurance,23889.5,28.18,68.14,2879.3,92.07,654.66,4.796,87.51,28.65,1.517,27.678,26.43,17.822,95.24,0.1104,0,NORMAL,0,Normal,NORMAL,0.1038,1392.93,No action
2026-09-04T14:14:17,SIM-MISSION-02,857,Endurance,23934.1,29.05,69.55,2858.8,91.19,653.13,4.828,87.8,29.07,1.568,27.71,25.91,17.721,95.18,0.1127,0,NORMAL,0,Normal,NORMAL,0.1058,1392.87,No action
2026-09-04T14:14:18,SIM-MISSION-02,858,Endurance,24130.7,28.45,68.56,2892.6,90.05,656.31,4.725,89.11,28.36,1.47,27.628,26.34,17.855,95.26,0.1096,0,NORMAL,0,Normal,NORMAL,0.1032,1392.8,No action
2026-09-04T14:14:19,SIM-MISSION-02,859,Endurance,23973.2,27.77,68.65,2869.2,91.19,662.34,4.838,88.15,28.7,1.557,27.651,25.67,17.763,95.25,0.1099,0,NORMAL,0,Normal,NORMAL,0.1034,1392.73,No action
2026-09-04T14:14:20,SIM-MISSION-02,860,Endurance,24059.5,26.96,71.35,2877.5,90.65,658.09,4.693,87.84,29.57,1.495,27.553,26.14,17.838,95.67,0.0931,0,NORMAL,0,Normal,NORMAL,0.0892,1392.67,No action
2026-09-04T14:14:21,SIM-MISSION-02,861,Endurance,24254.7,27.29,67.6,2861.3,90.45,659.67,4.829,88.18,28.71,1.551,27.509,25.82,17.742,95.37,0.1051,0,NORMAL,0,Normal,NORMAL,0.0993,1392.6,No action
2026-09-04T14:14:22,SIM-MISSION-02,862,Endurance,24071.2,28.38,70.14,2891.2,91.2,658.77,4.761,87.21,29.05,1.497,27.595,26.27,17.722,95.76,0.0894,0,NORMAL,0,Normal,NORMAL,0.086,1392.53,No action
2026-09-04T14:14:23,SIM-MISSION-02,863,Endurance,23978.7,27.4,69.43,2878.8,91.36,665.22,4.803,88.74,29.67,1.559,27.534,25.88,17.818,96.2,0.0719,0,NORMAL,0,Normal,NORMAL,0.0711,1392.47,No action
2026-09-04T14:14:24,SIM-MISSION-02,864,Endurance,23820.0,27.42,68.23,2918.2,90.25,662.33,4.805,88.62,29.6,1.528,27.496,26.41,17.766,95.24,0.1102,0,NORMAL,0,Normal,NORMAL,0.1037,1392.4,No action
2026-09-04T14:14:25,SIM-MISSION-02,865,Endurance,23730.1,28.21,68.78,2890.9,90.5,667.2,4.721,88.57,28.79,1.556,27.542,26.14,17.855,95.54,0.0985,0,NORMAL,0,Normal,NORMAL,0.0937,1392.33,No action
2026-09-04T14:14:26,SIM-MISSION-02,866,Endurance,23874.9,26.65,70.21,2848.7,91.78,655.64,4.689,86.88,29.0,1.481,27.604,25.61,17.836,95.49,0.1006,0,NORMAL,0,Normal,NORMAL,0.0955,1392.27,No action
2026-09-04T14:14:27,SIM-MISSION-02,867,Endurance,23857.7,27.93,67.2,2873.6,91.82,657.24,4.704,89.79,29.54,1.665,27.543,26.22,17.752,95.29,0.1086,0,NORMAL,0,Normal,NORMAL,0.1023,1392.2,No action
2026-09-04T14:14:28,SIM-MISSION-02,868,Endurance,23985.1,28.77,69.24,2865.3,91.67,658.19,4.806,88.12,28.68,1.497,27.53,25.23,17.806,95.11,0.1155,0,NORMAL,0,Normal,NORMAL,0.1082,1392.13,No action
2026-09-04T14:14:29,SIM-MISSION-02,869,Endurance,23935.4,30.92,69.88,2875.1,90.75,651.98,4.759,88.28,28.44,1.538,27.785,26.25,17.804,95.23,0.1109,0,NORMAL,0,Normal,NORMAL,0.1042,1392.07,No action
2026-09-04T14:14:30,SIM-MISSION-02,870,Endurance,24169.4,28.63,69.78,2916.0,91.78,664.31,4.749,87.89,29.28,1.523,27.603,25.85,17.775,95.66,0.0936,0,NORMAL,0,Normal,NORMAL,0.0895,1392.0,No action
2026-09-04T14:14:31,SIM-MISSION-02,871,Endurance,24091.5,27.32,69.25,2868.2,90.34,657.18,4.882,87.82,29.3,1.651,27.624,25.77,17.807,95.53,0.0988,0,NORMAL,0,Normal,NORMAL,0.094,1391.93,No action
2026-09-04T14:14:32,SIM-MISSION-02,872,Endurance,23895.9,28.28,71.64,2873.3,90.61,660.98,4.708,88.16,28.79,1.428,27.622,26.42,17.727,95.47,0.1012,0,NORMAL,0,Normal,NORMAL,0.096,1391.87,No action
2026-09-04T14:14:33,SIM-MISSION-02,873,Endurance,23982.2,27.39,68.68,2864.7,91.12,660.09,4.65,86.52,28.56,1.507,27.614,25.87,17.747,95.39,0.1045,0,NORMAL,0,Normal,NORMAL,0.0988,1391.8,No action
2026-09-04T14:14:34,SIM-MISSION-02,874,Endurance,23942.5,29.11,68.41,2878.0,90.74,665.58,4.824,88.69,28.45,1.56,27.491,26.13,17.812,95.07,0.1173,0,NORMAL,0,Normal,NORMAL,0.1097,1391.73,No action
2026-09-04T14:14:35,SIM-MISSION-02,875,Endurance,24085.1,27.02,69.25,2907.0,90.42,658.49,4.841,87.54,29.22,1.564,27.542,25.21,17.796,95.72,0.091,0,NORMAL,0,Normal,NORMAL,0.0874,1391.67,No action
2026-09-04T14:14:36,SIM-MISSION-02,876,Endurance,23926.2,27.39,68.43,2929.9,92.28,660.85,4.827,87.03,29.51,1.492,27.648,26.62,17.819,95.32,0.1072,0,NORMAL,0,Normal,NORMAL,0.1011,1391.6,No action
2026-09-04T14:14:37,SIM-MISSION-02,877,Endurance,24111.4,28.59,67.54,2933.7,90.4,658.6,4.717,88.13,28.64,1.533,27.577,25.98,17.764,95.08,0.1168,0,NORMAL,0,Normal,NORMAL,0.1093,1391.53,No action
2026-09-04T14:14:38,SIM-MISSION-02,878,Endurance,23994.2,27.12,70.5,2921.9,89.68,659.1,4.817,88.18,29.2,1.446,27.633,25.83,17.814,95.3,0.1081,0,NORMAL,0,Normal,NORMAL,0.1019,1391.47,No action
2026-09-04T14:14:39,SIM-MISSION-02,879,Endurance,24090.2,27.95,69.06,2932.2,89.42,656.8,4.652,87.85,28.71,1.505,27.516,26.58,17.839,95.77,0.0894,0,NORMAL,0,Normal,NORMAL,0.086,1391.4,No action
2026-09-04T14:14:40,SIM-MISSION-02,880,Endurance,23930.3,27.04,69.5,2907.4,89.75,660.22,4.642,87.43,28.19,1.577,27.641,26.24,17.728,94.78,0.129,0,NORMAL,0,Normal,NORMAL,0.1196,1391.33,No action
2026-09-04T14:14:41,SIM-MISSION-02,881,Endurance,24042.5,26.2,68.35,2903.2,90.48,663.27,4.761,88.24,28.97,1.469,27.598,25.99,17.804,95.64,0.0944,0,NORMAL,0,Normal,NORMAL,0.0902,1391.27,No action
2026-09-04T14:14:42,SIM-MISSION-02,882,Endurance,23975.4,27.58,64.67,2906.5,91.97,661.01,4.778,87.41,28.76,1.533,27.447,25.87,17.786,96.19,0.0726,0,NORMAL,0,Normal,NORMAL,0.0717,1391.2,No action
2026-09-04T14:14:43,SIM-MISSION-02,883,Endurance,24009.6,29.23,67.8,2954.8,92.56,647.74,4.754,88.77,29.09,1.658,27.694,25.94,17.853,95.99,0.0804,0,NORMAL,0,Normal,NORMAL,0.0783,1391.13,No action
2026-09-04T14:14:44,SIM-MISSION-02,884,Endurance,23872.0,30.11,67.06,2937.1,90.65,665.56,4.878,88.92,28.32,1.48,27.547,25.78,17.693,95.09,0.1163,0,NORMAL,0,Normal,NORMAL,0.1088,1391.07,No action
2026-09-04T14:14:45,SIM-MISSION-02,885,Endurance,23766.9,28.78,69.9,2901.8,91.27,658.96,4.724,88.13,29.04,1.539,27.692,26.22,17.72,95.86,0.0857,0,NORMAL,0,Normal,NORMAL,0.0829,1391.0,No action
2026-09-04T14:14:46,SIM-MISSION-02,886,Endurance,23927.7,26.69,71.79,2946.3,90.25,660.0,4.755,88.41,28.81,1.566,27.496,26.15,17.8,95.01,0.1195,0,NORMAL,0,Normal,NORMAL,0.1115,1390.93,No action
2026-09-04T14:14:47,SIM-MISSION-02,887,Endurance,23996.9,28.82,70.37,2939.4,90.28,662.84,4.861,89.02,29.52,1.644,27.596,25.98,17.808,95.65,0.0939,0,NORMAL,0,Normal,NORMAL,0.0898,1390.87,No action
2026-09-04T14:14:48,SIM-MISSION-02,888,Endurance,24047.3,27.75,63.76,2902.4,90.67,660.01,4.773,87.6,29.13,1.472,27.641,25.89,17.718,95.91,0.0836,0,NORMAL,0,Normal,NORMAL,0.0811,1390.8,No action
2026-09-04T14:14:49,SIM-MISSION-02,889,Endurance,23967.9,27.59,69.45,2915.9,90.89,661.25,4.78,87.25,29.44,1.541,27.631,25.79,17.805,95.86,0.0855,0,NORMAL,0,Normal,NORMAL,0.0827,1390.73,No action
2026-09-04T14:14:50,SIM-MISSION-02,890,Endurance,24183.1,27.91,66.51,2905.9,92.31,655.01,4.826,87.45,28.92,1.505,27.541,25.96,17.68,95.46,0.1015,0,NORMAL,0,Normal,NORMAL,0.0962,1390.67,No action
2026-09-04T14:14:51,SIM-MISSION-02,891,Endurance,24069.2,26.51,69.22,2911.4,91.63,661.35,4.725,87.41,28.53,1.628,27.5,25.6,17.801,95.78,0.0887,0,NORMAL,0,Normal,NORMAL,0.0854,1390.6,No action
2026-09-04T14:14:52,SIM-MISSION-02,892,Endurance,23946.9,28.5,68.36,2944.4,91.01,659.52,4.661,88.56,28.95,1.552,27.501,26.37,17.771,95.62,0.0954,0,NORMAL,0,Normal,NORMAL,0.0911,1390.53,No action
2026-09-04T14:14:53,SIM-MISSION-02,893,Endurance,24121.5,27.78,66.79,2940.8,91.91,657.37,4.84,87.24,28.99,1.407,27.591,25.91,17.759,95.62,0.0954,0,NORMAL,0,Normal,NORMAL,0.0911,1390.47,No action
2026-09-04T14:14:54,SIM-MISSION-02,894,Endurance,23938.6,28.15,68.73,2934.0,91.24,665.03,4.86,88.3,28.38,1.593,27.544,26.11,17.758,95.68,0.0929,0,NORMAL,0,Normal,NORMAL,0.089,1390.4,No action
2026-09-04T14:14:55,SIM-MISSION-02,895,Endurance,24085.8,27.31,66.78,2906.5,91.86,659.62,4.788,87.31,29.21,1.459,27.681,25.73,17.8,95.51,0.0995,0,NORMAL,0,Normal,NORMAL,0.0946,1390.33,No action
2026-09-04T14:14:56,SIM-MISSION-02,896,Endurance,23875.5,28.06,68.16,2912.5,90.75,656.49,4.808,87.09,28.78,1.602,27.605,25.67,17.78,95.25,0.1099,0,NORMAL,0,Normal,NORMAL,0.1034,1390.27,No action
2026-09-04T14:14:57,SIM-MISSION-02,897,Endurance,23752.7,28.59,67.26,2918.2,89.67,663.7,4.831,88.41,29.28,1.524,27.698,26.23,17.761,96.13,0.0749,0,NORMAL,0,Normal,NORMAL,0.0736,1390.2,No action
2026-09-04T14:14:58,SIM-MISSION-02,898,Endurance,24393.7,25.92,68.46,2949.3,90.28,662.16,4.794,86.93,29.18,1.584,27.639,25.76,17.725,95.1,0.1158,0,NORMAL,0,Normal,NORMAL,0.1084,1390.13,No action
2026-09-04T14:14:59,SIM-MISSION-02,899,Endurance,24174.0,27.68,68.12,2930.4,91.72,662.12,4.861,87.06,28.55,1.6,27.431,25.83,17.717,95.62,0.0954,0,NORMAL,0,Normal,NORMAL,0.0911,1390.07,No action
2026-09-04T14:15:00,SIM-MISSION-02,900,Endurance,24016.5,28.45,64.16,2925.4,94.01,664.73,4.482,90.12,29.4,2.459,26.189,19.85,17.832,85.51,0.4994,0,PRE_FAILURE,0,Alternator Failure,CRITICAL_WARNING,0.5345,1390.0,Immediate inspection recommended
2026-09-04T14:15:01,SIM-MISSION-02,901,Endurance,24074.5,27.61,70.12,2893.8,95.25,670.77,4.603,90.83,29.2,2.475,26.042,18.62,17.838,84.58,0.5367,0,PRE_FAILURE,0,Alternator Failure,CRITICAL_WARNING,0.5662,1369.93,Immediate inspection recommended
2026-09-04T14:15:02,SIM-MISSION-02,902,Endurance,24193.9,28.66,66.99,2931.8,94.87,666.14,4.463,90.08,29.18,2.555,25.994,18.32,17.725,83.79,0.5683,1,PRE_FAILURE,0,Alternator Failure,CRITICAL_WARNING,0.5931,1349.87,Immediate inspection recommended
2026-09-04T14:15:03,SIM-MISSION-02,903,Endurance,24035.8,28.17,67.03,2921.3,95.46,666.46,4.461,90.79,30.24,2.388,25.771,17.46,17.709,84.71,0.5315,0,PRE_FAILURE,0,Alternator Failure,CRITICAL_WARNING,0.5617,1329.8,Immediate inspection recommended
2026-09-04T14:15:04,SIM-MISSION-02,904,Endurance,24031.2,28.49,66.77,2898.1,94.66,664.5,4.604,91.99,29.48,2.557,25.523,17.13,17.799,83.88,0.5649,1,PRE_FAILURE,0,Alternator Failure,CRITICAL_WARNING,0.5901,1309.73,Immediate inspection recommended
2026-09-04T14:15:05,SIM-MISSION-02,905,Endurance,24145.8,28.12,70.89,2881.0,94.88,669.82,4.335,90.46,29.32,2.736,25.516,16.45,17.787,82.58,0.617,1,PRE_FAILURE,0,Alternator Failure,CRITICAL_WARNING,0.6344,1289.67,Immediate inspection recommended
2026-09-04T14:15:06,SIM-MISSION-02,906,Endurance,24096.3,28.38,67.09,2896.9,95.41,673.71,4.325,91.24,29.45,2.797,25.358,16.24,17.794,82.22,0.6313,1,PRE_FAILURE,0,Alternator Failure,CRITICAL_WARNING,0.6466,1269.6,Immediate inspection recommended
2026-09-04T14:15:07,SIM-MISSION-02,907,Endurance,23957.6,28.13,66.12,2867.8,96.29,666.55,4.413,90.59,30.38,2.808,25.301,15.66,17.803,81.89,0.6442,1,PRE_FAILURE,0,Alternator Failure,CRITICAL_WARNING,0.6576,1249.53,Immediate inspection recommended
2026-09-04T14:15:08,SIM-MISSION-02,908,Endurance,24078.6,28.72,65.5,2881.5,96.54,672.86,4.284,91.23,29.87,2.984,24.831,14.23,17.768,80.46,0.7017,1,PRE_FAILURE,0,Alternator Failure,CRITICAL_WARNING,0.7064,1229.47,Immediate inspection recommended
2026-09-04T14:15:09,SIM-MISSION-02,909,Endurance,23976.9,29.82,68.18,2861.7,95.9,676.75,4.321,92.54,30.49,3.002,25.018,14.24,17.704,80.63,0.695,1,PRE_FAILURE,0,Alternator Failure,CRITICAL_WARNING,0.7007,1209.4,Immediate inspection recommended
2026-09-04T14:15:10,SIM-MISSION-02,910,Endurance,23947.5,28.72,68.29,2888.7,98.49,677.09,4.342,91.06,30.48,3.172,24.751,13.11,17.844,78.55,0.778,1,PRE_FAILURE,0,Alternator Failure,CRITICAL_WARNING,0.7713,1189.33,Immediate inspection recommended
2026-09-04T14:15:11,SIM-MISSION-02,911,Endurance,23948.7,27.02,64.59,2867.4,98.95,672.94,4.287,91.98,30.29,3.311,24.697,12.73,17.804,78.96,0.7618,1,PRE_FAILURE,0,Alternator Failure,CRITICAL_WARNING,0.7575,1169.27,Immediate inspection recommended
2026-09-04T14:15:12,SIM-MISSION-02,912,Endurance,23863.3,27.93,66.42,2871.5,98.69,671.95,4.232,92.05,31.03,3.259,24.41,12.07,17.736,77.9,0.804,1,PRE_FAILURE,0,Alternator Failure,CRITICAL_WARNING,0.7934,1149.2,Immediate inspection recommended
2026-09-04T14:15:13,SIM-MISSION-02,913,Endurance,24027.0,27.79,66.94,2847.2,96.63,677.09,4.393,92.51,30.23,3.317,24.38,11.19,17.775,77.5,0.8201,1,PRE_FAILURE,0,Alternator Failure,CRITICAL_WARNING,0.8071,1129.13,Immediate inspection recommended
2026-09-04T14:15:14,SIM-MISSION-02,914,Endurance,24169.0,29.25,67.26,2859.4,98.51,681.3,4.266,92.58,30.72,3.403,24.256,10.1,17.832,76.72,0.8512,1,PRE_FAILURE,0,Alternator Failure,CRITICAL_WARNING,0.8335,1109.07,Immediate inspection recommended
2026-09-04T14:15:15,SIM-MISSION-02,915,Endurance,23947.2,29.83,68.21,2881.5,95.93,679.82,4.212,93.38,30.39,3.554,23.99,9.88,17.732,35.87,0.8851,1,FAILURE,1,Alternator Failure,ENGINE_FAILURE,0.8623,20.0,Emergency shutdown / maintenance inspection
2026-09-04T14:15:16,SIM-MISSION-02,916,Endurance,24072.8,27.73,69.74,2822.7,99.35,675.8,4.186,92.8,30.53,3.803,23.827,9.25,17.807,34.1,0.956,1,FAILURE,1,Alternator Failure,ENGINE_FAILURE,0.9226,18.5,Emergency shutdown / maintenance inspection
2026-09-04T14:15:17,SIM-MISSION-02,917,Endurance,24296.8,28.34,68.87,2838.6,99.74,683.26,4.124,91.26,31.13,3.687,23.789,8.4,17.823,33.87,0.9651,1,FAILURE,1,Alternator Failure,ENGINE_FAILURE,0.9304,17.0,Emergency shutdown / maintenance inspection
2026-09-04T14:15:18,SIM-MISSION-02,918,Endurance,24076.4,28.97,67.02,2836.7,99.1,679.23,4.018,92.75,30.68,3.891,23.683,7.86,17.777,33.84,0.9662,1,FAILURE,1,Alternator Failure,ENGINE_FAILURE,0.9313,15.5,Emergency shutdown / maintenance inspection
2026-09-04T14:15:19,SIM-MISSION-02,919,Endurance,23882.8,28.54,66.92,2819.6,97.71,678.79,4.183,93.0,30.45,3.81,23.649,7.49,17.835,33.25,0.99,1,FAILURE,1,Alternator Failure,ENGINE_FAILURE,0.9515,14.0,Emergency shutdown / maintenance inspection
2026-09-04T14:15:20,SIM-MISSION-02,920,Endurance,23897.6,28.09,68.98,2787.8,98.3,687.26,4.083,94.0,30.75,3.981,23.235,6.4,17.861,33.0,1.0,1,FAILURE,1,Alternator Failure,ENGINE_FAILURE,0.96,12.5,Emergency shutdown / maintenance inspection
2026-09-04T14:15:21,SIM-MISSION-02,921,Endurance,23816.4,28.48,66.7,2850.7,100.01,680.26,4.004,94.48,31.33,3.832,23.203,5.24,17.798,33.0,1.0,1,FAILURE,1,Alternator Failure,ENGINE_FAILURE,0.96,11.0,Emergency shutdown / maintenance inspection
2026-09-04T14:15:22,SIM-MISSION-02,922,Endurance,23886.4,27.42,67.74,2787.0,99.86,677.03,3.996,94.52,31.07,4.165,23.02,5.55,17.87,33.0,1.0,1,FAILURE,1,Alternator Failure,ENGINE_FAILURE,0.96,9.5,Emergency shutdown / maintenance inspection
2026-09-04T14:15:23,SIM-MISSION-02,923,Endurance,23849.0,27.17,69.06,2825.6,100.71,680.81,4.052,94.44,31.39,4.064,22.814,5.31,17.799,33.0,1.0,1,FAILURE,1,Alternator Failure,ENGINE_FAILURE,0.96,8.0,Emergency shutdown / maintenance inspection
2026-09-04T14:15:24,SIM-MISSION-02,924,Endurance,24022.8,28.85,68.78,2824.0,100.33,685.98,4.04,93.17,30.88,4.236,22.868,4.37,17.687,33.0,1.0,1,FAILURE,1,Alternator Failure,ENGINE_FAILURE,0.96,6.5,Emergency shutdown / maintenance inspection
2026-09-04T14:15:25,SIM-MISSION-02,925,Endurance,23980.0,28.52,67.23,2928.2,91.83,659.14,4.738,88.38,28.67,1.476,27.537,26.15,17.851,94.77,0.1293,0,NORMAL,0,Normal,NORMAL,0.1199,1388.33,No action
2026-09-04T14:15:26,SIM-MISSION-02,926,Endurance,23867.0,29.22,67.05,2954.7,90.96,655.24,4.806,87.56,28.71,1.462,27.618,25.85,17.802,96.01,0.0796,0,NORMAL,0,Normal,NORMAL,0.0777,1388.27,No action
2026-09-04T14:15:27,SIM-MISSION-02,927,Endurance,24092.6,28.31,69.47,2959.6,91.21,662.29,4.727,88.57,28.42,1.498,27.544,25.82,17.707,96.17,0.0731,0,NORMAL,0,Normal,NORMAL,0.0721,1388.2,No action
2026-09-04T14:15:28,SIM-MISSION-02,928,Endurance,23861.2,26.72,67.72,2951.4,90.75,657.64,4.748,88.92,28.82,1.479,27.667,26.59,17.734,95.58,0.0966,0,NORMAL,0,Normal,NORMAL,0.0921,1388.13,No action
2026-09-04T14:15:29,SIM-MISSION-02,929,Endurance,23895.2,28.22,66.59,2955.9,90.83,662.48,4.707,87.08,28.67,1.528,27.611,25.85,17.694,94.95,0.1221,0,NORMAL,0,Normal,NORMAL,0.1138,1388.07,No action
2026-09-04T14:15:30,SIM-MISSION-02,930,Endurance,23984.4,27.99,65.62,2934.6,91.19,662.77,4.685,87.73,29.44,1.474,27.53,26.0,17.82,95.17,0.1133,0,NORMAL,0,Normal,NORMAL,0.1063,1388.0,No action
2026-09-04T14:15:31,SIM-MISSION-02,931,Endurance,24028.8,26.91,66.21,2949.9,90.79,663.76,4.788,88.22,28.94,1.569,27.606,25.62,17.836,95.29,0.1085,0,NORMAL,0,Normal,NORMAL,0.1022,1387.93,No action
2026-09-04T14:15:32,SIM-MISSION-02,932,Endurance,24164.5,27.37,65.9,2945.4,90.68,660.6,4.745,88.68,29.04,1.629,27.551,25.78,17.816,95.75,0.09,0,NORMAL,0,Normal,NORMAL,0.0865,1387.87,No action
2026-09-04T14:15:33,SIM-MISSION-02,933,Endurance,24080.7,28.48,67.24,2946.2,89.85,663.66,4.728,87.14,29.06,1.464,27.442,25.66,17.81,95.35,0.1058,0,NORMAL,0,Normal,NORMAL,0.1,1387.8,No action
2026-09-04T14:15:34,SIM-MISSION-02,934,Endurance,24079.0,28.7,69.39,2971.3,91.05,664.88,4.779,88.89,29.29,1.63,27.841,26.09,17.83,95.14,0.1145,0,NORMAL,0,Normal,NORMAL,0.1073,1387.73,No action
2026-09-04T14:15:35,SIM-MISSION-02,935,Endurance,23943.9,29.44,67.92,2943.3,90.53,654.74,4.805,87.56,28.5,1.671,27.687,26.06,17.74,95.47,0.1012,0,NORMAL,0,Normal,NORMAL,0.096,1387.67,No action
2026-09-04T14:15:36,SIM-MISSION-02,936,Endurance,24009.1,28.53,69.1,2962.3,90.11,661.61,4.701,88.33,29.24,1.661,27.402,26.46,17.754,95.86,0.0855,0,NORMAL,0,Normal,NORMAL,0.0827,1387.6,No action
2026-09-04T14:15:37,SIM-MISSION-02,937,Endurance,24054.6,28.3,69.8,2937.6,91.44,658.21,4.759,87.45,28.48,1.549,27.554,26.46,17.776,96.49,0.0603,0,NORMAL,0,Normal,NORMAL,0.0613,1387.53,No action
2026-09-04T14:15:38,SIM-MISSION-02,938,Endurance,23999.4,28.92,67.56,2963.6,92.43,661.79,4.9,87.77,28.82,1.636,27.624,26.34,17.758,95.39,0.1043,0,NORMAL,0,Normal,NORMAL,0.0986,1387.47,No action
2026-09-04T14:15:39,SIM-MISSION-02,939,Endurance,23848.5,29.27,64.65,2998.4,90.88,665.8,4.787,86.99,28.48,1.475,27.435,25.95,17.834,95.65,0.094,0,NORMAL,0,Normal,NORMAL,0.0899,1387.4,No action
2026-09-04T14:15:40,SIM-MISSION-02,940,Endurance,23807.1,28.09,68.51,2964.9,91.27,660.27,4.774,87.92,29.56,1.602,27.621,26.55,17.811,95.67,0.0933,0,NORMAL,0,Normal,NORMAL,0.0893,1387.33,No action
2026-09-04T14:15:41,SIM-MISSION-02,941,Endurance,23953.5,28.15,70.74,2929.9,91.69,654.38,4.72,87.99,28.72,1.504,27.598,25.69,17.79,95.49,0.1005,0,NORMAL,0,Normal,NORMAL,0.0954,1387.27,No action
2026-09-04T14:15:42,SIM-MISSION-02,942,Endurance,23826.2,26.93,68.02,2921.5,91.31,663.53,4.764,87.62,29.15,1.409,27.702,25.76,17.703,95.93,0.0828,0,NORMAL,0,Normal,NORMAL,0.0804,1387.2,No action
2026-09-04T14:15:43,SIM-MISSION-02,943,Endurance,23916.1,27.1,67.95,2934.4,91.3,652.25,4.793,87.28,28.88,1.591,27.617,26.32,17.748,95.37,0.1053,0,NORMAL,0,Normal,NORMAL,0.0995,1387.13,No action
2026-09-04T14:15:44,SIM-MISSION-02,944,Endurance,23943.8,27.69,69.74,2902.8,89.79,667.1,4.758,88.01,29.04,1.512,27.607,26.13,17.759,95.46,0.1015,0,NORMAL,0,Normal,NORMAL,0.0963,1387.07,No action
2026-09-04T14:15:45,SIM-MISSION-02,945,Endurance,23830.3,28.55,66.26,2956.6,92.23,657.53,4.823,87.56,28.63,1.543,27.63,26.57,17.752,96.29,0.0683,0,NORMAL,0,Normal,NORMAL,0.0681,1387.0,No action
2026-09-04T14:15:46,SIM-MISSION-02,946,Endurance,23848.6,28.29,65.14,2942.0,92.41,663.56,4.788,88.43,29.48,1.419,27.441,26.09,17.824,95.67,0.0931,0,NORMAL,0,Normal,NORMAL,0.0891,1386.93,No action
2026-09-04T14:15:47,SIM-MISSION-02,947,Endurance,23981.4,28.81,64.66,2958.3,91.69,664.9,4.773,87.5,29.35,1.499,27.606,26.18,17.743,95.06,0.1178,0,NORMAL,0,Normal,NORMAL,0.1101,1386.87,No action
2026-09-04T14:15:48,SIM-MISSION-02,948,Endurance,24177.0,27.85,70.89,2938.7,89.67,660.95,4.763,87.8,28.79,1.546,27.624,25.75,17.832,95.57,0.0974,0,NORMAL,0,Normal,NORMAL,0.0928,1386.8,No action
2026-09-04T14:15:49,SIM-MISSION-02,949,Endurance,24061.5,28.19,67.44,2920.0,90.28,665.06,4.79,87.42,29.36,1.525,27.621,25.46,17.758,95.29,0.1086,0,NORMAL,0,Normal,NORMAL,0.1023,1386.73,No action
2026-09-04T14:15:50,SIM-MISSION-02,950,Endurance,24017.8,27.48,68.58,2915.6,92.06,659.06,4.785,86.97,29.29,1.622,27.696,25.79,17.865,96.25,0.0701,0,NORMAL,0,Normal,NORMAL,0.0696,1386.67,No action
2026-09-04T14:15:51,SIM-MISSION-02,951,Endurance,23916.9,27.5,69.01,2936.9,90.2,654.68,4.779,89.7,28.84,1.498,27.524,25.52,17.753,96.04,0.0786,0,NORMAL,0,Normal,NORMAL,0.0768,1386.6,No action
2026-09-04T14:15:52,SIM-MISSION-02,952,Endurance,24044.6,27.58,66.62,2934.5,90.89,658.26,4.917,89.08,29.2,1.477,27.6,25.39,17.707,95.57,0.0974,0,NORMAL,0,Normal,NORMAL,0.0928,1386.53,No action
2026-09-04T14:15:53,SIM-MISSION-02,953,Endurance,24087.9,28.58,68.52,2891.6,90.82,659.12,4.831,88.6,29.18,1.65,27.638,26.0,17.849,96.11,0.0756,0,NORMAL,0,Normal,NORMAL,0.0743,1386.47,No action
2026-09-04T14:15:54,SIM-MISSION-02,954,Endurance,23870.8,27.79,69.31,2901.1,91.69,655.08,4.922,86.38,29.13,1.494,27.57,26.19,17.835,95.04,0.1185,0,NORMAL,0,Normal,NORMAL,0.1107,1386.4,No action
2026-09-04T14:15:55,SIM-MISSION-02,955,Endurance,23955.2,28.08,65.56,2913.2,91.04,651.74,4.868,88.35,29.29,1.588,27.541,25.72,17.766,95.83,0.0867,0,NORMAL,0,Normal,NORMAL,0.0837,1386.33,No action
2026-09-04T14:15:56,SIM-MISSION-02,956,Endurance,24155.6,28.19,67.14,2904.4,92.43,657.36,4.81,88.13,28.45,1.572,27.45,25.82,17.763,95.34,0.1065,0,NORMAL,0,Normal,NORMAL,0.1006,1386.27,No action
2026-09-04T14:15:57,SIM-MISSION-02,957,Endurance,23975.2,27.02,68.98,2930.1,90.52,656.27,4.806,87.28,29.05,1.631,27.703,26.42,17.746,95.41,0.1035,0,NORMAL,0,Normal,NORMAL,0.0979,1386.2,No action
2026-09-04T14:15:58,SIM-MISSION-02,958,Endurance,23918.6,27.61,67.91,2918.3,92.03,660.63,4.795,89.1,28.97,1.558,27.738,26.6,17.808,95.66,0.0937,0,NORMAL,0,Normal,NORMAL,0.0896,1386.13,No action
2026-09-04T14:15:59,SIM-MISSION-02,959,Endurance,24083.5,27.74,68.5,2931.3,92.32,657.12,4.795,88.28,29.07,1.497,27.507,25.5,17.808,95.48,0.1007,0,NORMAL,0,Normal,NORMAL,0.0956,1386.07,No action
2026-09-04T14:16:00,SIM-MISSION-02,960,Endurance,23983.1,26.3,67.83,2906.5,89.24,666.4,4.735,88.57,29.54,1.566,27.647,26.04,17.83,96.02,0.0791,0,NORMAL,0,Normal,NORMAL,0.0772,1386.0,No action
2026-09-04T14:16:01,SIM-MISSION-02,961,Endurance,24017.6,29.83,68.94,2918.2,91.14,663.97,4.759,87.1,29.09,1.52,27.568,25.7,17.76,95.56,0.0977,0,NORMAL,0,Normal,NORMAL,0.093,1385.93,No action
2026-09-04T14:16:02,SIM-MISSION-02,962,Endurance,24087.2,27.51,69.21,2929.9,91.05,664.26,4.755,87.37,29.05,1.578,27.611,26.55,17.735,95.33,0.1067,0,NORMAL,0,Normal,NORMAL,0.1007,1385.87,No action
2026-09-04T14:16:03,SIM-MISSION-02,963,Endurance,23891.9,26.74,67.15,2888.5,90.79,659.31,4.719,88.39,28.69,1.428,27.624,25.98,17.733,95.77,0.0893,0,NORMAL,0,Normal,NORMAL,0.0859,1385.8,No action
2026-09-04T14:16:04,SIM-MISSION-02,964,Endurance,24059.9,27.22,66.01,2900.8,91.31,657.44,4.846,88.13,29.44,1.569,27.554,26.07,17.804,95.83,0.0867,0,NORMAL,0,Normal,NORMAL,0.0837,1385.73,No action
2026-09-04T14:16:05,SIM-MISSION-02,965,Endurance,23971.4,28.8,70.35,2915.5,89.87,660.32,4.772,87.24,28.79,1.492,27.743,26.2,17.78,95.5,0.1001,0,NORMAL,0,Normal,NORMAL,0.0951,1385.67,No action
2026-09-04T14:16:06,SIM-MISSION-02,966,Endurance,24008.3,27.17,69.11,2905.0,90.85,657.1,4.779,87.59,28.62,1.501,27.542,25.64,17.755,95.16,0.1135,0,NORMAL,0,Normal,NORMAL,0.1065,1385.6,No action
2026-09-04T14:16:07,SIM-MISSION-02,967,Endurance,23842.3,27.38,66.96,2887.0,90.99,663.36,4.759,87.18,28.66,1.533,27.625,26.37,17.705,95.48,0.1007,0,NORMAL,0,Normal,NORMAL,0.0956,1385.53,No action
2026-09-04T14:16:08,SIM-MISSION-02,968,Endurance,23953.7,28.7,67.63,2862.2,90.65,663.02,4.893,87.52,28.94,1.642,27.659,26.15,17.825,95.86,0.0855,0,NORMAL,0,Normal,NORMAL,0.0827,1385.47,No action
2026-09-04T14:16:09,SIM-MISSION-02,969,Endurance,24113.0,28.45,67.85,2893.3,91.53,662.46,4.814,88.33,28.49,1.505,27.633,25.86,17.744,95.93,0.0828,0,NORMAL,0,Normal,NORMAL,0.0804,1385.4,No action
2026-09-04T14:16:10,SIM-MISSION-02,970,Endurance,23962.5,29.82,68.74,2887.7,91.36,658.31,4.873,87.46,29.42,1.549,27.61,25.8,17.784,95.53,0.0987,0,NORMAL,0,Normal,NORMAL,0.0939,1385.33,No action
2026-09-04T14:16:11,SIM-MISSION-02,971,Endurance,24047.4,27.76,70.53,2871.9,90.56,655.33,4.691,88.11,29.09,1.483,27.505,26.14,17.761,95.0,0.1201,0,NORMAL,0,Normal,NORMAL,0.1121,1385.27,No action
2026-09-04T14:16:12,SIM-MISSION-02,972,Endurance,23948.4,28.06,68.39,2898.9,89.76,662.87,4.888,86.94,28.87,1.609,27.599,25.89,17.867,95.16,0.1135,0,NORMAL,0,Normal,NORMAL,0.1064,1385.2,No action
2026-09-04T14:16:13,SIM-MISSION-02,973,Endurance,24009.4,28.38,68.51,2861.9,89.73,656.24,4.822,88.68,28.6,1.638,27.546,25.6,17.812,95.71,0.0915,0,NORMAL,0,Normal,NORMAL,0.0878,1385.13,No action
2026-09-04T14:16:14,SIM-MISSION-02,974,Endurance,24103.5,29.23,67.53,2893.0,90.68,657.4,4.971,88.38,28.68,1.578,27.646,26.2,17.725,95.33,0.1069,0,NORMAL,0,Normal,NORMAL,0.1008,1385.07,No action
2026-09-04T14:16:15,SIM-MISSION-02,975,Endurance,23840.5,28.99,69.94,2885.3,90.33,667.99,4.74,88.03,29.39,1.542,27.71,26.17,17.838,95.39,0.1045,0,NORMAL,0,Normal,NORMAL,0.0988,1385.0,No action
2026-09-04T14:16:16,SIM-MISSION-02,976,Endurance,24019.4,28.12,66.59,2893.7,91.21,661.34,4.772,87.5,29.24,1.487,27.665,25.9,17.779,95.67,0.0933,0,NORMAL,0,Normal,NORMAL,0.0893,1384.93,No action
2026-09-04T14:16:17,SIM-MISSION-02,977,Endurance,24283.3,28.66,67.07,2882.2,91.53,658.67,4.805,87.62,29.32,1.637,27.649,26.5,17.777,95.5,0.1,0,NORMAL,0,Normal,NORMAL,0.095,1384.87,No action
2026-09-04T14:16:18,SIM-MISSION-02,978,Endurance,24132.5,28.67,66.16,2887.2,91.11,664.46,4.836,88.94,29.31,1.679,27.476,25.94,17.808,95.66,0.0937,0,NORMAL,0,Normal,NORMAL,0.0896,1384.8,No action
2026-09-04T14:16:19,SIM-MISSION-02,979,Endurance,23928.5,29.16,68.58,2899.6,90.38,665.52,4.776,88.63,28.9,1.644,27.633,25.95,17.794,94.78,0.1287,0,NORMAL,0,Normal,NORMAL,0.1194,1384.73,No action
2026-09-04T14:16:20,SIM-MISSION-02,980,Endurance,23950.2,28.65,68.89,2881.0,91.47,663.51,4.865,88.02,28.96,1.514,27.678,26.41,17.864,95.4,0.1041,0,NORMAL,0,Normal,NORMAL,0.0985,1384.67,No action
2026-09-04T14:16:21,SIM-MISSION-02,981,Endurance,23981.2,29.3,67.7,2865.8,90.64,657.88,4.738,88.31,29.04,1.667,27.596,26.82,17.824,95.15,0.114,0,NORMAL,0,Normal,NORMAL,0.1069,1384.6,No action
2026-09-04T14:16:22,SIM-MISSION-02,982,Endurance,24090.1,29.18,65.77,2854.3,90.18,669.82,4.846,88.41,28.87,1.515,27.589,26.14,17.822,95.0,0.1202,0,NORMAL,0,Normal,NORMAL,0.1121,1384.53,No action
2026-09-04T14:16:23,SIM-MISSION-02,983,Endurance,23951.0,26.69,69.65,2843.1,90.9,658.43,4.805,86.85,29.33,1.519,27.404,26.2,17.759,96.13,0.075,0,NORMAL,0,Normal,NORMAL,0.0737,1384.47,No action
2026-09-04T14:16:24,SIM-MISSION-02,984,Endurance,23959.4,27.62,68.25,2874.0,90.15,655.51,4.76,87.48,29.39,1.52,27.571,26.03,17.808,95.65,0.0942,0,NORMAL,0,Normal,NORMAL,0.09,1384.4,No action
2026-09-04T14:16:25,SIM-MISSION-02,985,Endurance,23916.5,28.44,70.89,2860.7,90.96,665.01,4.734,87.2,29.01,1.567,27.676,26.17,17.821,95.11,0.1155,0,NORMAL,0,Normal,NORMAL,0.1082,1384.33,No action
2026-09-04T14:16:26,SIM-MISSION-02,986,Endurance,23904.0,26.6,68.5,2842.8,91.14,658.26,4.775,87.43,29.02,1.582,27.641,26.06,17.797,95.07,0.1173,0,NORMAL,0,Normal,NORMAL,0.1097,1384.27,No action
2026-09-04T14:16:27,SIM-MISSION-02,987,Endurance,24162.2,28.55,69.59,2852.7,90.77,664.09,4.867,88.98,28.56,1.624,27.721,26.23,17.878,95.47,0.1011,0,NORMAL,0,Normal,NORMAL,0.0959,1384.2,No action
2026-09-04T14:16:28,SIM-MISSION-02,988,Endurance,24087.7,29.9,70.01,2828.9,91.63,656.62,4.794,86.74,28.82,1.612,27.585,25.51,17.751,95.57,0.0972,0,NORMAL,0,Normal,NORMAL,0.0927,1384.13,No action
2026-09-04T14:16:29,SIM-MISSION-02,989,Endurance,23823.2,27.3,70.31,2860.6,91.32,667.07,4.689,88.36,29.16,1.613,27.651,25.95,17.759,95.16,0.1138,0,NORMAL,0,Normal,NORMAL,0.1067,1384.07,No action
2026-09-04T14:16:30,SIM-MISSION-02,990,Endurance,24008.1,27.75,66.86,2867.8,91.55,659.14,4.794,87.94,29.18,1.535,27.595,25.71,17.862,95.56,0.0976,0,NORMAL,0,Normal,NORMAL,0.0929,1384.0,No action
2026-09-04T14:16:31,SIM-MISSION-02,991,Endurance,23935.0,27.48,66.35,2824.1,90.47,658.87,4.677,88.18,29.84,1.498,27.547,26.05,17.772,95.52,0.099,0,NORMAL,0,Normal,NORMAL,0.0942,1383.93,No action
2026-09-04T14:16:32,SIM-MISSION-02,992,Endurance,23975.6,27.96,68.45,2859.2,91.18,661.88,4.875,88.36,29.28,1.55,27.663,26.44,17.778,95.87,0.0852,0,NORMAL,0,Normal,NORMAL,0.0824,1383.87,No action
2026-09-04T14:16:33,SIM-MISSION-02,993,Endurance,24069.0,29.22,66.73,2853.9,90.73,665.74,4.891,88.59,29.75,1.486,27.463,25.89,17.761,95.66,0.0935,0,NORMAL,0,Normal,NORMAL,0.0895,1383.8,No action
2026-09-04T14:16:34,SIM-MISSION-02,994,Endurance,24122.8,29.43,71.57,2835.6,91.71,660.11,4.812,89.0,29.03,1.583,27.62,25.77,17.846,95.46,0.1016,0,NORMAL,0,Normal,NORMAL,0.0964,1383.73,No action
2026-09-04T14:16:35,SIM-MISSION-02,995,Endurance,23885.9,27.75,66.63,2845.2,91.25,659.35,4.734,87.76,29.25,1.62,27.539,26.5,17.725,95.4,0.104,0,NORMAL,0,Normal,NORMAL,0.0984,1383.67,No action
2026-09-04T14:16:36,SIM-MISSION-02,996,Endurance,23880.5,26.39,69.02,2847.6,90.28,655.52,4.843,89.1,29.01,1.649,27.476,25.8,17.858,95.5,0.1002,0,NORMAL,0,Normal,NORMAL,0.0952,1383.6,No action
2026-09-04T14:16:37,SIM-MISSION-02,997,Endurance,24169.3,28.67,68.67,2851.6,91.76,660.7,4.836,88.0,28.85,1.504,27.557,25.78,17.867,95.46,0.1017,0,NORMAL,0,Normal,NORMAL,0.0964,1383.53,No action
2026-09-04T14:16:38,SIM-MISSION-02,998,Endurance,24028.5,28.59,68.67,2835.4,91.24,662.5,4.766,88.17,28.69,1.511,27.597,25.85,17.823,94.77,0.1293,0,NORMAL,0,Normal,NORMAL,0.1199,1383.47,No action
2026-09-04T14:16:39,SIM-MISSION-02,999,Endurance,23878.6,27.87,69.98,2820.3,91.06,660.74,4.866,88.22,28.98,1.505,27.616,26.29,17.742,95.44,0.1025,0,NORMAL,0,Normal,NORMAL,0.0971,1383.4,No action
2026-09-04T14:16:40,SIM-MISSION-02,1000,Endurance,24136.9,28.74,67.27,2847.1,91.84,657.23,4.792,89.08,29.3,1.698,27.691,25.96,17.818,95.35,0.1059,0,NORMAL,0,Normal,NORMAL,0.1,1383.33,No action
2026-09-04T14:16:41,SIM-MISSION-02,1001,Endurance,24022.9,27.43,69.29,2818.1,90.13,660.94,4.672,87.99,29.52,1.557,27.469,25.99,17.775,96.09,0.0765,0,NORMAL,0,Normal,NORMAL,0.0751,1383.27,No action
2026-09-04T14:16:42,SIM-MISSION-02,1002,Endurance,23759.8,29.58,67.45,2843.9,91.37,657.11,4.851,87.86,29.41,1.597,27.671,25.95,17.788,95.42,0.1034,0,NORMAL,0,Normal,NORMAL,0.0979,1383.2,No action
2026-09-04T14:16:43,SIM-MISSION-02,1003,Endurance,23997.5,29.68,65.39,2823.8,91.12,654.54,4.734,87.29,29.25,1.492,27.54,26.23,17.764,96.47,0.0614,0,NORMAL,0,Normal,NORMAL,0.0622,1383.13,No action
2026-09-04T14:16:44,SIM-MISSION-02,1004,Endurance,24115.4,29.76,67.14,2831.7,91.44,655.97,4.898,87.62,29.42,1.741,27.657,25.59,17.811,95.51,0.0998,0,NORMAL,0,Normal,NORMAL,0.0948,1383.07,No action
2026-09-04T14:16:45,SIM-MISSION-02,1005,Endurance,24102.3,29.08,67.69,2839.1,90.97,662.07,4.764,88.27,28.94,1.63,27.678,26.11,17.806,94.99,0.1203,0,NORMAL,0,Normal,NORMAL,0.1122,1383.0,No action
2026-09-04T14:16:46,SIM-MISSION-02,1006,Endurance,24210.6,27.98,67.26,2807.5,91.54,660.71,4.854,89.71,29.31,1.601,27.468,25.88,17.72,95.1,0.1158,0,NORMAL,0,Normal,NORMAL,0.1085,1382.93,No action
2026-09-04T14:16:47,SIM-MISSION-02,1007,Endurance,24076.9,27.88,70.21,2774.9,92.05,664.06,4.787,86.61,29.41,1.544,27.618,25.42,17.762,95.85,0.086,0,NORMAL,0,Normal,NORMAL,0.0831,1382.87,No action
2026-09-04T14:16:48,SIM-MISSION-02,1008,Endurance,24059.6,26.52,69.31,2812.9,91.53,656.87,4.809,88.07,28.74,1.576,27.578,25.63,17.879,95.59,0.0966,0,NORMAL,0,Normal,NORMAL,0.0921,1382.8,No action
2026-09-04T14:16:49,SIM-MISSION-02,1009,Endurance,23812.4,29.82,67.46,2806.2,91.18,661.67,4.732,87.9,29.11,1.468,27.756,25.85,17.71,95.01,0.1196,0,NORMAL,0,Normal,NORMAL,0.1116,1382.73,No action
2026-09-04T14:16:50,SIM-MISSION-02,1010,Endurance,24096.5,27.23,67.54,2823.8,91.13,661.36,4.888,87.27,28.89,1.509,27.649,25.83,17.776,95.39,0.1045,0,NORMAL,0,Normal,NORMAL,0.0988,1382.67,No action
2026-09-04T14:16:51,SIM-MISSION-02,1011,Endurance,24196.3,28.32,69.2,2803.3,91.0,662.42,4.891,87.6,28.71,1.524,27.598,26.29,17.797,95.42,0.1033,0,NORMAL,0,Normal,NORMAL,0.0978,1382.6,No action
2026-09-04T14:16:52,SIM-MISSION-02,1012,Endurance,24079.7,27.32,70.87,2835.0,91.88,654.7,4.802,87.62,28.78,1.563,27.509,26.22,17.897,95.38,0.1048,0,NORMAL,0,Normal,NORMAL,0.0991,1382.53,No action
2026-09-04T14:16:53,SIM-MISSION-02,1013,Endurance,24045.0,27.41,67.65,2809.8,90.68,659.75,4.809,88.44,28.97,1.676,27.573,26.31,17.819,95.04,0.1185,0,NORMAL,0,Normal,NORMAL,0.1108,1382.47,No action
2026-09-04T14:16:54,SIM-MISSION-02,1014,Endurance,23967.3,26.26,69.77,2817.4,90.43,660.75,4.733,88.34,28.15,1.458,27.568,26.15,17.757,95.58,0.0967,0,NORMAL,0,Normal,NORMAL,0.0922,1382.4,No action
2026-09-04T14:16:55,SIM-MISSION-02,1015,Endurance,23932.8,28.84,71.14,2816.4,90.62,658.9,4.824,88.78,29.0,1.64,27.604,25.91,17.82,95.23,0.1107,0,NORMAL,0,Normal,NORMAL,0.1041,1382.33,No action
2026-09-04T14:16:56,SIM-MISSION-02,1016,Endurance,24073.2,28.53,68.12,2811.7,90.81,662.54,4.832,87.06,29.35,1.442,27.659,25.79,17.781,95.63,0.095,0,NORMAL,0,Normal,NORMAL,0.0907,1382.27,No action
2026-09-04T14:16:57,SIM-MISSION-02,1017,Endurance,24267.9,27.84,67.9,2831.6,90.62,659.78,4.825,87.74,28.73,1.532,27.61,26.65,17.716,96.03,0.079,0,NORMAL,0,Normal,NORMAL,0.0771,1382.2,No action
2026-09-04T14:16:58,SIM-MISSION-02,1018,Endurance,23922.8,28.36,69.09,2809.2,89.49,662.11,4.827,88.53,29.52,1.612,27.753,26.07,17.746,95.23,0.1107,0,NORMAL,0,Normal,NORMAL,0.1041,1382.13,No action
2026-09-04T14:16:59,SIM-MISSION-02,1019,Endurance,24004.8,28.09,69.79,2794.7,90.43,656.29,4.906,88.27,29.2,1.658,27.516,25.88,17.823,95.33,0.1067,0,NORMAL,0,Normal,NORMAL,0.1007,1382.07,No action
2026-09-04T14:17:00,SIM-MISSION-02,1020,Endurance,23987.0,28.58,67.63,2788.9,91.58,652.79,4.906,87.34,29.03,1.597,27.514,25.7,17.797,95.39,0.1045,0,NORMAL,0,Normal,NORMAL,0.0988,1382.0,No action
2026-09-04T14:17:01,SIM-MISSION-02,1021,Endurance,24009.9,29.58,70.63,2794.0,90.41,659.24,4.819,87.31,28.49,1.517,27.563,25.61,17.749,95.29,0.1084,0,NORMAL,0,Normal,NORMAL,0.1021,1381.93,No action
2026-09-04T14:17:02,SIM-MISSION-02,1022,Endurance,23865.3,28.91,68.28,2816.4,90.87,668.95,4.741,86.62,28.7,1.611,27.635,26.72,17.895,95.79,0.0885,0,NORMAL,0,Normal,NORMAL,0.0852,1381.87,No action
2026-09-04T14:17:03,SIM-MISSION-02,1023,Endurance,23924.7,27.55,63.62,2765.9,91.14,659.07,4.837,89.62,29.11,1.704,27.582,25.62,17.853,95.26,0.1097,0,NORMAL,0,Normal,NORMAL,0.1032,1381.8,No action
2026-09-04T14:17:04,SIM-MISSION-02,1024,Endurance,23979.5,26.9,67.67,2758.2,90.99,656.3,4.739,88.01,29.37,1.579,27.635,25.6,17.819,95.37,0.1051,0,NORMAL,0,Normal,NORMAL,0.0994,1381.73,No action
2026-09-04T14:17:05,SIM-MISSION-02,1025,Endurance,24037.6,28.52,68.46,2782.0,89.75,662.9,4.903,88.69,28.4,1.486,27.617,25.87,17.791,95.95,0.082,0,NORMAL,0,Normal,NORMAL,0.0797,1381.67,No action
2026-09-04T14:17:06,SIM-MISSION-02,1026,Endurance,24067.3,29.9,65.16,2792.3,90.04,661.12,4.804,88.53,28.39,1.465,27.524,26.17,17.748,95.88,0.0847,0,NORMAL,0,Normal,NORMAL,0.082,1381.6,No action
2026-09-04T14:17:07,SIM-MISSION-02,1027,Endurance,23735.2,26.4,67.07,2802.5,91.52,654.05,4.814,87.99,29.21,1.535,27.631,25.66,17.787,95.02,0.1192,0,NORMAL,0,Normal,NORMAL,0.1113,1381.53,No action
2026-09-04T14:17:08,SIM-MISSION-02,1028,Endurance,23729.1,28.61,68.29,2778.8,90.61,667.08,4.819,87.96,28.73,1.57,27.654,25.91,17.798,96.56,0.0576,0,NORMAL,0,Normal,NORMAL,0.0589,1381.47,No action
2026-09-04T14:17:09,SIM-MISSION-02,1029,Endurance,24063.0,28.1,66.78,2786.1,91.2,660.37,4.828,87.49,28.78,1.587,27.509,26.0,17.822,94.99,0.1204,0,NORMAL,0,Normal,NORMAL,0.1123,1381.4,No action
2026-09-04T14:17:10,SIM-MISSION-02,1030,Endurance,24069.2,26.98,69.6,2757.6,91.92,657.57,4.898,89.27,28.93,1.641,27.793,26.22,17.806,95.51,0.0996,0,NORMAL,0,Normal,NORMAL,0.0947,1381.33,No action
2026-09-04T14:17:11,SIM-MISSION-02,1031,Endurance,24111.6,27.67,67.46,2764.1,91.4,660.99,4.799,87.48,28.76,1.59,27.604,26.18,17.79,95.77,0.0893,0,NORMAL,0,Normal,NORMAL,0.0859,1381.27,No action
2026-09-04T14:17:12,SIM-MISSION-02,1032,Endurance,23909.6,26.43,67.2,2754.4,91.94,657.61,4.845,88.91,29.5,1.413,27.563,26.11,17.798,94.88,0.1248,0,NORMAL,0,Normal,NORMAL,0.1161,1381.2,No action
2026-09-04T14:17:13,SIM-MISSION-02,1033,Endurance,23914.8,26.8,66.43,2757.2,90.17,658.93,4.763,87.5,28.41,1.716,27.579,25.67,17.766,95.27,0.1094,0,NORMAL,0,Normal,NORMAL,0.103,1381.13,No action
2026-09-04T14:17:14,SIM-MISSION-02,1034,Endurance,23832.1,25.54,66.44,2776.6,90.85,668.56,4.706,86.33,29.15,1.513,27.691,25.88,17.844,95.25,0.1101,0,NORMAL,0,Normal,NORMAL,0.1036,1381.07,No action
2026-09-04T14:17:15,SIM-MISSION-02,1035,Endurance,24068.6,26.83,68.46,2742.3,90.24,665.12,4.783,88.38,29.19,1.383,27.661,25.86,17.822,95.68,0.093,0,NORMAL,0,Normal,NORMAL,0.089,1381.0,No action
2026-09-04T14:17:16,SIM-MISSION-02,1036,Endurance,23980.5,28.26,68.73,2735.2,91.75,657.16,4.792,88.29,29.33,1.488,27.542,26.34,17.777,95.4,0.1042,0,NORMAL,0,Normal,NORMAL,0.0985,1380.93,No action
2026-09-04T14:17:17,SIM-MISSION-02,1037,Endurance,23899.2,28.09,66.84,2764.1,90.7,667.35,4.857,87.61,28.84,1.452,27.595,25.73,17.802,95.97,0.0814,0,NORMAL,0,Normal,NORMAL,0.0792,1380.87,No action
2026-09-04T14:17:18,SIM-MISSION-02,1038,Endurance,23836.7,29.3,68.36,2771.7,91.2,659.58,4.838,88.21,29.75,1.572,27.597,26.14,17.801,95.63,0.0946,0,NORMAL,0,Normal,NORMAL,0.0904,1380.8,No action
2026-09-04T14:17:19,SIM-MISSION-02,1039,Endurance,24018.7,27.91,67.8,2729.6,90.25,662.93,4.874,88.05,28.81,1.538,27.598,25.9,17.75,95.74,0.0904,0,NORMAL,0,Normal,NORMAL,0.0869,1380.73,No action
2026-09-04T14:17:20,SIM-MISSION-02,1040,Endurance,24014.1,26.55,63.6,2746.1,92.1,655.4,4.738,88.96,29.09,1.558,27.533,25.48,17.768,95.03,0.119,0,NORMAL,0,Normal,NORMAL,0.1111,1380.67,No action
2026-09-04T14:17:21,SIM-MISSION-02,1041,Endurance,23931.3,28.16,71.72,2739.1,91.63,657.97,4.875,88.25,29.02,1.663,27.66,26.11,17.757,95.48,0.1007,0,NORMAL,0,Normal,NORMAL,0.0956,1380.6,No action
2026-09-04T14:17:22,SIM-MISSION-02,1042,Endurance,23809.6,28.59,68.04,2762.5,91.36,665.35,4.817,88.53,29.1,1.571,27.685,25.43,17.656,95.98,0.0807,0,NORMAL,0,Normal,NORMAL,0.0786,1380.53,No action
2026-09-04T14:17:23,SIM-MISSION-02,1043,Endurance,23948.5,26.85,68.69,2746.5,90.88,660.69,4.748,88.4,28.87,1.495,27.558,26.36,17.792,95.76,0.0898,0,NORMAL,0,Normal,NORMAL,0.0863,1380.47,No action
2026-09-04T14:17:24,SIM-MISSION-02,1044,Endurance,23898.7,26.8,69.02,2763.6,90.97,658.46,4.89,87.78,29.23,1.65,27.561,26.28,17.819,94.76,0.1298,0,NORMAL,0,Normal,NORMAL,0.1203,1380.4,No action
2026-09-04T14:17:25,SIM-MISSION-02,1045,Endurance,23986.8,28.38,68.2,2777.6,89.7,656.82,4.796,88.21,29.01,1.5,27.57,26.11,17.722,96.67,0.0533,0,NORMAL,0,Normal,NORMAL,0.0553,1380.33,No action
2026-09-04T14:17:26,SIM-MISSION-02,1046,Endurance,24192.4,30.21,69.54,2732.7,90.44,662.8,4.881,87.08,29.08,1.581,27.501,26.03,17.831,95.22,0.1113,0,NORMAL,0,Normal,NORMAL,0.1046,1380.27,No action
2026-09-04T14:17:27,SIM-MISSION-02,1047,Endurance,23887.8,27.13,69.34,2733.5,91.17,653.62,4.76,87.35,29.14,1.745,27.481,26.15,17.774,95.24,0.1103,0,NORMAL,0,Normal,NORMAL,0.1037,1380.2,No action
2026-09-04T14:17:28,SIM-MISSION-02,1048,Endurance,24004.0,27.16,68.74,2716.7,90.07,661.83,4.86,88.29,28.7,1.572,27.475,25.67,17.831,95.53,0.0988,0,NORMAL,0,Normal,NORMAL,0.094,1380.13,No action
2026-09-04T14:17:29,SIM-MISSION-02,1049,Endurance,24129.2,28.85,67.29,2781.4,91.9,656.02,4.862,86.15,29.28,1.65,27.584,26.09,17.744,94.87,0.1254,0,NORMAL,0,Normal,NORMAL,0.1166,1380.07,No action
2026-09-04T14:17:30,SIM-MISSION-02,1050,Endurance,23889.6,29.78,69.14,2744.2,90.41,662.13,4.742,87.6,29.06,1.72,27.495,26.09,17.758,95.21,0.1117,0,NORMAL,0,Normal,NORMAL,0.105,1380.0,No action
2026-09-04T14:17:31,SIM-MISSION-02,1051,Endurance,24107.0,28.79,67.77,2728.0,90.03,658.05,4.867,88.08,29.32,1.624,27.497,25.6,17.83,95.29,0.1082,0,NORMAL,0,Normal,NORMAL,0.102,1379.93,No action
2026-09-04T14:17:32,SIM-MISSION-02,1052,Endurance,24025.2,26.92,65.92,2766.3,91.23,659.87,4.912,88.37,29.37,1.685,27.637,26.13,17.779,95.55,0.098,0,NORMAL,0,Normal,NORMAL,0.0933,1379.87,No action
2026-09-04T14:17:33,SIM-MISSION-02,1053,Endurance,23991.4,27.85,65.8,2777.7,91.66,663.45,4.779,89.05,29.83,1.459,27.747,26.13,17.84,95.19,0.1125,0,NORMAL,0,Normal,NORMAL,0.1056,1379.8,No action
2026-09-04T14:17:34,SIM-MISSION-02,1054,Endurance,23649.8,29.35,67.59,2745.1,90.81,658.88,4.803,88.72,28.83,1.732,27.548,26.02,17.814,95.69,0.0926,0,NORMAL,0,Normal,NORMAL,0.0887,1379.73,No action
2026-09-04T14:17:35,SIM-MISSION-02,1055,Endurance,24041.3,27.87,68.83,2729.5,90.16,652.64,4.795,87.27,28.88,1.644,27.706,26.27,17.81,95.57,0.0973,0,NORMAL,0,Normal,NORMAL,0.0927,1379.67,No action
2026-09-04T14:17:36,SIM-MISSION-02,1056,Endurance,23791.4,28.26,65.97,2723.9,92.31,657.13,4.731,87.9,29.5,1.558,27.537,25.91,17.886,95.9,0.0839,0,NORMAL,0,Normal,NORMAL,0.0813,1379.6,No action
2026-09-04T14:17:37,SIM-MISSION-02,1057,Endurance,23925.7,27.31,64.12,2741.5,91.28,661.9,4.778,88.56,28.98,1.541,27.668,26.11,17.708,95.05,0.118,0,NORMAL,0,Normal,NORMAL,0.1103,1379.53,No action
2026-09-04T14:17:38,SIM-MISSION-02,1058,Endurance,24292.7,28.04,69.73,2758.8,91.95,658.74,4.848,87.08,28.42,1.367,27.635,25.84,17.795,96.1,0.076,0,NORMAL,0,Normal,NORMAL,0.0746,1379.47,No action
2026-09-04T14:17:39,SIM-MISSION-02,1059,Endurance,23878.0,27.87,65.67,2707.2,91.89,667.97,4.792,87.49,29.39,1.623,27.417,25.96,17.809,95.63,0.0949,0,NORMAL,0,Normal,NORMAL,0.0906,1379.4,No action
2026-09-04T14:17:40,SIM-MISSION-02,1060,Endurance,23874.3,28.98,67.67,2769.3,92.15,659.2,4.795,87.39,28.89,1.679,27.592,25.59,17.767,95.33,0.1068,0,NORMAL,0,Normal,NORMAL,0.1008,1379.33,No action
2026-09-04T14:17:41,SIM-MISSION-02,1061,Endurance,23941.0,27.45,69.82,2758.6,90.64,661.44,4.89,87.29,28.91,1.594,27.606,25.67,17.778,95.44,0.1023,0,NORMAL,0,Normal,NORMAL,0.097,1379.27,No action
2026-09-04T14:17:42,SIM-MISSION-02,1062,Endurance,24071.8,29.83,68.19,2734.9,90.2,665.47,4.783,88.7,28.95,1.593,27.617,26.26,17.884,96.02,0.0791,0,NORMAL,0,Normal,NORMAL,0.0773,1379.2,No action
2026-09-04T14:17:43,SIM-MISSION-02,1063,Endurance,23923.6,26.7,66.65,2762.6,90.89,660.68,4.695,87.41,29.19,1.669,27.742,25.95,17.773,95.85,0.0859,0,NORMAL,0,Normal,NORMAL,0.083,1379.13,No action
2026-09-04T14:17:44,SIM-MISSION-02,1064,Endurance,23933.1,28.84,66.53,2773.8,89.49,665.83,4.86,87.6,29.1,1.52,27.718,26.26,17.841,95.14,0.1144,0,NORMAL,0,Normal,NORMAL,0.1073,1379.07,No action
2026-09-04T14:17:45,SIM-MISSION-02,1065,Endurance,24022.2,27.02,67.23,2783.1,90.78,656.05,4.786,89.19,28.59,1.548,27.583,26.42,17.756,95.77,0.0892,0,NORMAL,0,Normal,NORMAL,0.0858,1379.0,No action
2026-09-04T14:17:46,SIM-MISSION-02,1066,Endurance,23929.6,27.99,67.0,2738.0,89.99,661.55,4.794,88.2,28.37,1.627,27.605,26.46,17.883,95.47,0.1012,0,NORMAL,0,Normal,NORMAL,0.096,1378.93,No action
2026-09-04T14:17:47,SIM-MISSION-02,1067,Endurance,23955.6,27.65,66.22,2759.5,90.88,658.62,4.893,86.85,29.0,1.481,27.543,25.91,17.81,95.1,0.1159,0,NORMAL,0,Normal,NORMAL,0.1085,1378.87,No action
2026-09-04T14:17:48,SIM-MISSION-02,1068,Endurance,23964.9,27.34,67.85,2729.3,91.13,654.41,4.76,88.52,29.34,1.45,27.464,26.69,17.812,95.74,0.0904,0,NORMAL,0,Normal,NORMAL,0.0869,1378.8,No action
2026-09-04T14:17:49,SIM-MISSION-02,1069,Endurance,23954.6,29.14,68.32,2742.4,89.74,659.86,4.78,87.55,28.72,1.478,27.645,25.9,17.743,95.53,0.0989,0,NORMAL,0,Normal,NORMAL,0.0941,1378.73,No action
2026-09-04T14:17:50,SIM-MISSION-02,1070,Endurance,23928.6,26.92,66.59,2773.1,91.36,664.29,4.907,87.8,29.06,1.474,27.584,25.69,17.811,95.47,0.101,0,NORMAL,0,Normal,NORMAL,0.0959,1378.67,No action
2026-09-04T14:17:51,SIM-MISSION-02,1071,Endurance,24002.2,28.71,66.5,2760.2,89.47,665.92,4.808,87.25,28.84,1.497,27.572,26.28,17.816,96.05,0.0781,0,NORMAL,0,Normal,NORMAL,0.0764,1378.6,No action
2026-09-04T14:17:52,SIM-MISSION-02,1072,Endurance,24053.2,28.01,68.03,2719.9,91.39,660.79,4.82,89.4,29.12,1.652,27.606,26.45,17.778,95.43,0.1028,0,NORMAL,0,Normal,NORMAL,0.0974,1378.53,No action
2026-09-04T14:17:53,SIM-MISSION-02,1073,Endurance,23858.5,28.65,67.06,2721.1,91.44,661.95,4.895,87.61,29.22,1.68,27.623,25.71,17.739,95.38,0.1047,0,NORMAL,0,Normal,NORMAL,0.099,1378.47,No action
2026-09-04T14:17:54,SIM-MISSION-02,1074,Endurance,24036.0,28.49,68.92,2731.2,91.38,663.09,4.753,89.03,28.86,1.359,27.593,26.12,17.775,94.97,0.1212,0,NORMAL,0,Normal,NORMAL,0.113,1378.4,No action
2026-09-04T14:17:55,SIM-MISSION-02,1075,Endurance,23869.8,27.0,64.81,2776.1,91.03,663.27,4.791,87.23,29.1,1.497,27.59,25.99,17.813,95.52,0.0993,0,NORMAL,0,Normal,NORMAL,0.0944,1378.33,No action
2026-09-04T14:17:56,SIM-MISSION-02,1076,Endurance,23938.3,28.33,67.73,2778.9,90.06,665.24,4.755,88.63,29.22,1.509,27.676,25.14,17.809,95.23,0.1107,0,NORMAL,0,Normal,NORMAL,0.1041,1378.27,No action
2026-09-04T14:17:57,SIM-MISSION-02,1077,Endurance,23970.5,28.13,67.54,2751.2,91.5,663.25,4.719,89.29,28.97,1.722,27.554,26.02,17.871,95.12,0.1154,0,NORMAL,0,Normal,NORMAL,0.1081,1378.2,No action
2026-09-04T14:17:58,SIM-MISSION-02,1078,Endurance,23978.4,28.5,71.33,2755.7,91.18,667.99,4.761,88.21,28.89,1.555,27.602,26.04,17.827,96.04,0.0786,0,NORMAL,0,Normal,NORMAL,0.0768,1378.13,No action
2026-09-04T14:17:59,SIM-MISSION-02,1079,Endurance,23964.7,28.43,65.86,2784.9,89.97,668.81,4.842,89.48,29.32,1.558,27.553,26.1,17.815,95.45,0.1019,0,NORMAL,0,Normal,NORMAL,0.0966,1378.07,No action
2026-09-04T14:18:00,SIM-MISSION-02,1080,Endurance,24140.0,28.06,68.84,2694.7,90.1,657.3,4.591,89.26,28.96,2.213,27.672,26.2,17.789,86.19,0.4723,0,PRE_FAILURE,0,Sensor Failure,CRITICAL_WARNING,0.5114,1378.0,Immediate inspection recommended
2026-09-04T14:18:01,SIM-MISSION-02,1081,Endurance,24041.2,28.89,67.82,2693.3,95.12,667.31,4.606,90.31,29.83,2.348,27.668,26.18,17.72,85.3,0.5081,0,PRE_FAILURE,0,Sensor Failure,CRITICAL_WARNING,0.5419,1357.93,Immediate inspection recommended
2026-09-04T14:18:02,SIM-MISSION-02,1082,Endurance,24107.0,27.76,68.83,2727.9,91.63,645.53,4.393,89.37,29.64,2.508,27.758,26.22,17.735,84.76,0.5297,0,PRE_FAILURE,0,Sensor Failure,CRITICAL_WARNING,0.5602,1337.87,Immediate inspection recommended
2026-09-04T14:18:03,SIM-MISSION-02,1083,Endurance,23949.4,29.81,69.38,2721.1,96.31,639.83,4.505,91.49,29.81,2.645,27.709,26.44,17.812,84.12,0.5551,1,PRE_FAILURE,0,Sensor Failure,CRITICAL_WARNING,0.5819,1317.8,Immediate inspection recommended
2026-09-04T14:18:04,SIM-MISSION-02,1084,Endurance,24089.8,30.4,67.07,2683.2,89.01,658.85,4.513,90.46,29.49,2.388,27.724,25.87,17.818,84.02,0.5592,1,PRE_FAILURE,0,Sensor Failure,CRITICAL_WARNING,0.5853,1297.73,Immediate inspection recommended
2026-09-04T14:18:05,SIM-MISSION-02,1085,Endurance,24240.5,29.07,67.92,2683.9,97.24,695.85,4.512,91.57,29.61,2.711,27.537,25.73,17.84,82.91,0.6037,1,PRE_FAILURE,0,Sensor Failure,CRITICAL_WARNING,0.6231,1277.67,Immediate inspection recommended
2026-09-04T14:18:06,SIM-MISSION-02,1086,Endurance,23970.2,25.45,66.24,2701.0,94.33,690.07,4.483,91.02,29.67,2.768,27.528,26.6,17.848,82.61,0.6156,1,PRE_FAILURE,0,Sensor Failure,CRITICAL_WARNING,0.6333,1257.6,Immediate inspection recommended
2026-09-04T14:18:07,SIM-MISSION-02,1087,Endurance,24048.0,28.74,70.64,2721.9,100.73,644.74,4.469,90.73,30.01,2.887,27.578,25.97,17.788,82.55,0.618,1,PRE_FAILURE,0,Sensor Failure,CRITICAL_WARNING,0.6353,1237.53,Immediate inspection recommended
2026-09-04T14:18:08,SIM-MISSION-02,1088,Endurance,24099.8,27.51,70.82,2688.7,94.97,687.91,4.303,91.22,29.94,2.9,27.507,25.71,17.839,81.6,0.656,1,PRE_FAILURE,0,Sensor Failure,CRITICAL_WARNING,0.6676,1217.47,Immediate inspection recommended
2026-09-04T14:18:09,SIM-MISSION-02,1089,Endurance,23929.5,26.28,67.47,2707.0,92.87,687.04,4.181,91.32,29.68,3.065,27.626,25.63,17.799,80.91,0.6838,1,PRE_FAILURE,0,Sensor Failure,CRITICAL_WARNING,0.6912,1197.4,Immediate inspection recommended
2026-09-04T14:18:10,SIM-MISSION-02,1090,Endurance,23867.7,26.11,68.27,2698.3,94.01,626.23,4.334,91.99,30.42,3.078,27.639,26.06,17.888,80.83,0.6866,1,PRE_FAILURE,0,Sensor Failure,CRITICAL_WARNING,0.6936,1177.33,Immediate inspection recommended
2026-09-04T14:18:11,SIM-MISSION-02,1091,Endurance,23855.9,27.33,67.51,2665.6,95.95,648.04,4.309,90.99,30.15,3.068,27.64,26.2,17.773,80.42,0.7033,1,PRE_FAILURE,0,Sensor Failure,CRITICAL_WARNING,0.7078,1157.27,Immediate inspection recommended
2026-09-04T14:18:12,SIM-MISSION-02,1092,Endurance,24090.9,26.62,67.76,2700.0,94.16,618.76,4.35,92.35,30.72,3.29,27.678,25.99,17.738,79.42,0.7433,1,PRE_FAILURE,0,Sensor Failure,CRITICAL_WARNING,0.7418,1137.2,Immediate inspection recommended
2026-09-04T14:18:13,SIM-MISSION-02,1093,Endurance,24132.5,27.07,64.2,2656.1,100.23,687.38,4.339,91.7,30.57,3.253,27.568,26.14,17.758,79.15,0.754,1,PRE_FAILURE,0,Sensor Failure,CRITICAL_WARNING,0.7509,1117.13,Immediate inspection recommended
2026-09-04T14:18:14,SIM-MISSION-02,1094,Endurance,24135.3,26.01,67.06,2652.1,102.63,734.52,4.235,91.98,31.11,3.417,27.591,25.84,17.824,78.85,0.766,1,PRE_FAILURE,0,Sensor Failure,CRITICAL_WARNING,0.7611,1097.07,Immediate inspection recommended
2026-09-04T14:18:15,SIM-MISSION-02,1095,Endurance,23859.7,29.36,67.42,2669.9,90.74,685.71,4.271,94.14,31.16,3.574,27.597,25.79,17.803,37.41,0.8237,1,FAILURE,1,Sensor Failure,ENGINE_FAILURE,0.8101,20.0,Emergency shutdown / maintenance inspection
2026-09-04T14:18:16,SIM-MISSION-02,1096,Endurance,24187.5,26.48,67.55,2676.5,97.15,669.79,4.263,91.76,30.38,3.593,27.613,26.21,17.739,37.29,0.8284,1,FAILURE,1,Sensor Failure,ENGINE_FAILURE,0.8141,18.5,Emergency shutdown / maintenance inspection
2026-09-04T14:18:17,SIM-MISSION-02,1097,Endurance,24000.1,27.12,68.01,2672.5,76.58,690.09,4.213,93.16,30.11,3.744,27.614,25.77,17.835,36.26,0.8697,1,FAILURE,1,Sensor Failure,ENGINE_FAILURE,0.8492,17.0,Emergency shutdown / maintenance inspection
2026-09-04T14:18:18,SIM-MISSION-02,1098,Endurance,23916.1,29.49,68.13,2682.0,77.17,703.5,4.224,93.03,30.3,3.816,27.633,25.86,17.847,36.56,0.8575,1,FAILURE,1,Sensor Failure,ENGINE_FAILURE,0.8388,15.5,Emergency shutdown / maintenance inspection
2026-09-04T14:18:19,SIM-MISSION-02,1099,Endurance,24042.1,28.59,67.88,2650.4,95.73,655.76,4.091,93.23,30.93,3.919,27.683,25.7,17.787,35.33,0.907,1,FAILURE,1,Sensor Failure,ENGINE_FAILURE,0.8809,14.0,Emergency shutdown / maintenance inspection
2026-09-04T14:18:20,SIM-MISSION-02,1100,Endurance,23862.6,29.38,70.09,2666.5,111.76,742.62,4.079,93.19,31.08,3.849,27.566,25.84,17.765,33.21,0.9917,1,FAILURE,1,Sensor Failure,ENGINE_FAILURE,0.9529,12.5,Emergency shutdown / maintenance inspection
2026-09-04T14:18:21,SIM-MISSION-02,1101,Endurance,23970.6,29.48,68.92,2649.0,104.63,676.63,4.063,92.46,30.13,3.939,27.576,26.06,17.797,35.37,0.9053,1,FAILURE,1,Sensor Failure,ENGINE_FAILURE,0.8795,11.0,Emergency shutdown / maintenance inspection
2026-09-04T14:18:22,SIM-MISSION-02,1102,Endurance,23843.0,26.4,69.28,2639.5,94.37,652.2,4.048,93.87,31.38,4.041,27.492,26.21,17.683,34.64,0.9342,1,FAILURE,1,Sensor Failure,ENGINE_FAILURE,0.9041,9.5,Emergency shutdown / maintenance inspection
2026-09-04T14:18:23,SIM-MISSION-02,1103,Endurance,24202.4,29.39,67.28,2609.7,106.47,700.33,3.897,94.22,30.9,4.213,27.621,26.09,17.833,33.0,0.9999,1,FAILURE,1,Sensor Failure,ENGINE_FAILURE,0.9599,8.0,Emergency shutdown / maintenance inspection
2026-09-04T14:18:24,SIM-MISSION-02,1104,Endurance,23935.8,26.63,70.11,2664.0,101.57,675.97,4.03,94.19,31.6,4.248,27.612,26.04,17.798,33.0,1.0,1,FAILURE,1,Sensor Failure,ENGINE_FAILURE,0.96,6.5,Emergency shutdown / maintenance inspection
2026-09-04T14:18:25,SIM-MISSION-02,1105,Endurance,24126.9,27.93,68.99,2814.1,91.87,663.6,4.761,87.94,28.46,1.545,27.619,25.87,17.834,95.51,0.0995,0,NORMAL,0,Normal,NORMAL,0.0946,1376.33,No action
2026-09-04T14:18:26,SIM-MISSION-02,1106,Endurance,23863.4,27.91,68.35,2803.9,92.13,667.72,4.712,87.77,28.6,1.559,27.608,26.08,17.731,95.82,0.0872,0,NORMAL,0,Normal,NORMAL,0.0841,1376.27,No action
2026-09-04T14:18:27,SIM-MISSION-02,1107,Endurance,23984.8,26.64,66.44,2793.2,91.42,657.17,4.863,87.58,28.64,1.45,27.58,26.55,17.801,95.94,0.0823,0,NORMAL,0,Normal,NORMAL,0.0799,1376.2,No action
2026-09-04T14:18:28,SIM-MISSION-02,1108,Endurance,23728.4,28.94,67.37,2854.2,90.82,656.87,4.826,87.26,28.72,1.498,27.549,26.01,17.789,95.05,0.1181,0,NORMAL,0,Normal,NORMAL,0.1104,1376.13,No action
2026-09-04T14:18:29,SIM-MISSION-02,1109,Endurance,24005.1,28.11,68.34,2780.5,91.9,660.87,4.705,87.14,28.89,1.436,27.541,26.44,17.772,95.62,0.095,0,NORMAL,0,Normal,NORMAL,0.0908,1376.07,No action
2026-09-04T14:18:30,SIM-MISSION-02,1110,Endurance,24004.9,28.37,66.65,2825.7,92.3,663.2,4.672,87.44,29.49,1.595,27.636,26.25,17.769,95.78,0.0888,0,NORMAL,0,Normal,NORMAL,0.0855,1376.0,No action
2026-09-04T14:18:31,SIM-MISSION-02,1111,Endurance,24033.6,28.76,66.41,2828.4,91.46,658.93,4.852,87.49,29.15,1.539,27.599,25.87,17.812,95.67,0.093,0,NORMAL,0,Normal,NORMAL,0.0891,1375.93,No action
2026-09-04T14:18:32,SIM-MISSION-02,1112,Endurance,24116.1,27.62,67.55,2789.9,91.85,663.87,4.842,88.51,29.34,1.537,27.473,25.73,17.849,94.97,0.1212,0,NORMAL,0,Normal,NORMAL,0.113,1375.87,No action
2026-09-04T14:18:33,SIM-MISSION-02,1113,Endurance,24091.7,28.05,66.79,2837.2,89.11,663.89,4.833,87.88,28.76,1.484,27.529,26.06,17.789,95.76,0.0896,0,NORMAL,0,Normal,NORMAL,0.0862,1375.8,No action
2026-09-04T14:18:34,SIM-MISSION-02,1114,Endurance,24086.6,28.23,70.2,2803.8,91.97,662.17,4.768,88.6,28.79,1.544,27.661,26.22,17.773,95.21,0.1115,0,NORMAL,0,Normal,NORMAL,0.1048,1375.73,No action
2026-09-04T14:18:35,SIM-MISSION-02,1115,Endurance,23987.6,28.48,66.76,2810.2,90.86,666.55,4.831,87.67,28.96,1.46,27.571,25.35,17.715,94.7,0.1321,0,NORMAL,0,Normal,NORMAL,0.1223,1375.67,No action
2026-09-04T14:18:36,SIM-MISSION-02,1116,Endurance,24020.0,28.68,69.85,2807.7,92.61,662.76,4.77,87.73,29.01,1.471,27.582,26.14,17.726,95.03,0.1186,0,NORMAL,0,Normal,NORMAL,0.1108,1375.6,No action
2026-09-04T14:18:37,SIM-MISSION-02,1117,Endurance,23996.6,27.91,70.05,2825.0,90.59,663.52,4.817,87.79,28.54,1.511,27.688,26.21,17.78,95.58,0.0969,0,NORMAL,0,Normal,NORMAL,0.0923,1375.53,No action
2026-09-04T14:18:38,SIM-MISSION-02,1118,Endurance,24050.5,28.75,68.75,2793.5,91.31,663.69,4.791,89.71,28.57,1.57,27.58,26.18,17.808,95.77,0.0891,0,NORMAL,0,Normal,NORMAL,0.0858,1375.47,No action
2026-09-04T14:18:39,SIM-MISSION-02,1119,Endurance,24216.6,26.5,66.27,2821.3,89.67,653.47,4.736,87.99,28.5,1.539,27.6,25.66,17.832,95.4,0.1039,0,NORMAL,0,Normal,NORMAL,0.0983,1375.4,No action
2026-09-04T14:18:40,SIM-MISSION-02,1120,Endurance,23931.2,28.08,65.19,2822.6,91.99,659.95,4.745,87.86,28.47,1.518,27.606,25.8,17.787,95.04,0.1182,0,NORMAL,0,Normal,NORMAL,0.1105,1375.33,No action
2026-09-04T14:18:41,SIM-MISSION-02,1121,Endurance,24006.1,27.66,67.31,2823.5,90.83,661.2,4.825,87.77,28.69,1.642,27.467,26.22,17.743,95.33,0.1066,0,NORMAL,0,Normal,NORMAL,0.1006,1375.27,No action
2026-09-04T14:18:42,SIM-MISSION-02,1122,Endurance,24032.5,27.12,65.51,2842.1,91.14,657.59,4.775,87.16,28.99,1.711,27.63,26.17,17.78,95.67,0.0933,0,NORMAL,0,Normal,NORMAL,0.0893,1375.2,No action
2026-09-04T14:18:43,SIM-MISSION-02,1123,Endurance,24068.0,28.55,67.66,2809.0,90.95,662.46,4.752,89.22,28.8,1.533,27.501,26.25,17.708,95.42,0.1033,0,NORMAL,0,Normal,NORMAL,0.0978,1375.13,No action
2026-09-04T14:18:44,SIM-MISSION-02,1124,Endurance,24155.0,26.77,68.71,2813.1,91.42,658.38,4.672,89.4,29.13,1.599,27.678,25.97,17.768,95.14,0.1144,0,NORMAL,0,Normal,NORMAL,0.1072,1375.07,No action
2026-09-04T14:18:45,SIM-MISSION-02,1125,Endurance,23931.6,28.24,70.14,2856.1,89.68,662.27,4.764,88.49,29.29,1.592,27.672,26.24,17.81,95.51,0.0996,0,NORMAL,0,Normal,NORMAL,0.0947,1375.0,No action
2026-09-04T14:18:46,SIM-MISSION-02,1126,Endurance,24333.0,26.58,69.52,2824.6,91.02,660.09,4.904,89.33,28.54,1.483,27.669,26.11,17.893,95.53,0.0988,0,NORMAL,0,Normal,NORMAL,0.0939,1374.93,No action
2026-09-04T14:18:47,SIM-MISSION-02,1127,Endurance,23826.0,28.6,70.41,2852.5,92.04,663.14,4.761,87.19,29.32,1.534,27.596,26.13,17.796,94.96,0.1215,0,NORMAL,0,Normal,NORMAL,0.1132,1374.87,No action
2026-09-04T14:18:48,SIM-MISSION-02,1128,Endurance,23919.2,27.13,68.67,2842.3,89.87,661.01,4.809,87.47,29.14,1.665,27.541,25.67,17.768,94.9,0.1238,0,NORMAL,0,Normal,NORMAL,0.1153,1374.8,No action
2026-09-04T14:18:49,SIM-MISSION-02,1129,Endurance,23636.9,28.26,68.43,2829.2,90.51,667.25,4.854,86.28,28.81,1.553,27.534,25.86,17.777,94.93,0.123,0,NORMAL,0,Normal,NORMAL,0.1145,1374.73,No action
2026-09-04T14:18:50,SIM-MISSION-02,1130,Endurance,24045.2,29.1,66.63,2879.5,91.28,659.65,4.834,88.73,29.37,1.595,27.492,26.14,17.85,96.34,0.0665,0,NORMAL,0,Normal,NORMAL,0.0665,1374.67,No action
2026-09-04T14:18:51,SIM-MISSION-02,1131,Endurance,23933.8,27.9,68.22,2824.2,91.68,656.19,4.787,88.54,28.57,1.59,27.556,26.43,17.778,95.37,0.1052,0,NORMAL,0,Normal,NORMAL,0.0994,1374.6,No action
2026-09-04T14:18:52,SIM-MISSION-02,1132,Endurance,23954.0,29.02,67.61,2845.3,91.94,657.5,4.772,87.53,28.88,1.593,27.581,25.9,17.77,95.22,0.1112,0,NORMAL,0,Normal,NORMAL,0.1045,1374.53,No action
2026-09-04T14:18:53,SIM-MISSION-02,1133,Endurance,23904.4,27.3,69.14,2898.9,90.92,666.1,4.714,87.76,29.26,1.59,27.533,26.22,17.934,95.91,0.0837,0,NORMAL,0,Normal,NORMAL,0.0811,1374.47,No action
2026-09-04T14:18:54,SIM-MISSION-02,1134,Endurance,23981.1,27.73,66.66,2861.5,92.33,663.74,4.928,88.2,29.19,1.684,27.61,26.48,17.866,95.6,0.0961,0,NORMAL,0,Normal,NORMAL,0.0917,1374.4,No action
2026-09-04T14:18:55,SIM-MISSION-02,1135,Endurance,23897.3,28.05,65.82,2864.5,90.46,665.75,4.841,88.61,29.31,1.463,27.671,25.81,17.892,95.04,0.1182,0,NORMAL,0,Normal,NORMAL,0.1105,1374.33,No action
2026-09-04T14:18:56,SIM-MISSION-02,1136,Endurance,24013.8,28.62,68.5,2877.0,90.14,658.18,4.84,87.05,28.29,1.58,27.674,26.46,17.824,95.08,0.1167,0,NORMAL,0,Normal,NORMAL,0.1092,1374.27,No action
2026-09-04T14:18:57,SIM-MISSION-02,1137,Endurance,23853.4,28.52,68.18,2810.7,91.02,656.63,4.741,88.06,28.93,1.688,27.734,26.27,17.9,96.18,0.0728,0,NORMAL,0,Normal,NORMAL,0.0719,1374.2,No action
2026-09-04T14:18:58,SIM-MISSION-02,1138,Endurance,23959.7,29.36,64.99,2868.1,91.06,659.67,4.683,88.3,29.16,1.603,27.573,25.86,17.829,95.61,0.0954,0,NORMAL,0,Normal,NORMAL,0.0911,1374.13,No action
2026-09-04T14:18:59,SIM-MISSION-02,1139,Endurance,23972.4,27.48,65.5,2896.6,92.31,659.66,4.767,88.16,29.27,1.533,27.379,26.11,17.781,95.81,0.0875,0,NORMAL,0,Normal,NORMAL,0.0844,1374.07,No action
2026-09-04T14:19:00,SIM-MISSION-02,1140,Endurance,23941.2,27.62,67.39,2864.7,91.04,655.88,4.835,87.72,28.48,1.466,27.529,26.24,17.807,95.49,0.1003,0,NORMAL,0,Normal,NORMAL,0.0953,1374.0,No action
2026-09-04T14:19:01,SIM-MISSION-02,1141,Endurance,24091.8,29.28,67.36,2883.2,91.15,659.88,4.794,87.73,29.23,1.537,27.642,25.48,17.864,95.91,0.0836,0,NORMAL,0,Normal,NORMAL,0.0811,1373.93,No action
2026-09-04T14:19:02,SIM-MISSION-02,1142,Endurance,24110.3,28.7,68.05,2896.4,91.53,659.86,4.795,89.01,28.89,1.603,27.685,26.27,17.702,96.34,0.0662,0,NORMAL,0,Normal,NORMAL,0.0663,1373.87,No action
2026-09-04T14:19:03,SIM-MISSION-02,1143,Endurance,24068.8,29.53,66.84,2868.5,89.96,657.41,4.738,88.29,28.98,1.685,27.531,25.57,17.9,96.06,0.0776,0,NORMAL,0,Normal,NORMAL,0.0759,1373.8,No action
2026-09-04T14:19:04,SIM-MISSION-02,1144,Endurance,23955.4,28.65,67.34,2880.0,91.36,662.98,4.759,88.05,29.3,1.517,27.753,25.59,17.75,95.77,0.089,0,NORMAL,0,Normal,NORMAL,0.0857,1373.73,No action
2026-09-04T14:19:05,SIM-MISSION-02,1145,Endurance,24196.1,27.94,67.98,2916.9,89.77,656.88,4.715,88.05,28.78,1.484,27.563,26.1,17.759,95.98,0.0807,0,NORMAL,0,Normal,NORMAL,0.0786,1373.67,No action
2026-09-04T14:19:06,SIM-MISSION-02,1146,Endurance,24346.4,27.04,65.81,2910.9,92.53,660.61,4.71,88.3,28.64,1.611,27.54,26.17,17.819,94.94,0.1223,0,NORMAL,0,Normal,NORMAL,0.114,1373.6,No action
2026-09-04T14:19:07,SIM-MISSION-02,1147,Endurance,24184.4,28.32,67.83,2884.0,90.24,660.29,4.804,88.29,29.3,1.601,27.527,25.4,17.794,95.22,0.1111,0,NORMAL,0,Normal,NORMAL,0.1044,1373.53,No action
2026-09-04T14:19:08,SIM-MISSION-02,1148,Endurance,23796.7,26.55,68.7,2878.5,91.08,658.36,4.809,87.57,29.16,1.489,27.501,26.06,17.822,95.94,0.0823,0,NORMAL,0,Normal,NORMAL,0.0799,1373.47,No action
2026-09-04T14:19:09,SIM-MISSION-02,1149,Endurance,24290.8,27.6,69.26,2914.3,91.69,662.12,4.882,88.74,29.45,1.553,27.748,26.46,17.756,94.9,0.124,0,NORMAL,0,Normal,NORMAL,0.1154,1373.4,No action
2026-09-04T14:19:10,SIM-MISSION-02,1150,Endurance,23960.9,27.79,69.25,2899.8,91.35,656.66,4.793,88.13,28.54,1.576,27.558,25.75,17.76,95.12,0.1154,0,NORMAL,0,Normal,NORMAL,0.1081,1373.33,No action
2026-09-04T14:19:11,SIM-MISSION-02,1151,Endurance,24085.1,28.4,66.72,2849.5,90.98,666.63,4.831,88.78,29.05,1.497,27.599,26.37,17.842,95.79,0.0885,0,NORMAL,0,Normal,NORMAL,0.0852,1373.27,No action
2026-09-04T14:19:12,SIM-MISSION-02,1152,Endurance,24153.6,27.94,67.6,2928.1,90.31,652.48,4.803,86.99,28.85,1.523,27.607,26.67,17.839,95.75,0.0899,0,NORMAL,0,Normal,NORMAL,0.0864,1373.2,No action
2026-09-04T14:19:13,SIM-MISSION-02,1153,Endurance,24166.9,27.43,64.87,2873.2,91.36,656.2,4.837,89.28,28.65,1.578,27.573,25.91,17.857,95.76,0.0895,0,NORMAL,0,Normal,NORMAL,0.0861,1373.13,No action
2026-09-04T14:19:14,SIM-MISSION-02,1154,Endurance,23949.7,28.66,69.03,2876.4,90.71,660.88,4.826,88.63,29.51,1.615,27.646,26.19,17.75,94.96,0.1214,0,NORMAL,0,Normal,NORMAL,0.1132,1373.07,No action
2026-09-04T14:19:15,SIM-MISSION-02,1155,Endurance,23969.1,28.5,66.78,2920.4,91.13,660.96,4.743,87.61,29.2,1.691,27.526,26.44,17.794,96.3,0.0679,0,NORMAL,0,Normal,NORMAL,0.0677,1373.0,No action
2026-09-04T14:19:16,SIM-MISSION-02,1156,Endurance,24012.4,27.2,67.76,2877.7,90.96,660.38,4.835,88.27,29.04,1.621,27.642,25.95,17.785,96.32,0.0672,0,NORMAL,0,Normal,NORMAL,0.0671,1372.93,No action
2026-09-04T14:19:17,SIM-MISSION-02,1157,Endurance,24096.0,28.79,68.58,2921.5,91.12,661.64,4.758,88.31,29.0,1.416,27.459,25.5,17.814,95.48,0.1007,0,NORMAL,0,Normal,NORMAL,0.0956,1372.87,No action
2026-09-04T14:19:18,SIM-MISSION-02,1158,Endurance,23906.3,27.3,68.59,2879.7,90.35,659.03,4.833,88.44,28.75,1.666,27.638,26.09,17.801,96.19,0.0723,0,NORMAL,0,Normal,NORMAL,0.0715,1372.8,No action
2026-09-04T14:19:19,SIM-MISSION-02,1159,Endurance,24151.1,28.02,68.71,2920.7,91.46,658.72,5.031,86.11,28.73,1.705,27.664,25.51,17.842,95.02,0.1192,0,NORMAL,0,Normal,NORMAL,0.1113,1372.73,No action
2026-09-04T14:19:20,SIM-MISSION-02,1160,Endurance,23890.1,28.99,66.82,2897.9,90.68,658.8,4.728,88.06,28.95,1.495,27.39,26.14,17.755,95.14,0.1144,0,NORMAL,0,Normal,NORMAL,0.1072,1372.67,No action
2026-09-04T14:19:21,SIM-MISSION-02,1161,Endurance,24037.6,28.31,66.46,2908.5,89.47,658.96,4.759,88.08,28.89,1.574,27.655,26.04,17.857,95.52,0.099,0,NORMAL,0,Normal,NORMAL,0.0942,1372.6,No action
2026-09-04T14:19:22,SIM-MISSION-02,1162,Endurance,24103.6,27.23,68.96,2947.4,90.76,662.92,4.793,88.03,28.55,1.551,27.552,26.68,17.77,94.93,0.1226,0,NORMAL,0,Normal,NORMAL,0.1142,1372.53,No action
2026-09-04T14:19:23,SIM-MISSION-02,1163,Endurance,24129.2,28.98,66.45,2904.3,92.16,655.1,4.803,88.86,28.41,1.484,27.521,25.83,17.829,95.76,0.0898,0,NORMAL,0,Normal,NORMAL,0.0863,1372.47,No action
2026-09-04T14:19:24,SIM-MISSION-02,1164,Endurance,23827.6,27.59,65.17,2908.8,90.21,654.85,4.817,88.0,29.23,1.566,27.625,25.54,17.832,94.94,0.1223,0,NORMAL,0,Normal,NORMAL,0.1139,1372.4,No action
2026-09-04T14:19:25,SIM-MISSION-02,1165,Endurance,23889.2,26.97,68.62,2895.7,92.0,659.44,4.838,88.4,28.62,1.483,27.501,25.74,17.833,95.27,0.109,0,NORMAL,0,Normal,NORMAL,0.1027,1372.33,No action
2026-09-04T14:19:26,SIM-MISSION-02,1166,Endurance,24019.7,28.18,66.35,2941.5,91.23,660.72,4.789,88.35,29.39,1.521,27.553,25.56,17.784,96.11,0.0757,0,NORMAL,0,Normal,NORMAL,0.0743,1372.27,No action
2026-09-04T14:19:27,SIM-MISSION-02,1167,Endurance,24100.7,27.8,68.38,2922.2,89.7,656.35,4.767,89.35,29.16,1.623,27.593,25.67,17.898,95.39,0.1044,0,NORMAL,0,Normal,NORMAL,0.0988,1372.2,No action
2026-09-04T14:19:28,SIM-MISSION-02,1168,Endurance,24064.0,28.73,69.91,2929.1,89.94,660.67,4.721,86.91,29.12,1.464,27.554,25.97,17.79,95.56,0.0978,0,NORMAL,0,Normal,NORMAL,0.0931,1372.13,No action
2026-09-04T14:19:29,SIM-MISSION-02,1169,Endurance,24072.8,27.97,67.8,2891.9,89.77,661.26,4.764,87.19,29.26,1.577,27.562,26.16,17.661,95.16,0.1137,0,NORMAL,0,Normal,NORMAL,0.1067,1372.07,No action
2026-09-04T14:19:30,SIM-MISSION-02,1170,Endurance,24024.2,26.03,64.63,2949.1,91.44,658.39,4.809,88.48,29.16,1.503,27.351,26.61,17.781,95.91,0.0836,0,NORMAL,0,Normal,NORMAL,0.0811,1372.0,No action
2026-09-04T14:19:31,SIM-MISSION-02,1171,Endurance,24049.5,27.23,65.21,2935.5,90.82,665.22,4.746,88.01,29.49,1.605,27.559,25.93,17.804,95.35,0.1062,0,NORMAL,0,Normal,NORMAL,0.1002,1371.93,No action
2026-09-04T14:19:32,SIM-MISSION-02,1172,Endurance,23888.0,28.66,67.54,2914.4,91.07,664.55,4.757,87.71,28.8,1.543,27.642,25.68,17.69,95.0,0.1201,0,NORMAL,0,Normal,NORMAL,0.1121,1371.87,No action
2026-09-04T14:19:33,SIM-MISSION-02,1173,Endurance,24309.2,28.52,69.97,2932.3,90.09,660.74,4.755,87.65,28.87,1.453,27.581,26.44,17.816,95.91,0.0836,0,NORMAL,0,Normal,NORMAL,0.0811,1371.8,No action
2026-09-04T14:19:34,SIM-MISSION-02,1174,Endurance,23860.0,27.15,69.91,2937.0,90.47,655.81,4.801,88.95,29.09,1.742,27.569,25.54,17.774,95.06,0.1175,0,NORMAL,0,Normal,NORMAL,0.1099,1371.73,No action
2026-09-04T14:19:35,SIM-MISSION-02,1175,Endurance,23900.8,28.27,68.78,2955.9,89.51,662.28,4.74,87.73,28.8,1.611,27.702,25.82,17.856,95.88,0.0847,0,NORMAL,0,Normal,NORMAL,0.082,1371.67,No action
2026-09-04T14:19:36,SIM-MISSION-02,1176,Endurance,23946.8,29.66,68.11,2926.1,90.63,663.36,4.819,87.09,29.39,1.6,27.635,26.17,17.727,95.83,0.0869,0,NORMAL,0,Normal,NORMAL,0.0839,1371.6,No action
2026-09-04T14:19:37,SIM-MISSION-02,1177,Endurance,23756.7,27.92,68.41,2925.0,92.17,658.81,4.795,88.56,29.18,1.422,27.631,25.78,17.782,95.72,0.0911,0,NORMAL,0,Normal,NORMAL,0.0874,1371.53,No action
2026-09-04T14:19:38,SIM-MISSION-02,1178,Endurance,23766.2,28.79,67.51,2932.2,90.44,655.25,4.789,87.99,28.85,1.627,27.582,26.02,17.726,94.67,0.1334,0,NORMAL,0,Normal,NORMAL,0.1234,1371.47,No action
2026-09-04T14:19:39,SIM-MISSION-02,1179,Endurance,24188.1,28.31,69.05,2941.2,90.87,659.34,4.804,86.89,29.52,1.577,27.702,26.14,17.833,95.42,0.1031,0,NORMAL,0,Normal,NORMAL,0.0976,1371.4,No action
2026-09-04T14:19:40,SIM-MISSION-02,1180,Endurance,24036.7,26.93,67.85,2944.0,90.46,659.02,4.872,87.64,29.28,1.551,27.479,26.22,17.8,95.11,0.1157,0,NORMAL,0,Normal,NORMAL,0.1083,1371.33,No action
2026-09-04T14:19:41,SIM-MISSION-02,1181,Endurance,23898.7,27.72,64.03,2945.0,90.46,656.53,4.897,86.45,28.83,1.507,27.662,26.34,17.762,94.81,0.1276,0,NORMAL,0,Normal,NORMAL,0.1185,1371.27,No action
2026-09-04T14:19:42,SIM-MISSION-02,1182,Endurance,23756.8,28.25,68.9,2933.6,90.7,660.54,4.742,88.38,29.27,1.489,27.531,26.33,17.87,95.19,0.1123,0,NORMAL,0,Normal,NORMAL,0.1055,1371.2,No action
2026-09-04T14:19:43,SIM-MISSION-02,1183,Endurance,24200.8,29.0,67.82,2945.0,90.94,663.6,4.863,88.01,28.92,1.67,27.564,25.83,17.847,94.85,0.1261,0,NORMAL,0,Normal,NORMAL,0.1172,1371.13,No action
2026-09-04T14:19:44,SIM-MISSION-02,1184,Endurance,23764.6,27.52,69.57,2947.4,91.13,658.61,4.932,88.22,29.17,1.574,27.605,25.63,17.825,95.9,0.0841,0,NORMAL,0,Normal,NORMAL,0.0815,1371.07,No action
2026-09-04T14:19:45,SIM-MISSION-02,1185,Endurance,24024.6,29.2,68.93,2940.6,91.47,657.3,4.825,87.4,28.33,1.64,27.6,25.84,17.763,96.0,0.08,0,NORMAL,0,Normal,NORMAL,0.078,1371.0,No action
2026-09-04T14:19:46,SIM-MISSION-02,1186,Endurance,24262.2,28.04,69.45,2935.7,91.6,665.95,4.939,88.73,28.68,1.442,27.585,26.59,17.792,95.28,0.1088,0,NORMAL,0,Normal,NORMAL,0.1025,1370.93,No action
2026-09-04T14:19:47,SIM-MISSION-02,1187,Endurance,24227.3,28.29,68.58,2942.2,90.53,661.47,4.83,88.16,29.26,1.576,27.57,26.0,17.788,95.44,0.1025,0,NORMAL,0,Normal,NORMAL,0.0971,1370.87,No action
2026-09-04T14:19:48,SIM-MISSION-02,1188,Endurance,24054.4,27.17,69.12,2928.5,90.86,653.79,4.792,88.31,28.85,1.659,27.617,25.8,17.844,95.53,0.0987,0,NORMAL,0,Normal,NORMAL,0.0939,1370.8,No action
2026-09-04T14:19:49,SIM-MISSION-02,1189,Endurance,24006.2,27.65,65.5,2969.2,89.79,658.97,4.732,87.98,28.41,1.57,27.601,25.62,17.818,95.7,0.0922,0,NORMAL,0,Normal,NORMAL,0.0884,1370.73,No action
2026-09-04T14:19:50,SIM-MISSION-02,1190,Endurance,23935.4,26.86,67.91,2959.1,89.93,653.54,4.884,87.04,29.58,1.597,27.669,25.96,17.755,95.48,0.1007,0,NORMAL,0,Normal,NORMAL,0.0956,1370.67,No action
2026-09-04T14:19:51,SIM-MISSION-02,1191,Endurance,23967.3,27.89,67.71,2958.6,90.47,663.01,4.823,89.04,29.32,1.37,27.632,26.04,17.922,95.6,0.096,0,NORMAL,0,Normal,NORMAL,0.0916,1370.6,No action
2026-09-04T14:19:52,SIM-MISSION-02,1192,Endurance,24055.6,28.49,67.08,2934.9,92.43,661.59,4.834,88.91,28.54,1.679,27.577,26.12,17.774,95.66,0.0934,0,NORMAL,0,Normal,NORMAL,0.0894,1370.53,No action
2026-09-04T14:19:53,SIM-MISSION-02,1193,Endurance,23763.0,28.14,66.97,2952.9,91.91,658.54,4.721,87.36,28.88,1.636,27.664,26.26,17.831,95.68,0.0927,0,NORMAL,0,Normal,NORMAL,0.0888,1370.47,No action
2026-09-04T14:19:54,SIM-MISSION-02,1194,Endurance,23976.4,29.04,69.22,2934.1,91.19,661.18,4.763,89.41,28.89,1.476,27.701,25.79,17.89,95.98,0.0809,0,NORMAL,0,Normal,NORMAL,0.0787,1370.4,No action
2026-09-04T14:19:55,SIM-MISSION-02,1195,Endurance,24084.6,27.73,67.3,2961.5,91.74,662.83,4.834,87.78,28.91,1.578,27.661,26.23,17.763,94.62,0.1352,0,NORMAL,0,Normal,NORMAL,0.1249,1370.33,No action
2026-09-04T14:19:56,SIM-MISSION-02,1196,Endurance,23923.7,29.84,69.13,2925.8,91.13,661.82,4.783,87.25,29.51,1.531,27.631,26.12,17.777,95.74,0.0905,0,NORMAL,0,Normal,NORMAL,0.087,1370.27,No action
2026-09-04T14:19:57,SIM-MISSION-02,1197,Endurance,24069.0,25.81,67.13,2952.5,91.28,656.97,4.846,88.32,29.04,1.609,27.635,25.66,17.797,95.87,0.0852,0,NORMAL,0,Normal,NORMAL,0.0825,1370.2,No action
2026-09-04T14:19:58,SIM-MISSION-02,1198,Endurance,23919.7,28.09,68.45,2957.2,90.81,665.46,4.851,88.52,29.17,1.411,27.561,25.69,17.805,95.64,0.0944,0,NORMAL,0,Normal,NORMAL,0.0903,1370.13,No action
2026-09-04T14:19:59,SIM-MISSION-02,1199,Endurance,23938.0,27.18,70.68,2942.7,90.61,668.88,4.774,87.53,29.0,1.548,27.669,26.58,17.741,95.35,0.1061,0,NORMAL,0,Normal,NORMAL,0.1002,1370.07,No action
2026-09-04T14:20:00,SIM-MISSION-03,1200,Endurance,24066.4,27.42,65.2,2977.8,89.86,657.06,4.88,86.46,28.74,1.65,27.611,25.89,17.836,95.93,0.083,0,NORMAL,0,Normal,NORMAL,0.0805,1370.0,No action
2026-09-04T14:20:01,SIM-MISSION-03,1201,Endurance,23944.9,28.07,69.41,2911.3,92.81,659.58,4.844,88.32,29.01,1.5,27.594,25.39,17.756,95.6,0.0961,0,NORMAL,0,Normal,NORMAL,0.0917,1369.93,No action
2026-09-04T14:20:02,SIM-MISSION-03,1202,Endurance,23910.9,28.48,67.67,2958.8,91.64,659.42,4.76,87.22,28.83,1.427,27.615,25.84,17.825,95.74,0.0905,0,NORMAL,0,Normal,NORMAL,0.0869,1369.87,No action
2026-09-04T14:20:03,SIM-MISSION-03,1203,Endurance,24140.9,29.56,65.63,2932.1,90.95,665.86,4.875,88.05,29.09,1.593,27.641,25.9,17.761,95.03,0.1187,0,NORMAL,0,Normal,NORMAL,0.1109,1369.8,No action
2026-09-04T14:20:04,SIM-MISSION-03,1204,Endurance,23907.3,27.82,67.49,2948.7,91.69,664.16,4.84,89.02,29.09,1.496,27.745,25.65,17.836,95.12,0.1152,0,NORMAL,0,Normal,NORMAL,0.1079,1369.73,No action
2026-09-04T14:20:05,SIM-MISSION-03,1205,Endurance,23934.1,27.82,67.54,2935.2,91.84,657.56,4.721,87.32,28.96,1.545,27.512,26.49,17.706,95.76,0.0897,0,NORMAL,0,Normal,NORMAL,0.0862,1369.67,No action
2026-09-04T14:20:06,SIM-MISSION-03,1206,Endurance,24012.1,28.61,71.14,2921.8,90.25,657.89,4.735,88.31,28.65,1.652,27.496,26.49,17.783,95.43,0.1029,0,NORMAL,0,Normal,NORMAL,0.0975,1369.6,No action
2026-09-04T14:20:07,SIM-MISSION-03,1207,Endurance,24079.3,29.59,69.11,2881.6,90.06,657.0,4.715,88.48,29.97,1.338,27.525,26.04,17.764,95.61,0.0957,0,NORMAL,0,Normal,NORMAL,0.0913,1369.53,No action
2026-09-04T14:20:08,SIM-MISSION-03,1208,Endurance,23969.3,29.19,67.86,2951.2,91.53,658.63,4.737,88.33,29.0,1.52,27.552,25.77,17.818,96.05,0.0781,0,NORMAL,0,Normal,NORMAL,0.0763,1369.47,No action
2026-09-04T14:20:09,SIM-MISSION-03,1209,Endurance,23912.7,27.33,65.8,2967.9,90.83,661.15,4.776,89.45,29.21,1.525,27.683,25.87,17.78,95.83,0.0868,0,NORMAL,0,Normal,NORMAL,0.0838,1369.4,No action
2026-09-04T14:20:10,SIM-MISSION-03,1210,Endurance,24119.3,28.05,70.14,2929.3,91.02,656.68,4.896,87.7,28.56,1.597,27.597,25.99,17.78,95.77,0.0892,0,NORMAL,0,Normal,NORMAL,0.0858,1369.33,No action
2026-09-04T14:20:11,SIM-MISSION-03,1211,Endurance,24053.7,28.3,66.74,2964.2,91.07,668.08,4.773,88.24,28.92,1.56,27.525,25.85,17.748,95.34,0.1065,0,NORMAL,0,Normal,NORMAL,0.1005,1369.27,No action
2026-09-04T14:20:12,SIM-MISSION-03,1212,Endurance,23835.6,26.82,70.16,2946.5,90.33,660.98,4.745,87.07,29.37,1.571,27.597,26.53,17.793,95.84,0.0865,0,NORMAL,0,Normal,NORMAL,0.0835,1369.2,No action
2026-09-04T14:20:13,SIM-MISSION-03,1213,Endurance,23989.3,28.47,67.68,2962.6,91.51,659.47,4.709,87.48,29.23,1.579,27.528,26.03,17.918,96.03,0.0786,0,NORMAL,0,Normal,NORMAL,0.0768,1369.13,No action
2026-09-04T14:20:14,SIM-MISSION-03,1214,Endurance,24104.7,27.69,66.5,2976.9,91.15,655.36,4.787,88.8,28.78,1.641,27.5,26.01,17.799,95.44,0.1026,0,NORMAL,0,Normal,NORMAL,0.0972,1369.07,No action
2026-09-04T14:20:15,SIM-MISSION-03,1215,Endurance,23938.2,30.96,68.63,2936.0,91.37,664.02,4.867,87.84,28.85,1.628,27.672,26.57,17.805,95.54,0.0984,0,NORMAL,0,Normal,NORMAL,0.0936,1369.0,No action
2026-09-04T14:20:16,SIM-MISSION-03,1216,Endurance,23874.4,29.58,64.52,2953.3,90.68,660.35,4.808,87.47,28.47,1.485,27.549,26.09,17.819,95.98,0.0806,0,NORMAL,0,Normal,NORMAL,0.0785,1368.93,No action
2026-09-04T14:20:17,SIM-MISSION-03,1217,Endurance,24073.3,26.94,67.31,2953.9,90.6,658.6,4.788,86.87,29.37,1.603,27.615,26.01,17.785,96.03,0.0787,0,NORMAL,0,Normal,NORMAL,0.0769,1368.87,No action
2026-09-04T14:20:18,SIM-MISSION-03,1218,Endurance,24052.3,27.17,67.65,2942.9,90.67,658.26,4.826,87.87,28.64,1.602,27.706,26.05,17.816,94.89,0.1243,0,NORMAL,0,Normal,NORMAL,0.1156,1368.8,No action
2026-09-04T14:20:19,SIM-MISSION-03,1219,Endurance,23960.5,28.26,69.03,2964.6,92.54,661.34,4.74,86.77,28.65,1.731,27.534,25.62,17.794,95.6,0.0962,0,NORMAL,0,Normal,NORMAL,0.0918,1368.73,No action
2026-09-04T14:20:20,SIM-MISSION-03,1220,Endurance,24166.6,29.07,68.63,2967.5,91.38,658.08,4.774,88.16,28.63,1.569,27.714,25.94,17.781,95.82,0.0872,0,NORMAL,0,Normal,NORMAL,0.0841,1368.67,No action
2026-09-04T14:20:21,SIM-MISSION-03,1221,Endurance,23935.8,27.48,68.38,2958.3,91.15,660.96,4.831,87.22,28.81,1.525,27.689,26.6,17.797,95.41,0.1035,0,NORMAL,0,Normal,NORMAL,0.098,1368.6,No action
2026-09-04T14:20:22,SIM-MISSION-03,1222,Endurance,24014.7,27.1,69.33,2942.5,91.97,654.93,4.852,87.2,29.28,1.535,27.512,25.57,17.786,95.76,0.0897,0,NORMAL,0,Normal,NORMAL,0.0862,1368.53,No action
2026-09-04T14:20:23,SIM-MISSION-03,1223,Endurance,23897.4,27.18,69.58,2919.7,90.61,655.57,4.808,86.86,29.52,1.503,27.542,26.29,17.779,95.85,0.0861,0,NORMAL,0,Normal,NORMAL,0.0832,1368.47,No action
2026-09-04T14:20:24,SIM-MISSION-03,1224,Endurance,24077.5,27.72,66.81,2970.1,89.59,660.38,4.907,87.54,29.38,1.605,27.648,26.03,17.783,95.45,0.102,0,NORMAL,0,Normal,NORMAL,0.0967,1368.4,No action
2026-09-04T14:20:25,SIM-MISSION-03,1225,Endurance,24051.4,28.92,68.17,2956.9,91.59,661.27,4.781,88.41,29.07,1.712,27.621,26.19,17.737,94.9,0.124,0,NORMAL,0,Normal,NORMAL,0.1154,1368.33,No action
2026-09-04T14:20:26,SIM-MISSION-03,1226,Endurance,23984.4,27.41,67.29,2930.0,90.61,660.99,4.733,87.78,29.77,1.543,27.554,26.41,17.821,95.49,0.1006,0,NORMAL,0,Normal,NORMAL,0.0955,1368.27,No action
2026-09-04T14:20:27,SIM-MISSION-03,1227,Endurance,24213.8,27.95,67.24,2938.0,91.09,658.09,4.781,88.97,29.56,1.565,27.415,26.01,17.729,96.08,0.0767,0,NORMAL,0,Normal,NORMAL,0.0752,1368.2,No action
2026-09-04T14:20:28,SIM-MISSION-03,1228,Endurance,23953.1,30.08,67.32,2961.3,89.28,666.78,4.812,88.66,28.92,1.518,27.429,25.9,17.695,96.05,0.0779,0,NORMAL,0,Normal,NORMAL,0.0762,1368.13,No action
2026-09-04T14:20:29,SIM-MISSION-03,1229,Endurance,23975.3,28.72,67.68,2943.3,91.3,661.46,4.785,87.39,29.28,1.566,27.501,26.38,17.879,95.19,0.1126,0,NORMAL,0,Normal,NORMAL,0.1057,1368.07,No action
2026-09-04T14:20:30,SIM-MISSION-03,1230,Endurance,24010.8,28.4,67.71,2917.3,90.33,663.84,4.882,88.3,29.27,1.633,27.642,26.98,17.865,95.55,0.0979,0,NORMAL,0,Normal,NORMAL,0.0932,1368.0,No action
2026-09-04T14:20:31,SIM-MISSION-03,1231,Endurance,24025.7,26.57,69.38,2913.4,91.17,657.19,4.776,88.96,29.16,1.544,27.679,26.21,17.868,95.88,0.0846,0,NORMAL,0,Normal,NORMAL,0.0819,1367.93,No action
2026-09-04T14:20:32,SIM-MISSION-03,1232,Endurance,23752.2,27.92,69.04,2958.2,91.13,658.43,4.804,87.3,29.06,1.675,27.565,26.07,17.795,95.05,0.1178,0,NORMAL,0,Normal,NORMAL,0.1102,1367.87,No action
2026-09-04T14:20:33,SIM-MISSION-03,1233,Endurance,23957.1,27.4,69.14,2905.5,90.29,663.1,4.892,87.57,29.32,1.443,27.617,26.1,17.753,95.2,0.1119,0,NORMAL,0,Normal,NORMAL,0.1051,1367.8,No action
2026-09-04T14:20:34,SIM-MISSION-03,1234,Endurance,23865.2,26.92,69.74,2942.0,91.64,662.07,4.875,88.18,29.1,1.517,27.632,26.09,17.893,95.66,0.0937,0,NORMAL,0,Normal,NORMAL,0.0896,1367.73,No action
2026-09-04T14:20:35,SIM-MISSION-03,1235,Endurance,23998.9,30.07,70.33,2922.9,90.31,656.54,4.758,87.94,28.56,1.451,27.645,25.93,17.803,95.81,0.0875,0,NORMAL,0,Normal,NORMAL,0.0844,1367.67,No action
2026-09-04T14:20:36,SIM-MISSION-03,1236,Endurance,23986.6,27.31,66.94,2956.2,92.03,653.83,4.762,88.09,28.6,1.468,27.714,25.44,17.755,94.54,0.1385,0,NORMAL,0,Normal,NORMAL,0.1277,1367.6,No action
2026-09-04T14:20:37,SIM-MISSION-03,1237,Endurance,23929.0,29.71,66.06,2901.3,90.51,665.3,4.786,88.37,28.72,1.651,27.761,26.06,17.776,95.27,0.1091,0,NORMAL,0,Normal,NORMAL,0.1028,1367.53,No action
2026-09-04T14:20:38,SIM-MISSION-03,1238,Endurance,24016.1,28.43,68.52,2931.2,90.03,656.43,4.737,88.53,29.59,1.579,27.547,26.38,17.794,95.98,0.0808,0,NORMAL,0,Normal,NORMAL,0.0787,1367.47,No action
2026-09-04T14:20:39,SIM-MISSION-03,1239,Endurance,23862.6,28.28,67.59,2893.3,91.68,662.93,4.844,85.48,29.65,1.517,27.589,25.61,17.781,95.06,0.1174,0,NORMAL,0,Normal,NORMAL,0.1098,1367.4,No action
2026-09-04T14:20:40,SIM-MISSION-03,1240,Endurance,24006.6,28.51,70.85,2925.1,90.81,659.86,4.822,86.85,28.86,1.502,27.614,26.64,17.755,95.73,0.091,0,NORMAL,0,Normal,NORMAL,0.0873,1367.33,No action
2026-09-04T14:20:41,SIM-MISSION-03,1241,Endurance,24111.3,27.48,67.65,2877.1,92.35,660.81,4.814,89.35,28.9,1.582,27.487,26.21,17.793,95.57,0.097,0,NORMAL,0,Normal,NORMAL,0.0925,1367.27,No action
2026-09-04T14:20:42,SIM-MISSION-03,1242,Endurance,23827.8,28.15,65.79,2928.2,91.23,651.82,4.824,88.26,28.77,1.498,27.595,26.15,17.822,95.5,0.0999,0,NORMAL,0,Normal,NORMAL,0.0949,1367.2,No action
2026-09-04T14:20:43,SIM-MISSION-03,1243,Endurance,23970.2,28.76,68.35,2917.2,90.34,658.59,4.658,87.68,28.23,1.532,27.619,26.02,17.848,95.4,0.1041,0,NORMAL,0,Normal,NORMAL,0.0985,1367.13,No action
2026-09-04T14:20:44,SIM-MISSION-03,1244,Endurance,23844.1,27.31,67.1,2898.0,92.37,659.2,4.832,87.95,29.32,1.491,27.634,25.75,17.882,95.57,0.0972,0,NORMAL,0,Normal,NORMAL,0.0926,1367.07,No action
2026-09-04T14:20:45,SIM-MISSION-03,1245,Endurance,24070.8,29.07,69.09,2882.8,89.81,663.78,4.731,87.28,29.09,1.744,27.408,26.22,17.8,95.58,0.097,0,NORMAL,0,Normal,NORMAL,0.0924,1367.0,No action
2026-09-04T14:20:46,SIM-MISSION-03,1246,Endurance,24115.9,26.87,68.24,2893.1,89.32,654.15,4.786,88.23,29.21,1.465,27.589,25.87,17.815,95.83,0.0867,0,NORMAL,0,Normal,NORMAL,0.0837,1366.93,No action
2026-09-04T14:20:47,SIM-MISSION-03,1247,Endurance,24090.5,26.77,69.2,2940.1,90.92,662.1,4.784,88.66,28.66,1.432,27.657,25.28,17.715,95.36,0.1055,0,NORMAL,0,Normal,NORMAL,0.0997,1366.87,No action
2026-09-04T14:20:48,SIM-MISSION-03,1248,Endurance,24063.5,28.51,69.65,2834.0,89.44,655.11,4.965,86.78,28.9,1.528,27.695,26.12,17.803,95.75,0.09,0,NORMAL,0,Normal,NORMAL,0.0865,1366.8,No action
2026-09-04T14:20:49,SIM-MISSION-03,1249,Endurance,23913.1,26.15,67.85,2872.7,90.48,656.61,4.771,87.9,28.72,1.53,27.52,25.77,17.834,95.55,0.098,0,NORMAL,0,Normal,NORMAL,0.0933,1366.73,No action
2026-09-04T14:20:50,SIM-MISSION-03,1250,Endurance,23875.5,27.5,68.78,2865.1,91.34,669.52,4.886,87.71,28.96,1.536,27.601,25.99,17.753,94.67,0.1333,0,NORMAL,0,Normal,NORMAL,0.1233,1366.67,No action
2026-09-04T14:20:51,SIM-MISSION-03,1251,Endurance,24112.0,27.83,68.27,2904.5,90.22,660.19,4.77,86.89,29.54,1.394,27.646,26.07,17.819,94.91,0.1237,0,NORMAL,0,Normal,NORMAL,0.1151,1366.6,No action
2026-09-04T14:20:52,SIM-MISSION-03,1252,Endurance,23955.4,26.22,69.55,2900.0,91.91,667.35,4.743,87.97,28.52,1.514,27.603,25.74,17.791,95.58,0.0967,0,NORMAL,0,Normal,NORMAL,0.0922,1366.53,No action
2026-09-04T14:20:53,SIM-MISSION-03,1253,Endurance,24027.2,27.72,70.91,2891.8,90.62,663.68,4.724,88.15,28.79,1.617,27.615,25.61,17.756,95.17,0.1134,0,NORMAL,0,Normal,NORMAL,0.1064,1366.47,No action
2026-09-04T14:20:54,SIM-MISSION-03,1254,Endurance,23924.9,26.86,69.57,2885.4,90.51,657.6,4.794,88.24,28.4,1.414,27.602,25.86,17.766,95.33,0.1069,0,NORMAL,0,Normal,NORMAL,0.1009,1366.4,No action
2026-09-04T14:20:55,SIM-MISSION-03,1255,Endurance,23975.9,29.73,70.41,2892.5,91.41,650.06,4.825,89.21,29.13,1.621,27.531,26.08,17.826,95.65,0.094,0,NORMAL,0,Normal,NORMAL,0.0899,1366.33,No action
2026-09-04T14:20:56,SIM-MISSION-03,1256,Endurance,23968.0,27.37,67.82,2871.4,91.2,659.85,4.732,88.37,28.93,1.53,27.726,25.27,17.811,95.41,0.1037,0,NORMAL,0,Normal,NORMAL,0.0981,1366.27,No action
2026-09-04T14:20:57,SIM-MISSION-03,1257,Endurance,24114.0,27.94,67.69,2883.9,91.37,662.69,4.77,88.34,28.94,1.499,27.655,26.11,17.837,96.05,0.0782,0,NORMAL,0,Normal,NORMAL,0.0764,1366.2,No action
2026-09-04T14:20:58,SIM-MISSION-03,1258,Endurance,23947.8,31.03,67.74,2864.0,90.05,662.53,4.816,88.64,29.03,1.492,27.56,26.13,17.75,95.69,0.0924,0,NORMAL,0,Normal,NORMAL,0.0885,1366.13,No action
2026-09-04T14:20:59,SIM-MISSION-03,1259,Endurance,23957.1,27.07,68.03,2839.6,91.22,655.73,4.923,87.8,28.93,1.583,27.65,25.96,17.862,95.11,0.1157,0,NORMAL,0,Normal,NORMAL,0.1083,1366.07,No action
2026-09-04T14:21:00,SIM-MISSION-03,1260,Endurance,23787.4,28.36,69.42,2790.1,93.11,689.8,4.527,88.94,29.83,3.142,27.515,26.03,17.755,82.78,0.6087,1,PRE_FAILURE,0,Combustion Instability,CRITICAL_WARNING,0.6274,1366.0,Immediate inspection recommended
2026-09-04T14:21:01,SIM-MISSION-03,1261,Endurance,24006.2,27.1,66.69,2791.1,94.3,673.04,4.619,91.59,29.74,3.17,27.657,25.78,17.844,83.13,0.5947,1,PRE_FAILURE,0,Combustion Instability,CRITICAL_WARNING,0.6155,1345.93,Immediate inspection recommended
2026-09-04T14:21:02,SIM-MISSION-03,1262,Endurance,23897.4,27.62,67.2,2835.9,94.15,626.53,4.538,90.45,29.91,3.467,27.595,25.89,17.811,81.8,0.6482,1,PRE_FAILURE,0,Combustion Instability,CRITICAL_WARNING,0.661,1325.87,Immediate inspection recommended
2026-09-04T14:21:03,SIM-MISSION-03,1263,Endurance,23865.0,29.08,66.97,2796.3,94.27,712.28,4.502,90.44,29.94,3.608,27.523,26.55,17.819,80.39,0.7045,1,PRE_FAILURE,0,Combustion Instability,CRITICAL_WARNING,0.7089,1305.8,Immediate inspection recommended
2026-09-04T14:21:04,SIM-MISSION-03,1264,Endurance,24116.9,26.88,67.41,2763.8,94.75,640.31,4.4,92.02,29.4,3.651,27.602,25.04,17.814,80.99,0.6802,1,PRE_FAILURE,0,Combustion Instability,CRITICAL_WARNING,0.6882,1285.73,Immediate inspection recommended
2026-09-04T14:21:05,SIM-MISSION-03,1265,Endurance,24131.1,29.51,69.38,2664.5,96.31,703.29,4.362,90.88,30.42,3.861,27.499,25.85,17.811,79.2,0.7522,1,PRE_FAILURE,0,Combustion Instability,CRITICAL_WARNING,0.7493,1265.67,Immediate inspection recommended
2026-09-04T14:21:06,SIM-MISSION-03,1266,Endurance,23989.9,25.77,67.01,2863.0,94.83,658.79,4.45,89.95,29.57,3.976,27.704,26.01,17.81,78.53,0.7788,1,PRE_FAILURE,0,Combustion Instability,CRITICAL_WARNING,0.772,1245.6,Immediate inspection recommended
2026-09-04T14:21:07,SIM-MISSION-03,1267,Endurance,24124.8,25.99,67.97,2709.3,94.69,620.38,4.369,92.08,29.55,4.082,27.619,26.4,17.765,78.04,0.7986,1,PRE_FAILURE,0,Combustion Instability,CRITICAL_WARNING,0.7888,1225.53,Immediate inspection recommended
2026-09-04T14:21:08,SIM-MISSION-03,1268,Endurance,23980.2,28.12,64.77,2748.7,95.59,680.71,4.332,91.91,30.06,4.178,27.649,26.01,17.814,76.45,0.8622,1,PRE_FAILURE,0,Combustion Instability,CRITICAL_WARNING,0.8429,1205.47,Immediate inspection recommended
2026-09-04T14:21:09,SIM-MISSION-03,1269,Endurance,24134.5,27.23,67.4,2799.6,97.23,699.27,4.431,89.95,30.13,4.331,27.605,25.48,17.834,76.78,0.8488,1,PRE_FAILURE,0,Combustion Instability,CRITICAL_WARNING,0.8315,1185.4,Immediate inspection recommended
2026-09-04T14:21:10,SIM-MISSION-03,1270,Endurance,23953.5,27.63,70.02,2982.0,96.62,679.51,4.329,91.1,29.48,4.448,27.532,26.08,17.833,75.68,0.8929,1,PRE_FAILURE,0,Combustion Instability,CRITICAL_WARNING,0.869,1165.33,Immediate inspection recommended
2026-09-04T14:21:11,SIM-MISSION-03,1271,Endurance,23874.3,27.78,66.84,2855.7,96.93,663.92,4.345,93.02,31.14,4.738,27.53,26.11,17.825,75.3,0.9079,1,PRE_FAILURE,0,Combustion Instability,CRITICAL_WARNING,0.8817,1145.27,Immediate inspection recommended
2026-09-04T14:21:12,SIM-MISSION-03,1272,Endurance,24007.9,27.6,68.51,2805.5,98.3,676.63,4.338,91.99,30.57,4.859,27.535,25.24,17.751,74.53,0.9388,1,PRE_FAILURE,0,Combustion Instability,CRITICAL_WARNING,0.908,1125.2,Immediate inspection recommended
2026-09-04T14:21:13,SIM-MISSION-03,1273,Endurance,24078.2,28.13,69.57,2646.6,96.38,725.71,4.211,91.97,30.71,5.127,27.683,26.29,17.872,73.56,0.9774,1,PRE_FAILURE,0,Combustion Instability,CRITICAL_WARNING,0.9408,1105.13,Immediate inspection recommended
2026-09-04T14:21:14,SIM-MISSION-03,1274,Endurance,23971.4,26.99,70.05,2630.6,98.74,746.7,4.267,92.25,30.2,5.278,27.468,25.63,17.779,73.0,1.0,1,PRE_FAILURE,0,Combustion Instability,CRITICAL_WARNING,0.96,1085.07,Immediate inspection recommended
2026-09-04T14:21:15,SIM-MISSION-03,1275,Endurance,24069.2,27.91,69.23,2877.2,98.15,727.59,4.268,93.11,30.26,5.421,27.645,25.96,17.88,33.0,1.0,1,FAILURE,1,Combustion Instability,ENGINE_FAILURE,0.96,20.0,Emergency shutdown / maintenance inspection
2026-09-04T14:21:16,SIM-MISSION-03,1276,Endurance,23913.2,26.22,69.11,2884.2,97.67,600.33,4.259,91.62,31.26,5.498,27.677,25.92,17.834,33.0,1.0,1,FAILURE,1,Combustion Instability,ENGINE_FAILURE,0.96,18.5,Emergency shutdown / maintenance inspection
2026-09-04T14:21:17,SIM-MISSION-03,1277,Endurance,24034.9,27.71,67.77,2683.4,99.4,721.2,4.12,92.4,30.12,5.602,27.431,25.94,17.733,33.0,1.0,1,FAILURE,1,Combustion Instability,ENGINE_FAILURE,0.96,17.0,Emergency shutdown / maintenance inspection
2026-09-04T14:21:18,SIM-MISSION-03,1278,Endurance,23951.0,26.5,68.24,2602.2,97.61,695.71,4.236,94.47,30.15,5.666,27.647,26.57,17.747,33.0,1.0,1,FAILURE,1,Combustion Instability,ENGINE_FAILURE,0.96,15.5,Emergency shutdown / maintenance inspection
2026-09-04T14:21:19,SIM-MISSION-03,1279,Endurance,23859.0,27.87,69.21,2764.4,99.49,747.9,4.2,93.01,31.28,5.839,27.692,26.21,17.767,33.0,1.0,1,FAILURE,1,Combustion Instability,ENGINE_FAILURE,0.96,14.0,Emergency shutdown / maintenance inspection
2026-09-04T14:21:20,SIM-MISSION-03,1280,Endurance,23865.4,28.42,65.37,2737.5,97.53,626.42,4.135,94.52,30.85,6.02,27.633,25.6,17.805,33.0,1.0,1,FAILURE,1,Combustion Instability,ENGINE_FAILURE,0.96,12.5,Emergency shutdown / maintenance inspection
2026-09-04T14:21:21,SIM-MISSION-03,1281,Endurance,23967.5,27.43,68.83,2637.6,100.36,529.14,4.061,93.84,30.58,6.222,27.53,26.5,17.758,33.0,1.0,1,FAILURE,1,Combustion Instability,ENGINE_FAILURE,0.96,11.0,Emergency shutdown / maintenance inspection
2026-09-04T14:21:22,SIM-MISSION-03,1282,Endurance,23884.4,26.73,68.36,2680.7,100.1,665.01,4.051,93.21,30.59,6.42,27.708,26.32,17.815,33.0,1.0,1,FAILURE,1,Combustion Instability,ENGINE_FAILURE,0.96,9.5,Emergency shutdown / maintenance inspection
2026-09-04T14:21:23,SIM-MISSION-03,1283,Endurance,23908.8,29.22,68.76,2693.9,99.49,793.12,4.013,94.38,31.17,6.475,27.614,26.01,17.834,33.0,1.0,1,FAILURE,1,Combustion Instability,ENGINE_FAILURE,0.96,8.0,Emergency shutdown / maintenance inspection
2026-09-04T14:21:24,SIM-MISSION-03,1284,Endurance,24072.9,27.94,69.09,2831.0,100.81,710.03,3.94,92.37,32.07,6.755,27.534,25.91,17.721,33.0,1.0,1,FAILURE,1,Combustion Instability,ENGINE_FAILURE,0.96,6.5,Emergency shutdown / maintenance inspection
2026-09-04T14:21:25,SIM-MISSION-03,1285,Endurance,24088.1,28.09,71.87,2794.5,91.99,657.78,4.84,88.51,29.33,1.619,27.596,25.47,17.821,95.62,0.0951,0,NORMAL,0,Normal,NORMAL,0.0908,1364.33,No action
2026-09-04T14:21:26,SIM-MISSION-03,1286,Endurance,23925.2,28.49,69.99,2812.8,91.08,665.84,4.853,88.05,29.11,1.368,27.47,25.28,17.789,95.07,0.1173,0,NORMAL,0,Normal,NORMAL,0.1097,1364.27,No action
2026-09-04T14:21:27,SIM-MISSION-03,1287,Endurance,23850.7,27.96,66.71,2823.8,92.18,653.59,4.712,88.02,28.77,1.422,27.577,26.59,17.812,95.13,0.1147,0,NORMAL,0,Normal,NORMAL,0.1075,1364.2,No action
2026-09-04T14:21:28,SIM-MISSION-03,1288,Endurance,24023.3,26.92,65.85,2809.9,91.29,660.12,4.833,87.47,29.02,1.619,27.517,26.31,17.813,95.23,0.1109,0,NORMAL,0,Normal,NORMAL,0.1043,1364.13,No action
2026-09-04T14:21:29,SIM-MISSION-03,1289,Endurance,24064.3,28.59,69.36,2822.1,89.84,655.85,4.748,88.32,29.62,1.538,27.632,26.08,17.819,95.59,0.0963,0,NORMAL,0,Normal,NORMAL,0.0919,1364.07,No action
2026-09-04T14:21:30,SIM-MISSION-03,1290,Endurance,24047.1,27.41,68.68,2797.8,91.33,666.0,4.669,87.62,29.4,1.612,27.609,26.12,17.763,95.39,0.1042,0,NORMAL,0,Normal,NORMAL,0.0986,1364.0,No action
2026-09-04T14:21:31,SIM-MISSION-03,1291,Endurance,24058.2,28.17,66.78,2811.8,89.59,662.76,4.889,87.2,28.97,1.401,27.662,25.83,17.795,95.91,0.0834,0,NORMAL,0,Normal,NORMAL,0.0809,1363.93,No action
2026-09-04T14:21:32,SIM-MISSION-03,1292,Endurance,23718.6,28.17,66.18,2825.0,91.52,656.2,4.902,86.52,29.2,1.602,27.713,25.58,17.816,94.7,0.1321,0,NORMAL,0,Normal,NORMAL,0.1223,1363.87,No action
2026-09-04T14:21:33,SIM-MISSION-03,1293,Endurance,24035.7,27.62,66.7,2815.5,90.37,656.21,4.97,87.6,28.86,1.575,27.596,25.48,17.739,95.69,0.0922,0,NORMAL,0,Normal,NORMAL,0.0884,1363.8,No action
2026-09-04T14:21:34,SIM-MISSION-03,1294,Endurance,24104.8,28.45,68.9,2797.9,91.4,658.57,4.813,88.38,28.94,1.532,27.687,26.24,17.954,95.41,0.1035,0,NORMAL,0,Normal,NORMAL,0.098,1363.73,No action
2026-09-04T14:21:35,SIM-MISSION-03,1295,Endurance,24011.6,27.45,67.18,2820.1,90.77,657.09,4.685,88.69,28.52,1.671,27.541,25.68,17.756,95.27,0.109,0,NORMAL,0,Normal,NORMAL,0.1027,1363.67,No action
2026-09-04T14:21:36,SIM-MISSION-03,1296,Endurance,23897.9,27.62,66.65,2844.6,89.39,660.97,4.83,88.46,29.69,1.57,27.465,26.42,17.759,95.36,0.1054,0,NORMAL,0,Normal,NORMAL,0.0996,1363.6,No action
2026-09-04T14:21:37,SIM-MISSION-03,1297,Endurance,23938.8,27.64,66.53,2806.3,90.04,662.37,4.72,87.47,28.39,1.599,27.681,26.04,17.801,94.79,0.1282,0,NORMAL,0,Normal,NORMAL,0.119,1363.53,No action
2026-09-04T14:21:38,SIM-MISSION-03,1298,Endurance,23809.1,28.33,68.34,2804.1,90.4,654.82,4.924,87.96,28.73,1.577,27.512,25.53,17.677,94.83,0.1266,0,NORMAL,0,Normal,NORMAL,0.1176,1363.47,No action
2026-09-04T14:21:39,SIM-MISSION-03,1299,Endurance,24023.9,27.7,70.63,2764.1,92.08,659.98,4.85,87.64,28.7,1.517,27.654,26.01,17.747,95.36,0.1055,0,NORMAL,0,Normal,NORMAL,0.0997,1363.4,No action
2026-09-04T14:21:40,SIM-MISSION-03,1300,Endurance,23811.2,27.99,67.01,2790.7,91.36,656.72,4.994,87.8,28.6,1.615,27.56,25.79,17.72,95.52,0.0993,0,NORMAL,0,Normal,NORMAL,0.0944,1363.33,No action
2026-09-04T14:21:41,SIM-MISSION-03,1301,Endurance,24076.1,25.72,68.09,2819.7,91.33,659.3,4.736,88.78,28.96,1.69,27.459,25.9,17.809,95.35,0.1062,0,NORMAL,0,Normal,NORMAL,0.1002,1363.27,No action
2026-09-04T14:21:42,SIM-MISSION-03,1302,Endurance,23992.0,27.26,68.64,2820.5,91.52,666.44,4.826,88.1,28.05,1.578,27.495,26.4,17.757,95.26,0.1095,0,NORMAL,0,Normal,NORMAL,0.1031,1363.2,No action
2026-09-04T14:21:43,SIM-MISSION-03,1303,Endurance,23991.9,30.28,70.29,2844.6,89.89,657.58,4.736,88.85,29.27,1.529,27.54,25.9,17.84,95.67,0.0933,0,NORMAL,0,Normal,NORMAL,0.0893,1363.13,No action
2026-09-04T14:21:44,SIM-MISSION-03,1304,Endurance,23906.3,27.66,69.28,2819.0,91.26,658.89,4.828,87.71,29.12,1.59,27.651,26.09,17.855,95.49,0.1005,0,NORMAL,0,Normal,NORMAL,0.0954,1363.07,No action
2026-09-04T14:21:45,SIM-MISSION-03,1305,Endurance,24015.1,26.8,67.29,2820.6,91.45,666.25,4.751,88.81,29.9,1.482,27.72,25.87,17.804,95.54,0.0984,0,NORMAL,0,Normal,NORMAL,0.0936,1363.0,No action
2026-09-04T14:21:46,SIM-MISSION-03,1306,Endurance,23746.8,28.52,65.81,2794.9,90.74,657.62,4.917,88.48,28.74,1.558,27.564,25.49,17.843,95.57,0.0974,0,NORMAL,0,Normal,NORMAL,0.0928,1362.93,No action
2026-09-04T14:21:47,SIM-MISSION-03,1307,Endurance,23927.8,28.53,69.31,2773.6,91.28,660.08,4.815,87.99,28.74,1.392,27.752,25.86,17.877,95.59,0.0964,0,NORMAL,0,Normal,NORMAL,0.0919,1362.87,No action
2026-09-04T14:21:48,SIM-MISSION-03,1308,Endurance,23883.9,27.67,66.33,2790.7,91.14,660.65,4.831,87.7,28.55,1.6,27.532,26.15,17.787,95.96,0.0815,0,NORMAL,0,Normal,NORMAL,0.0793,1362.8,No action
2026-09-04T14:21:49,SIM-MISSION-03,1309,Endurance,24041.8,27.96,69.33,2774.3,91.6,658.39,4.772,87.27,29.13,1.464,27.562,26.15,17.844,95.22,0.1111,0,NORMAL,0,Normal,NORMAL,0.1045,1362.73,No action
2026-09-04T14:21:50,SIM-MISSION-03,1310,Endurance,23884.8,29.0,66.8,2801.1,90.89,653.81,4.823,87.73,29.24,1.537,27.543,26.17,17.8,96.06,0.0774,0,NORMAL,0,Normal,NORMAL,0.0758,1362.67,No action
2026-09-04T14:21:51,SIM-MISSION-03,1311,Endurance,24119.6,28.63,67.04,2807.3,91.64,655.73,4.77,87.93,29.16,1.479,27.669,26.27,17.766,95.25,0.1098,0,NORMAL,0,Normal,NORMAL,0.1034,1362.6,No action
2026-09-04T14:21:52,SIM-MISSION-03,1312,Endurance,24104.0,30.28,71.19,2750.8,89.68,660.86,4.861,88.54,28.65,1.587,27.646,25.8,17.733,95.32,0.1071,0,NORMAL,0,Normal,NORMAL,0.1011,1362.53,No action
2026-09-04T14:21:53,SIM-MISSION-03,1313,Endurance,24037.8,27.87,65.63,2783.8,90.45,658.78,4.884,88.13,28.83,1.703,27.625,26.16,17.853,95.61,0.0954,0,NORMAL,0,Normal,NORMAL,0.0911,1362.47,No action
2026-09-04T14:21:54,SIM-MISSION-03,1314,Endurance,23981.5,28.91,70.94,2786.6,90.26,656.18,4.803,88.01,28.52,1.573,27.708,25.92,17.754,94.71,0.1314,0,NORMAL,0,Normal,NORMAL,0.1217,1362.4,No action
2026-09-04T14:21:55,SIM-MISSION-03,1315,Endurance,24019.8,26.19,69.38,2757.2,91.02,655.23,4.797,89.13,29.1,1.622,27.481,26.17,17.801,95.82,0.0872,0,NORMAL,0,Normal,NORMAL,0.0841,1362.33,No action
2026-09-04T14:21:56,SIM-MISSION-03,1316,Endurance,24046.5,25.47,70.87,2754.9,92.06,660.84,4.74,88.86,29.21,1.545,27.632,25.94,17.835,96.19,0.0722,0,NORMAL,0,Normal,NORMAL,0.0714,1362.27,No action
2026-09-04T14:21:57,SIM-MISSION-03,1317,Endurance,24172.7,29.2,67.25,2766.5,90.35,662.64,4.817,88.72,29.09,1.64,27.486,25.59,17.706,95.78,0.0887,0,NORMAL,0,Normal,NORMAL,0.0854,1362.2,No action
2026-09-04T14:21:58,SIM-MISSION-03,1318,Endurance,24173.7,27.72,69.07,2775.3,91.09,663.55,4.739,88.51,28.8,1.685,27.611,26.03,17.772,95.09,0.1165,0,NORMAL,0,Normal,NORMAL,0.109,1362.13,No action
2026-09-04T14:21:59,SIM-MISSION-03,1319,Endurance,24088.4,28.4,69.14,2772.7,90.72,661.83,4.814,87.67,28.84,1.664,27.672,25.94,17.794,95.64,0.0945,0,NORMAL,0,Normal,NORMAL,0.0903,1362.07,No action
2026-09-04T14:22:00,SIM-MISSION-03,1320,Endurance,23950.2,28.79,69.07,2753.1,89.16,665.45,4.865,86.68,29.08,1.482,27.635,26.61,17.936,95.16,0.1136,0,NORMAL,0,Normal,NORMAL,0.1066,1362.0,No action
2026-09-04T14:22:01,SIM-MISSION-03,1321,Endurance,23837.5,27.67,67.89,2776.5,91.85,659.84,4.767,88.69,29.33,1.544,27.579,25.36,17.725,95.38,0.1047,0,NORMAL,0,Normal,NORMAL,0.099,1361.93,No action
2026-09-04T14:22:02,SIM-MISSION-03,1322,Endurance,23924.4,27.12,69.88,2749.3,90.59,664.65,4.867,86.68,29.37,1.584,27.572,26.24,17.81,95.4,0.1039,0,NORMAL,0,Normal,NORMAL,0.0983,1361.87,No action
2026-09-04T14:22:03,SIM-MISSION-03,1323,Endurance,23936.5,27.72,63.05,2783.4,89.34,661.7,4.957,88.52,29.17,1.498,27.454,25.9,17.865,95.95,0.082,0,NORMAL,0,Normal,NORMAL,0.0797,1361.8,No action
2026-09-04T14:22:04,SIM-MISSION-03,1324,Endurance,23885.9,29.23,69.5,2728.6,91.68,654.96,4.807,86.88,29.08,1.509,27.451,25.89,17.843,95.13,0.1148,0,NORMAL,0,Normal,NORMAL,0.1075,1361.73,No action
2026-09-04T14:22:05,SIM-MISSION-03,1325,Endurance,23963.7,29.61,66.98,2760.1,91.35,663.79,4.704,88.52,28.53,1.609,27.579,26.2,17.777,95.26,0.1098,0,NORMAL,0,Normal,NORMAL,0.1033,1361.67,No action
2026-09-04T14:22:06,SIM-MISSION-03,1326,Endurance,23861.0,28.86,68.44,2752.3,92.3,654.57,4.855,87.85,29.3,1.499,27.627,26.16,17.759,95.63,0.0948,0,NORMAL,0,Normal,NORMAL,0.0906,1361.6,No action
2026-09-04T14:22:07,SIM-MISSION-03,1327,Endurance,23767.7,28.49,67.12,2752.4,89.68,662.08,4.782,88.05,29.04,1.584,27.536,25.79,17.853,95.58,0.097,0,NORMAL,0,Normal,NORMAL,0.0924,1361.53,No action
2026-09-04T14:22:08,SIM-MISSION-03,1328,Endurance,23907.3,27.52,69.93,2755.9,91.26,665.0,4.835,88.21,29.57,1.632,27.663,26.07,17.816,95.82,0.0871,0,NORMAL,0,Normal,NORMAL,0.084,1361.47,No action
2026-09-04T14:22:09,SIM-MISSION-03,1329,Endurance,23776.6,28.66,68.17,2735.9,90.51,661.8,4.871,88.14,29.2,1.608,27.768,26.0,17.805,95.48,0.1009,0,NORMAL,0,Normal,NORMAL,0.0958,1361.4,No action
2026-09-04T14:22:10,SIM-MISSION-03,1330,Endurance,23840.7,27.11,66.52,2787.0,90.03,661.26,4.923,88.77,29.4,1.471,27.621,26.0,17.781,95.84,0.0866,0,NORMAL,0,Normal,NORMAL,0.0836,1361.33,No action
2026-09-04T14:22:11,SIM-MISSION-03,1331,Endurance,24166.6,26.75,68.36,2748.5,90.73,658.09,4.803,88.61,28.46,1.577,27.522,26.45,17.797,95.26,0.1096,0,NORMAL,0,Normal,NORMAL,0.1031,1361.27,No action
2026-09-04T14:22:12,SIM-MISSION-03,1332,Endurance,24262.8,30.15,66.96,2755.2,90.35,667.29,4.737,88.5,28.86,1.669,27.575,25.8,17.853,95.75,0.0899,0,NORMAL,0,Normal,NORMAL,0.0864,1361.2,No action
2026-09-04T14:22:13,SIM-MISSION-03,1333,Endurance,23977.9,28.87,68.53,2742.2,90.87,669.61,4.829,87.86,28.95,1.557,27.597,25.84,17.77,95.5,0.1001,0,NORMAL,0,Normal,NORMAL,0.0951,1361.13,No action
2026-09-04T14:22:14,SIM-MISSION-03,1334,Endurance,23965.4,28.54,66.94,2776.6,91.1,653.49,4.842,89.41,28.48,1.602,27.551,26.5,17.706,95.54,0.0985,0,NORMAL,0,Normal,NORMAL,0.0937,1361.07,No action
2026-09-04T14:22:15,SIM-MISSION-03,1335,Endurance,24211.0,26.94,68.0,2782.1,90.37,656.3,4.927,88.45,28.5,1.328,27.633,25.93,17.866,94.98,0.1209,0,NORMAL,0,Normal,NORMAL,0.1127,1361.0,No action
2026-09-04T14:22:16,SIM-MISSION-03,1336,Endurance,23962.3,27.31,66.94,2738.4,90.91,660.17,4.788,88.91,29.21,1.638,27.523,25.29,17.774,95.49,0.1006,0,NORMAL,0,Normal,NORMAL,0.0955,1360.93,No action
2026-09-04T14:22:17,SIM-MISSION-03,1337,Endurance,23872.0,26.95,67.51,2762.0,90.91,658.25,4.818,87.46,29.83,1.645,27.498,25.46,17.806,95.72,0.091,0,NORMAL,0,Normal,NORMAL,0.0874,1360.87,No action
2026-09-04T14:22:18,SIM-MISSION-03,1338,Endurance,24166.5,27.23,66.57,2791.9,91.52,660.34,4.748,87.3,28.67,1.533,27.497,25.93,17.821,96.15,0.0739,0,NORMAL,0,Normal,NORMAL,0.0728,1360.8,No action
2026-09-04T14:22:19,SIM-MISSION-03,1339,Endurance,24059.0,29.01,68.72,2749.8,92.07,661.99,4.797,87.8,28.56,1.523,27.629,26.3,17.753,94.98,0.1207,0,NORMAL,0,Normal,NORMAL,0.1126,1360.73,No action
2026-09-04T14:22:20,SIM-MISSION-03,1340,Endurance,23963.9,25.91,69.34,2732.6,90.41,665.53,4.88,88.11,28.7,1.609,27.534,26.01,17.905,95.3,0.1078,0,NORMAL,0,Normal,NORMAL,0.1017,1360.67,No action
2026-09-04T14:22:21,SIM-MISSION-03,1341,Endurance,24023.0,28.93,68.1,2765.0,90.92,662.87,4.707,87.92,29.24,1.642,27.555,25.49,17.794,95.21,0.1115,0,NORMAL,0,Normal,NORMAL,0.1048,1360.6,No action
2026-09-04T14:22:22,SIM-MISSION-03,1342,Endurance,24049.3,28.1,68.22,2748.8,90.14,662.3,4.789,88.06,29.29,1.598,27.591,26.2,17.865,96.02,0.0792,0,NORMAL,0,Normal,NORMAL,0.0773,1360.53,No action
2026-09-04T14:22:23,SIM-MISSION-03,1343,Endurance,24029.7,27.66,66.37,2757.0,88.78,652.37,4.727,87.68,28.72,1.48,27.535,25.83,17.755,95.58,0.097,0,NORMAL,0,Normal,NORMAL,0.0924,1360.47,No action
2026-09-04T14:22:24,SIM-MISSION-03,1344,Endurance,24156.7,28.11,67.71,2730.1,90.69,666.68,4.799,87.45,29.06,1.461,27.54,26.33,17.869,95.75,0.0899,0,NORMAL,0,Normal,NORMAL,0.0864,1360.4,No action
2026-09-04T14:22:25,SIM-MISSION-03,1345,Endurance,23888.3,29.66,67.76,2770.4,89.88,656.99,4.745,86.62,27.99,1.602,27.58,25.91,17.798,95.4,0.1039,0,NORMAL,0,Normal,NORMAL,0.0983,1360.33,No action
2026-09-04T14:22:26,SIM-MISSION-03,1346,Endurance,24179.0,28.28,67.5,2751.8,90.45,654.51,4.814,88.71,28.75,1.528,27.497,25.55,17.914,95.47,0.101,0,NORMAL,0,Normal,NORMAL,0.0959,1360.27,No action
2026-09-04T14:22:27,SIM-MISSION-03,1347,Endurance,24023.2,28.48,69.58,2773.1,89.58,666.67,4.807,89.0,28.88,1.541,27.653,26.08,17.806,95.41,0.1035,0,NORMAL,0,Normal,NORMAL,0.098,1360.2,No action
2026-09-04T14:22:28,SIM-MISSION-03,1348,Endurance,24086.9,29.07,66.22,2742.8,90.89,665.76,4.776,87.9,28.79,1.48,27.526,26.36,17.865,95.25,0.1101,0,NORMAL,0,Normal,NORMAL,0.1035,1360.13,No action
2026-09-04T14:22:29,SIM-MISSION-03,1349,Endurance,23993.8,28.0,69.57,2755.0,91.95,665.24,4.679,89.64,29.22,1.628,27.74,26.24,17.76,95.03,0.1189,0,NORMAL,0,Normal,NORMAL,0.1111,1360.07,No action
2026-09-04T14:22:30,SIM-MISSION-03,1350,Endurance,23893.5,28.28,66.49,2691.2,91.25,661.59,4.737,87.5,28.98,1.465,27.657,25.63,17.821,95.3,0.108,0,NORMAL,0,Normal,NORMAL,0.1018,1360.0,No action
2026-09-04T14:22:31,SIM-MISSION-03,1351,Endurance,24026.6,27.61,67.2,2755.7,89.78,661.17,4.812,87.94,28.83,1.623,27.581,26.11,17.787,95.79,0.0883,0,NORMAL,0,Normal,NORMAL,0.0851,1359.93,No action
2026-09-04T14:22:32,SIM-MISSION-03,1352,Endurance,23998.0,29.58,67.54,2748.0,91.01,662.24,4.685,87.41,28.89,1.59,27.554,25.7,17.798,94.92,0.1232,0,NORMAL,0,Normal,NORMAL,0.1147,1359.87,No action
2026-09-04T14:22:33,SIM-MISSION-03,1353,Endurance,23890.5,27.79,66.65,2763.3,89.16,659.91,4.825,88.4,29.54,1.508,27.587,25.8,17.824,95.81,0.0874,0,NORMAL,0,Normal,NORMAL,0.0843,1359.8,No action
2026-09-04T14:22:34,SIM-MISSION-03,1354,Endurance,23943.8,27.81,65.82,2729.0,92.27,657.18,4.729,88.31,29.41,1.423,27.599,25.91,17.719,95.2,0.112,0,NORMAL,0,Normal,NORMAL,0.1052,1359.73,No action
2026-09-04T14:22:35,SIM-MISSION-03,1355,Endurance,23979.6,27.01,67.82,2737.5,90.93,656.44,4.863,88.21,29.23,1.558,27.475,26.73,17.755,95.92,0.0832,0,NORMAL,0,Normal,NORMAL,0.0807,1359.67,No action
2026-09-04T14:22:36,SIM-MISSION-03,1356,Endurance,23857.5,29.51,66.95,2761.0,92.16,657.35,4.785,88.13,28.9,1.6,27.71,25.44,17.857,95.62,0.0953,0,NORMAL,0,Normal,NORMAL,0.091,1359.6,No action
2026-09-04T14:22:37,SIM-MISSION-03,1357,Endurance,24207.6,26.77,68.94,2751.9,91.41,660.08,4.815,88.39,29.46,1.698,27.57,25.68,17.852,95.45,0.1018,0,NORMAL,0,Normal,NORMAL,0.0966,1359.53,No action
2026-09-04T14:22:38,SIM-MISSION-03,1358,Endurance,23952.7,26.66,69.38,2714.7,91.21,660.51,4.746,87.07,28.73,1.566,27.578,26.04,17.785,95.61,0.0958,0,NORMAL,0,Normal,NORMAL,0.0914,1359.47,No action
2026-09-04T14:22:39,SIM-MISSION-03,1359,Endurance,23932.4,26.4,71.07,2774.8,90.12,653.43,4.854,87.42,29.22,1.561,27.538,26.22,17.776,95.99,0.0803,0,NORMAL,0,Normal,NORMAL,0.0783,1359.4,No action
2026-09-04T14:22:40,SIM-MISSION-03,1360,Endurance,23899.2,28.29,64.89,2787.7,90.48,660.25,4.84,86.46,28.94,1.578,27.627,25.85,17.789,95.87,0.085,0,NORMAL,0,Normal,NORMAL,0.0823,1359.33,No action
2026-09-04T14:22:41,SIM-MISSION-03,1361,Endurance,24108.4,28.57,68.12,2728.9,90.54,652.66,4.782,88.76,29.07,1.563,27.477,25.62,17.824,94.5,0.1402,0,NORMAL,0,Normal,NORMAL,0.1292,1359.27,No action
2026-09-04T14:22:42,SIM-MISSION-03,1362,Endurance,23979.7,26.38,68.37,2767.5,91.49,661.01,4.727,88.38,29.22,1.481,27.578,25.84,17.79,95.96,0.0818,0,NORMAL,0,Normal,NORMAL,0.0795,1359.2,No action
2026-09-04T14:22:43,SIM-MISSION-03,1363,Endurance,24019.9,27.53,70.27,2780.4,91.12,661.23,4.767,88.19,28.27,1.528,27.584,25.84,17.742,95.35,0.1062,0,NORMAL,0,Normal,NORMAL,0.1003,1359.13,No action
2026-09-04T14:22:44,SIM-MISSION-03,1364,Endurance,23862.4,27.6,69.85,2804.7,91.15,655.36,4.866,88.86,28.49,1.669,27.605,26.42,17.765,95.97,0.0813,0,NORMAL,0,Normal,NORMAL,0.0791,1359.07,No action
2026-09-04T14:22:45,SIM-MISSION-03,1365,Endurance,23996.3,27.3,69.06,2747.9,89.93,657.06,4.74,87.4,28.82,1.506,27.684,25.72,17.836,95.18,0.113,0,NORMAL,0,Normal,NORMAL,0.106,1359.0,No action
2026-09-04T14:22:46,SIM-MISSION-03,1366,Endurance,24079.4,28.92,68.97,2737.7,91.81,660.22,4.768,86.95,29.2,1.6,27.616,25.6,17.832,96.06,0.0776,0,NORMAL,0,Normal,NORMAL,0.076,1358.93,No action
2026-09-04T14:22:47,SIM-MISSION-03,1367,Endurance,23974.6,29.51,66.82,2763.6,90.18,666.45,4.729,88.34,29.33,1.585,27.393,25.83,17.785,95.06,0.1177,0,NORMAL,0,Normal,NORMAL,0.1101,1358.87,No action
2026-09-04T14:22:48,SIM-MISSION-03,1368,Endurance,24067.3,26.72,68.71,2770.8,88.8,654.39,4.892,86.66,29.34,1.596,27.719,26.27,17.788,95.42,0.103,0,NORMAL,0,Normal,NORMAL,0.0976,1358.8,No action
2026-09-04T14:22:49,SIM-MISSION-03,1369,Endurance,23801.9,27.28,67.97,2773.0,92.71,660.42,4.795,88.33,29.42,1.47,27.51,26.2,17.807,95.49,0.1005,0,NORMAL,0,Normal,NORMAL,0.0954,1358.73,No action
2026-09-04T14:22:50,SIM-MISSION-03,1370,Endurance,23872.9,26.81,67.35,2773.7,91.87,660.39,4.841,88.32,28.75,1.45,27.673,25.75,17.743,96.27,0.0694,0,NORMAL,0,Normal,NORMAL,0.069,1358.67,No action
2026-09-04T14:22:51,SIM-MISSION-03,1371,Endurance,24010.5,27.46,68.27,2792.3,90.75,660.83,4.831,88.37,29.53,1.557,27.662,25.74,17.766,95.72,0.0912,0,NORMAL,0,Normal,NORMAL,0.0876,1358.6,No action
2026-09-04T14:22:52,SIM-MISSION-03,1372,Endurance,24097.1,27.47,67.34,2780.2,90.96,657.65,4.796,87.87,29.2,1.61,27.508,26.36,17.791,95.37,0.1054,0,NORMAL,0,Normal,NORMAL,0.0996,1358.53,No action
2026-09-04T14:22:53,SIM-MISSION-03,1373,Endurance,23645.0,28.04,66.57,2767.8,90.02,662.73,4.817,88.18,28.92,1.563,27.457,26.01,17.897,95.33,0.107,0,NORMAL,0,Normal,NORMAL,0.1009,1358.47,No action
2026-09-04T14:22:54,SIM-MISSION-03,1374,Endurance,24096.3,27.76,69.75,2755.9,91.33,653.27,4.743,87.39,28.99,1.588,27.557,25.9,17.786,95.62,0.0952,0,NORMAL,0,Normal,NORMAL,0.0909,1358.4,No action
2026-09-04T14:22:55,SIM-MISSION-03,1375,Endurance,23938.8,27.31,70.55,2770.5,90.59,660.19,4.736,87.57,28.93,1.541,27.675,25.95,17.83,95.45,0.1021,0,NORMAL,0,Normal,NORMAL,0.0968,1358.33,No action
2026-09-04T14:22:56,SIM-MISSION-03,1376,Endurance,23873.0,29.46,66.49,2820.4,89.72,661.2,4.785,88.98,29.12,1.545,27.53,25.7,17.785,95.0,0.1199,0,NORMAL,0,Normal,NORMAL,0.1119,1358.27,No action
2026-09-04T14:22:57,SIM-MISSION-03,1377,Endurance,24107.4,29.13,70.29,2770.2,92.06,661.13,4.763,88.26,29.13,1.651,27.475,26.05,17.871,95.94,0.0823,0,NORMAL,0,Normal,NORMAL,0.0799,1358.2,No action
2026-09-04T14:22:58,SIM-MISSION-03,1378,Endurance,23864.4,27.05,68.89,2806.7,91.83,659.93,4.749,87.78,28.43,1.641,27.616,26.17,17.892,95.78,0.0887,0,NORMAL,0,Normal,NORMAL,0.0854,1358.13,No action
2026-09-04T14:22:59,SIM-MISSION-03,1379,Endurance,23949.1,27.28,68.58,2785.7,90.79,661.19,4.757,88.69,28.27,1.478,27.783,26.26,17.85,95.26,0.1096,0,NORMAL,0,Normal,NORMAL,0.1032,1358.07,No action
2026-09-04T14:23:00,SIM-MISSION-03,1380,Endurance,23880.2,27.64,66.81,2813.3,90.14,665.02,4.669,87.81,28.92,1.482,27.505,26.06,17.841,95.32,0.1072,0,NORMAL,0,Normal,NORMAL,0.1011,1358.0,No action
2026-09-04T14:23:01,SIM-MISSION-03,1381,Endurance,23987.8,29.25,68.23,2783.2,92.52,662.92,4.752,88.34,28.51,1.504,27.71,26.1,17.843,96.23,0.0707,0,NORMAL,0,Normal,NORMAL,0.0701,1357.93,No action
2026-09-04T14:23:02,SIM-MISSION-03,1382,Endurance,23919.1,27.02,65.65,2780.9,91.58,661.53,4.779,87.05,29.64,1.509,27.68,25.68,17.834,95.3,0.108,0,NORMAL,0,Normal,NORMAL,0.1018,1357.87,No action
2026-09-04T14:23:03,SIM-MISSION-03,1383,Endurance,24117.4,28.67,69.21,2786.8,91.33,667.06,4.811,88.56,28.63,1.536,27.659,26.35,17.855,95.81,0.0877,0,NORMAL,0,Normal,NORMAL,0.0845,1357.8,No action
2026-09-04T14:23:04,SIM-MISSION-03,1384,Endurance,23963.2,28.35,72.64,2767.5,89.93,657.77,4.799,87.96,28.59,1.462,27.491,26.13,17.869,95.26,0.1096,0,NORMAL,0,Normal,NORMAL,0.1032,1357.73,No action
2026-09-04T14:23:05,SIM-MISSION-03,1385,Endurance,23917.1,28.64,68.48,2798.2,90.55,659.8,4.742,88.72,28.77,1.587,27.668,25.6,17.758,95.4,0.1041,0,NORMAL,0,Normal,NORMAL,0.0985,1357.67,No action
2026-09-04T14:23:06,SIM-MISSION-03,1386,Endurance,24039.6,25.37,71.32,2815.2,91.23,657.91,4.885,87.63,28.85,1.635,27.637,25.55,17.81,95.88,0.0847,0,NORMAL,0,Normal,NORMAL,0.082,1357.6,No action
2026-09-04T14:23:07,SIM-MISSION-03,1387,Endurance,24131.8,27.81,68.56,2777.9,91.12,662.48,4.96,88.53,28.98,1.701,27.591,26.09,17.854,95.77,0.0892,0,NORMAL,0,Normal,NORMAL,0.0858,1357.53,No action
2026-09-04T14:23:08,SIM-MISSION-03,1388,Endurance,23902.6,27.62,67.32,2796.5,91.34,657.04,4.806,88.34,29.66,1.521,27.586,26.34,17.801,95.36,0.1055,0,NORMAL,0,Normal,NORMAL,0.0997,1357.47,No action
2026-09-04T14:23:09,SIM-MISSION-03,1389,Endurance,23874.8,27.24,69.58,2795.8,90.51,658.16,4.881,86.68,28.97,1.528,27.693,26.1,17.828,95.22,0.1114,0,NORMAL,0,Normal,NORMAL,0.1047,1357.4,No action
2026-09-04T14:23:10,SIM-MISSION-03,1390,Endurance,24006.1,30.7,68.64,2803.9,91.77,659.24,4.782,88.36,29.49,1.562,27.677,26.43,17.844,95.25,0.11,0,NORMAL,0,Normal,NORMAL,0.1035,1357.33,No action
2026-09-04T14:23:11,SIM-MISSION-03,1391,Endurance,24023.6,28.2,64.55,2797.0,90.57,659.82,4.79,87.79,29.65,1.66,27.527,26.01,17.8,95.62,0.0951,0,NORMAL,0,Normal,NORMAL,0.0908,1357.27,No action
2026-09-04T14:23:12,SIM-MISSION-03,1392,Endurance,24182.2,28.14,70.13,2792.8,91.45,650.74,4.762,89.19,28.64,1.524,27.765,25.87,17.756,95.13,0.1147,0,NORMAL,0,Normal,NORMAL,0.1075,1357.2,No action
2026-09-04T14:23:13,SIM-MISSION-03,1393,Endurance,23972.5,26.43,69.26,2807.8,89.46,658.61,4.892,88.57,28.87,1.526,27.759,26.1,17.799,95.27,0.1092,0,NORMAL,0,Normal,NORMAL,0.1028,1357.13,No action
2026-09-04T14:23:14,SIM-MISSION-03,1394,Endurance,24303.6,29.55,67.78,2829.9,91.08,653.98,4.935,88.7,28.6,1.606,27.556,25.92,17.777,95.62,0.0952,0,NORMAL,0,Normal,NORMAL,0.091,1357.07,No action
2026-09-04T14:23:15,SIM-MISSION-03,1395,Endurance,23636.4,28.12,68.29,2776.4,91.89,659.1,4.769,87.72,29.29,1.464,27.684,26.02,17.881,95.09,0.1166,0,NORMAL,0,Normal,NORMAL,0.1091,1357.0,No action
2026-09-04T14:23:16,SIM-MISSION-03,1396,Endurance,24029.4,27.79,69.65,2815.1,90.34,663.07,4.915,87.17,28.58,1.606,27.575,26.57,17.814,96.04,0.0783,0,NORMAL,0,Normal,NORMAL,0.0766,1356.93,No action
2026-09-04T14:23:17,SIM-MISSION-03,1397,Endurance,23890.4,26.88,67.49,2827.7,91.84,658.19,4.741,87.1,29.45,1.485,27.679,25.9,17.817,95.43,0.1028,0,NORMAL,0,Normal,NORMAL,0.0974,1356.87,No action
2026-09-04T14:23:18,SIM-MISSION-03,1398,Endurance,24034.3,28.34,64.8,2842.4,91.42,654.29,4.766,87.94,28.81,1.593,27.678,26.21,17.729,95.49,0.1003,0,NORMAL,0,Normal,NORMAL,0.0952,1356.8,No action
2026-09-04T14:23:19,SIM-MISSION-03,1399,Endurance,23980.2,28.11,67.18,2812.5,90.28,658.12,4.765,88.63,29.0,1.57,27.571,26.25,17.859,95.76,0.0895,0,NORMAL,0,Normal,NORMAL,0.0861,1356.73,No action
2026-09-04T14:23:20,SIM-MISSION-03,1400,Endurance,23994.1,27.71,66.03,2835.4,90.84,659.62,4.925,89.01,30.04,1.498,27.619,25.91,17.797,96.05,0.0781,0,NORMAL,0,Normal,NORMAL,0.0764,1356.67,No action
2026-09-04T14:23:21,SIM-MISSION-03,1401,Endurance,23907.5,28.59,66.67,2812.6,91.0,655.01,4.752,88.21,29.05,1.505,27.872,26.55,17.816,96.18,0.0728,0,NORMAL,0,Normal,NORMAL,0.0719,1356.6,No action
2026-09-04T14:23:22,SIM-MISSION-03,1402,Endurance,24110.7,28.56,66.83,2806.1,91.78,660.56,4.791,87.75,29.0,1.411,27.524,26.18,17.772,95.85,0.0859,0,NORMAL,0,Normal,NORMAL,0.083,1356.53,No action
2026-09-04T14:23:23,SIM-MISSION-03,1403,Endurance,23851.5,27.98,66.99,2812.6,92.31,660.34,4.849,88.07,29.07,1.522,27.544,25.82,17.781,95.35,0.1058,0,NORMAL,0,Normal,NORMAL,0.1,1356.47,No action
2026-09-04T14:23:24,SIM-MISSION-03,1404,Endurance,24114.1,27.36,69.45,2802.3,92.92,658.93,4.793,88.79,28.91,1.496,27.62,26.28,17.839,95.53,0.0988,0,NORMAL,0,Normal,NORMAL,0.0939,1356.4,No action
2026-09-04T14:23:25,SIM-MISSION-03,1405,Endurance,23853.2,27.18,68.68,2845.4,91.57,668.46,4.755,89.23,29.27,1.54,27.604,26.46,17.764,94.73,0.1309,0,NORMAL,0,Normal,NORMAL,0.1212,1356.33,No action
2026-09-04T14:23:26,SIM-MISSION-03,1406,Endurance,23785.6,27.27,67.97,2810.9,91.35,652.69,4.918,88.37,29.51,1.545,27.593,25.65,17.816,95.37,0.1053,0,NORMAL,0,Normal,NORMAL,0.0995,1356.27,No action
2026-09-04T14:23:27,SIM-MISSION-03,1407,Endurance,23951.9,27.53,67.8,2838.7,90.95,659.01,4.807,86.99,29.14,1.497,27.712,26.02,17.852,95.38,0.1047,0,NORMAL,0,Normal,NORMAL,0.099,1356.2,No action
2026-09-04T14:23:28,SIM-MISSION-03,1408,Endurance,24088.7,27.44,71.8,2816.1,90.94,664.03,4.822,87.53,28.91,1.538,27.491,25.91,17.766,95.67,0.0931,0,NORMAL,0,Normal,NORMAL,0.0891,1356.13,No action
2026-09-04T14:23:29,SIM-MISSION-03,1409,Endurance,23745.6,29.19,65.96,2829.4,90.93,659.3,4.711,87.08,29.26,1.47,27.681,25.77,17.798,95.62,0.0952,0,NORMAL,0,Normal,NORMAL,0.0909,1356.07,No action
2026-09-04T14:23:30,SIM-MISSION-03,1410,Endurance,23996.6,26.99,68.71,2876.4,91.34,655.66,4.826,87.42,28.57,1.583,27.625,25.58,17.842,95.84,0.0865,0,NORMAL,0,Normal,NORMAL,0.0835,1356.0,No action
2026-09-04T14:23:31,SIM-MISSION-03,1411,Endurance,23917.4,27.27,68.62,2850.2,91.81,665.39,4.814,87.43,28.87,1.67,27.568,26.12,17.818,95.75,0.09,0,NORMAL,0,Normal,NORMAL,0.0865,1355.93,No action
2026-09-04T14:23:32,SIM-MISSION-03,1412,Endurance,24194.8,27.66,68.36,2844.5,90.7,662.13,4.786,86.81,28.76,1.544,27.635,25.78,17.751,95.57,0.0973,0,NORMAL,0,Normal,NORMAL,0.0927,1355.87,No action
2026-09-04T14:23:33,SIM-MISSION-03,1413,Endurance,23851.3,29.05,67.67,2860.6,90.58,655.45,4.814,87.88,29.27,1.588,27.441,26.03,17.775,95.61,0.0956,0,NORMAL,0,Normal,NORMAL,0.0912,1355.8,No action
2026-09-04T14:23:34,SIM-MISSION-03,1414,Endurance,24013.2,27.38,64.52,2797.9,90.88,656.0,4.712,86.9,28.73,1.435,27.567,25.91,17.773,95.49,0.1005,0,NORMAL,0,Normal,NORMAL,0.0954,1355.73,No action
2026-09-04T14:23:35,SIM-MISSION-03,1415,Endurance,23866.4,26.85,65.55,2858.0,91.1,655.6,4.859,88.07,29.21,1.532,27.676,26.05,17.777,95.71,0.0915,0,NORMAL,0,Normal,NORMAL,0.0878,1355.67,No action
2026-09-04T14:23:36,SIM-MISSION-03,1416,Endurance,23994.5,28.55,68.28,2865.8,91.92,662.33,4.854,87.35,29.3,1.463,27.498,25.83,17.767,95.38,0.1048,0,NORMAL,0,Normal,NORMAL,0.0991,1355.6,No action
2026-09-04T14:23:37,SIM-MISSION-03,1417,Endurance,24098.3,28.78,67.56,2841.5,90.15,661.14,4.873,88.36,28.81,1.603,27.584,25.94,17.79,95.02,0.1191,0,NORMAL,0,Normal,NORMAL,0.1112,1355.53,No action
2026-09-04T14:23:38,SIM-MISSION-03,1418,Endurance,24104.0,27.67,68.39,2836.1,92.35,656.12,4.845,85.62,29.04,1.611,27.596,25.75,17.73,95.17,0.113,0,NORMAL,0,Normal,NORMAL,0.1061,1355.47,No action
2026-09-04T14:23:39,SIM-MISSION-03,1419,Endurance,23938.6,27.46,67.64,2888.8,91.67,664.66,4.827,88.79,29.02,1.571,27.532,25.41,17.795,95.86,0.0855,0,NORMAL,0,Normal,NORMAL,0.0827,1355.4,No action
2026-09-04T14:23:40,SIM-MISSION-03,1420,Endurance,24050.0,28.54,67.44,2872.8,90.59,659.82,4.946,87.02,28.89,1.693,27.527,26.14,17.758,95.48,0.101,0,NORMAL,0,Normal,NORMAL,0.0958,1355.33,No action
2026-09-04T14:23:41,SIM-MISSION-03,1421,Endurance,23944.2,25.93,67.03,2851.1,90.68,659.53,4.827,87.29,28.88,1.482,27.645,26.35,17.667,95.4,0.1038,0,NORMAL,0,Normal,NORMAL,0.0982,1355.27,No action
2026-09-04T14:23:42,SIM-MISSION-03,1422,Endurance,24065.7,26.58,67.33,2884.2,91.71,660.2,4.747,87.84,28.8,1.517,27.635,26.28,17.824,95.76,0.0895,0,NORMAL,0,Normal,NORMAL,0.0861,1355.2,No action
2026-09-04T14:23:43,SIM-MISSION-03,1423,Endurance,23942.7,29.2,69.49,2849.7,91.19,656.62,4.798,87.73,29.1,1.61,27.586,25.92,17.834,95.33,0.1069,0,NORMAL,0,Normal,NORMAL,0.1008,1355.13,No action
2026-09-04T14:23:44,SIM-MISSION-03,1424,Endurance,23959.2,29.44,66.23,2855.3,90.6,658.87,4.849,87.32,28.74,1.609,27.777,25.89,17.759,95.13,0.1149,0,NORMAL,0,Normal,NORMAL,0.1076,1355.07,No action
2026-09-04T14:23:45,SIM-MISSION-03,1425,Endurance,23986.4,28.07,68.07,2858.4,90.59,660.07,4.765,87.76,29.24,1.504,27.497,25.8,17.834,95.21,0.1116,0,NORMAL,0,Normal,NORMAL,0.1049,1355.0,No action
2026-09-04T14:23:46,SIM-MISSION-03,1426,Endurance,24160.0,29.04,70.05,2876.6,91.03,658.87,4.673,88.76,29.54,1.564,27.653,25.84,17.798,95.87,0.0852,0,NORMAL,0,Normal,NORMAL,0.0824,1354.93,No action
2026-09-04T14:23:47,SIM-MISSION-03,1427,Endurance,23964.0,28.12,68.18,2844.4,91.14,664.43,4.788,88.37,28.51,1.608,27.635,26.36,17.749,95.31,0.1074,0,NORMAL,0,Normal,NORMAL,0.1013,1354.87,No action
2026-09-04T14:23:48,SIM-MISSION-03,1428,Endurance,24042.1,28.5,67.83,2907.2,91.02,655.54,4.804,87.7,28.8,1.626,27.593,25.73,17.739,95.12,0.1151,0,NORMAL,0,Normal,NORMAL,0.1078,1354.8,No action
2026-09-04T14:23:49,SIM-MISSION-03,1429,Endurance,24016.3,27.87,66.82,2858.0,91.57,657.7,4.859,88.78,28.96,1.434,27.667,26.04,17.791,95.79,0.0884,0,NORMAL,0,Normal,NORMAL,0.0852,1354.73,No action
2026-09-04T14:23:50,SIM-MISSION-03,1430,Endurance,24026.7,27.53,66.22,2903.2,89.35,659.6,4.884,88.4,28.56,1.594,27.547,25.78,17.763,95.6,0.0959,0,NORMAL,0,Normal,NORMAL,0.0916,1354.67,No action
2026-09-04T14:23:51,SIM-MISSION-03,1431,Endurance,23766.7,28.55,67.85,2870.5,91.0,655.68,4.78,87.65,29.28,1.541,27.808,25.98,17.854,95.55,0.098,0,NORMAL,0,Normal,NORMAL,0.0933,1354.6,No action
2026-09-04T14:23:52,SIM-MISSION-03,1432,Endurance,23919.2,28.78,68.57,2873.2,90.77,660.28,4.846,86.66,29.02,1.555,27.529,25.88,17.791,95.85,0.0859,0,NORMAL,0,Normal,NORMAL,0.083,1354.53,No action
2026-09-04T14:23:53,SIM-MISSION-03,1433,Endurance,24079.1,28.4,67.76,2887.4,90.0,665.22,4.819,88.02,28.79,1.645,27.516,25.89,17.842,95.66,0.0937,0,NORMAL,0,Normal,NORMAL,0.0896,1354.47,No action
2026-09-04T14:23:54,SIM-MISSION-03,1434,Endurance,23935.8,27.85,67.49,2891.5,90.29,660.19,4.768,88.48,28.86,1.653,27.772,26.59,17.805,95.83,0.0868,0,NORMAL,0,Normal,NORMAL,0.0838,1354.4,No action
2026-09-04T14:23:55,SIM-MISSION-03,1435,Endurance,24185.0,28.04,68.64,2848.9,90.42,655.69,4.735,87.71,29.72,1.497,27.789,25.8,17.762,95.4,0.1038,0,NORMAL,0,Normal,NORMAL,0.0983,1354.33,No action
2026-09-04T14:23:56,SIM-MISSION-03,1436,Endurance,23865.2,27.29,68.18,2906.9,90.75,655.46,4.812,89.22,29.25,1.55,27.578,25.82,17.9,95.56,0.0975,0,NORMAL,0,Normal,NORMAL,0.0928,1354.27,No action
2026-09-04T14:23:57,SIM-MISSION-03,1437,Endurance,24062.5,28.12,67.64,2892.8,91.51,661.81,4.64,87.54,29.37,1.636,27.734,26.34,17.828,95.37,0.1054,0,NORMAL,0,Normal,NORMAL,0.0996,1354.2,No action
2026-09-04T14:23:58,SIM-MISSION-03,1438,Endurance,23942.1,26.35,68.57,2905.1,91.09,661.16,4.822,88.23,28.88,1.523,27.652,25.71,17.786,94.87,0.1254,0,NORMAL,0,Normal,NORMAL,0.1166,1354.13,No action
2026-09-04T14:23:59,SIM-MISSION-03,1439,Endurance,24105.1,28.07,67.89,2888.7,92.01,657.76,4.871,86.61,28.5,1.513,27.619,26.4,17.728,95.2,0.1118,0,NORMAL,0,Normal,NORMAL,0.1051,1354.07,No action
2026-09-04T14:24:00,SIM-MISSION-03,1440,Endurance,23948.9,28.54,67.85,2814.5,93.47,681.36,4.63,89.69,32.52,2.321,27.544,26.18,17.856,85.57,0.4973,0,PRE_FAILURE,0,Injector Failure,CRITICAL_WARNING,0.5327,1354.0,Immediate inspection recommended
2026-09-04T14:24:01,SIM-MISSION-03,1441,Endurance,23956.1,26.41,67.46,2783.1,93.36,686.83,4.582,89.16,32.3,2.336,27.655,25.83,17.745,86.19,0.4725,0,PRE_FAILURE,0,Injector Failure,CRITICAL_WARNING,0.5117,1333.93,Immediate inspection recommended
2026-09-04T14:24:02,SIM-MISSION-03,1442,Endurance,23873.7,27.47,66.89,2773.6,94.93,687.63,4.571,90.66,31.92,2.413,27.656,26.23,17.784,84.62,0.5352,0,PRE_FAILURE,0,Injector Failure,CRITICAL_WARNING,0.5649,1313.87,Immediate inspection recommended
2026-09-04T14:24:03,SIM-MISSION-03,1443,Endurance,23960.3,28.06,68.74,2760.3,93.07,684.82,4.564,90.68,32.77,2.607,27.519,25.14,17.776,84.63,0.5347,0,PRE_FAILURE,0,Injector Failure,CRITICAL_WARNING,0.5645,1293.8,Immediate inspection recommended
2026-09-04T14:24:04,SIM-MISSION-03,1444,Endurance,24027.4,29.08,69.15,2779.6,96.16,682.55,4.431,90.62,33.72,2.651,27.565,25.93,17.875,83.4,0.5839,1,PRE_FAILURE,0,Injector Failure,CRITICAL_WARNING,0.6063,1273.73,Immediate inspection recommended
2026-09-04T14:24:05,SIM-MISSION-03,1445,Endurance,23842.9,29.87,69.32,2778.9,95.52,686.76,4.445,90.87,33.09,2.659,27.514,26.13,17.878,83.29,0.5885,1,PRE_FAILURE,0,Injector Failure,CRITICAL_WARNING,0.6102,1253.67,Immediate inspection recommended
2026-09-04T14:24:06,SIM-MISSION-03,1446,Endurance,24359.7,28.54,68.12,2768.5,96.45,691.41,4.475,91.69,33.84,2.854,27.433,26.29,17.836,82.11,0.6357,1,PRE_FAILURE,0,Injector Failure,CRITICAL_WARNING,0.6504,1233.6,Immediate inspection recommended
2026-09-04T14:24:07,SIM-MISSION-03,1447,Endurance,24062.7,28.35,68.42,2752.7,95.29,692.55,4.378,91.76,34.24,2.901,27.644,26.11,17.809,82.2,0.632,1,PRE_FAILURE,0,Injector Failure,CRITICAL_WARNING,0.6472,1213.53,Immediate inspection recommended
2026-09-04T14:24:08,SIM-MISSION-03,1448,Endurance,23964.5,29.35,68.45,2738.0,95.75,701.44,4.382,92.36,35.01,2.904,27.63,25.92,17.801,81.15,0.6741,1,PRE_FAILURE,0,Injector Failure,CRITICAL_WARNING,0.683,1193.47,Immediate inspection recommended
2026-09-04T14:24:09,SIM-MISSION-03,1449,Endurance,23955.5,30.73,69.72,2717.9,96.58,697.96,4.378,90.13,34.86,2.937,27.624,26.04,17.769,81.11,0.6754,1,PRE_FAILURE,0,Injector Failure,CRITICAL_WARNING,0.6841,1173.4,Immediate inspection recommended
2026-09-04T14:24:10,SIM-MISSION-03,1450,Endurance,24170.3,27.4,68.53,2726.5,97.62,696.95,4.255,92.42,35.47,2.969,27.614,26.0,17.838,80.98,0.6807,1,PRE_FAILURE,0,Injector Failure,CRITICAL_WARNING,0.6886,1153.33,Immediate inspection recommended
2026-09-04T14:24:11,SIM-MISSION-03,1451,Endurance,24138.3,26.3,69.54,2708.8,96.76,700.62,4.303,91.56,35.29,3.132,27.621,25.83,17.801,80.12,0.715,1,PRE_FAILURE,0,Injector Failure,CRITICAL_WARNING,0.7178,1133.27,Immediate inspection recommended
2026-09-04T14:24:12,SIM-MISSION-03,1452,Endurance,24003.2,28.92,70.69,2694.8,97.04,702.28,4.299,91.54,36.1,3.3,27.517,26.14,17.747,79.59,0.7364,1,PRE_FAILURE,0,Injector Failure,CRITICAL_WARNING,0.7359,1113.2,Immediate inspection recommended
2026-09-04T14:24:13,SIM-MISSION-03,1453,Endurance,23790.2,28.55,67.71,2681.2,96.31,701.7,4.354,92.63,35.84,3.302,27.7,26.57,17.748,79.27,0.7491,1,PRE_FAILURE,0,Injector Failure,CRITICAL_WARNING,0.7467,1093.13,Immediate inspection recommended
2026-09-04T14:24:14,SIM-MISSION-03,1454,Endurance,24047.3,28.39,69.08,2705.3,98.06,702.57,4.241,92.66,36.37,3.404,27.586,26.31,17.868,78.68,0.7729,1,PRE_FAILURE,0,Injector Failure,CRITICAL_WARNING,0.7669,1073.07,Immediate inspection recommended
2026-09-04T14:24:15,SIM-MISSION-03,1455,Endurance,23996.0,26.84,66.6,2665.1,99.13,704.77,4.233,91.81,36.66,3.579,27.561,25.6,17.695,38.09,0.7964,1,FAILURE,1,Injector Failure,ENGINE_FAILURE,0.7869,20.0,Emergency shutdown / maintenance inspection
2026-09-04T14:24:16,SIM-MISSION-03,1456,Endurance,24062.3,26.69,67.15,2668.6,97.78,710.29,4.198,92.14,36.88,3.571,27.611,25.81,17.83,38.06,0.7976,1,FAILURE,1,Injector Failure,ENGINE_FAILURE,0.788,18.5,Emergency shutdown / maintenance inspection
2026-09-04T14:24:17,SIM-MISSION-03,1457,Endurance,23979.8,26.99,68.76,2690.5,98.44,710.36,4.275,92.08,37.86,3.679,27.621,26.36,17.881,36.87,0.8454,1,FAILURE,1,Injector Failure,ENGINE_FAILURE,0.8286,17.0,Emergency shutdown / maintenance inspection
2026-09-04T14:24:18,SIM-MISSION-03,1458,Endurance,24020.5,28.07,66.41,2630.1,99.74,713.03,4.101,92.82,37.94,3.726,27.627,26.21,17.861,36.76,0.8497,1,FAILURE,1,Injector Failure,ENGINE_FAILURE,0.8323,15.5,Emergency shutdown / maintenance inspection
2026-09-04T14:24:19,SIM-MISSION-03,1459,Endurance,24057.0,26.41,69.4,2656.9,97.96,710.75,4.189,94.39,38.1,3.736,27.477,26.2,17.887,36.52,0.8593,1,FAILURE,1,Injector Failure,ENGINE_FAILURE,0.8404,14.0,Emergency shutdown / maintenance inspection
2026-09-04T14:24:20,SIM-MISSION-03,1460,Endurance,24146.9,27.72,68.22,2620.1,99.34,713.79,4.015,94.13,38.63,3.794,27.786,26.51,17.807,36.54,0.8584,1,FAILURE,1,Injector Failure,ENGINE_FAILURE,0.8396,12.5,Emergency shutdown / maintenance inspection
2026-09-04T14:24:21,SIM-MISSION-03,1461,Endurance,24230.2,26.88,68.33,2647.6,100.15,718.19,4.059,92.48,38.79,3.981,27.55,25.29,17.738,34.85,0.9261,1,FAILURE,1,Injector Failure,ENGINE_FAILURE,0.8972,11.0,Emergency shutdown / maintenance inspection
2026-09-04T14:24:22,SIM-MISSION-03,1462,Endurance,23747.8,27.96,65.8,2603.6,100.3,719.18,3.984,94.2,39.31,4.018,27.548,26.46,17.784,34.55,0.9381,1,FAILURE,1,Injector Failure,ENGINE_FAILURE,0.9074,9.5,Emergency shutdown / maintenance inspection
2026-09-04T14:24:23,SIM-MISSION-03,1463,Endurance,23946.3,29.02,67.52,2603.1,100.19,720.97,4.116,93.31,39.14,4.14,27.597,25.99,17.81,34.46,0.9416,1,FAILURE,1,Injector Failure,ENGINE_FAILURE,0.9103,8.0,Emergency shutdown / maintenance inspection
2026-09-04T14:24:24,SIM-MISSION-03,1464,Endurance,24171.9,27.37,64.59,2605.5,101.31,720.39,4.098,94.76,39.46,4.151,27.572,26.51,17.874,33.29,0.9884,1,FAILURE,1,Injector Failure,ENGINE_FAILURE,0.9502,6.5,Emergency shutdown / maintenance inspection
2026-09-04T14:24:25,SIM-MISSION-03,1465,Endurance,24049.3,27.37,69.65,2953.8,90.8,661.71,4.846,87.64,28.33,1.633,27.627,25.46,17.857,96.0,0.0799,0,NORMAL,0,Normal,NORMAL,0.0779,1352.33,No action
2026-09-04T14:24:26,SIM-MISSION-03,1466,Endurance,24149.5,26.66,68.47,2941.8,91.97,661.52,4.82,87.77,29.25,1.607,27.697,26.44,17.773,96.14,0.0744,0,NORMAL,0,Normal,NORMAL,0.0733,1352.27,No action
2026-09-04T14:24:27,SIM-MISSION-03,1467,Endurance,23826.3,29.31,66.63,2951.7,89.7,661.05,4.686,88.21,29.16,1.491,27.698,26.22,17.741,94.97,0.121,0,NORMAL,0,Normal,NORMAL,0.1129,1352.2,No action
2026-09-04T14:24:28,SIM-MISSION-03,1468,Endurance,23909.7,28.54,66.68,2952.6,89.96,655.46,4.824,88.11,28.92,1.636,27.671,25.69,17.748,95.79,0.0882,0,NORMAL,0,Normal,NORMAL,0.085,1352.13,No action
2026-09-04T14:24:29,SIM-MISSION-03,1469,Endurance,24153.8,29.35,68.77,2898.8,92.02,662.51,4.762,88.55,29.16,1.509,27.716,25.94,17.792,95.79,0.0883,0,NORMAL,0,Normal,NORMAL,0.085,1352.07,No action
2026-09-04T14:24:30,SIM-MISSION-03,1470,Endurance,23919.5,29.48,67.51,2925.3,91.69,665.54,4.803,88.95,29.53,1.575,27.699,26.4,17.795,94.76,0.1295,0,NORMAL,0,Normal,NORMAL,0.12,1352.0,No action
2026-09-04T14:24:31,SIM-MISSION-03,1471,Endurance,24195.3,29.12,66.52,2942.8,91.55,660.42,4.768,88.42,29.22,1.502,27.636,25.87,17.814,95.82,0.0873,0,NORMAL,0,Normal,NORMAL,0.0842,1351.93,No action
2026-09-04T14:24:32,SIM-MISSION-03,1472,Endurance,24073.6,27.44,68.75,2943.6,91.31,660.68,4.806,89.09,29.13,1.51,27.484,25.56,17.882,95.14,0.1145,0,NORMAL,0,Normal,NORMAL,0.1073,1351.87,No action
2026-09-04T14:24:33,SIM-MISSION-03,1473,Endurance,24050.3,27.78,66.74,2937.2,90.87,651.64,4.697,87.63,28.66,1.52,27.636,26.57,17.865,95.87,0.0852,0,NORMAL,0,Normal,NORMAL,0.0824,1351.8,No action
2026-09-04T14:24:34,SIM-MISSION-03,1474,Endurance,24108.7,26.84,69.14,2951.3,91.09,662.17,4.683,88.11,28.41,1.622,27.565,25.79,17.833,95.49,0.1002,0,NORMAL,0,Normal,NORMAL,0.0952,1351.73,No action
2026-09-04T14:24:35,SIM-MISSION-03,1475,Endurance,23876.7,27.88,68.54,2956.1,91.44,659.02,4.85,88.56,29.59,1.523,27.524,25.82,17.822,95.43,0.1028,0,NORMAL,0,Normal,NORMAL,0.0973,1351.67,No action
2026-09-04T14:24:36,SIM-MISSION-03,1476,Endurance,23975.9,28.66,66.64,2970.9,91.64,656.67,4.826,87.64,29.05,1.499,27.559,25.82,17.785,95.17,0.1132,0,NORMAL,0,Normal,NORMAL,0.1062,1351.6,No action
2026-09-04T14:24:37,SIM-MISSION-03,1477,Endurance,24225.7,29.08,68.43,2949.6,90.9,654.47,4.726,87.79,28.57,1.599,27.561,25.7,17.786,95.6,0.0959,0,NORMAL,0,Normal,NORMAL,0.0915,1351.53,No action
2026-09-04T14:24:38,SIM-MISSION-03,1478,Endurance,24054.4,28.88,68.74,2947.9,90.45,654.33,4.827,88.7,28.95,1.489,27.59,25.78,17.794,95.6,0.0959,0,NORMAL,0,Normal,NORMAL,0.0915,1351.47,No action
2026-09-04T14:24:39,SIM-MISSION-03,1479,Endurance,23868.1,30.11,68.81,2928.2,90.21,660.21,4.633,88.65,28.86,1.557,27.654,25.45,17.854,96.41,0.0638,0,NORMAL,0,Normal,NORMAL,0.0642,1351.4,No action
2026-09-04T14:24:40,SIM-MISSION-03,1480,Endurance,24103.4,27.68,66.96,2962.4,91.88,659.76,4.864,86.82,28.7,1.688,27.677,25.93,17.83,96.01,0.0798,0,NORMAL,0,Normal,NORMAL,0.0778,1351.33,No action
2026-09-04T14:24:41,SIM-MISSION-03,1481,Endurance,24030.5,26.92,66.95,2953.4,91.44,661.64,4.871,87.65,28.84,1.611,27.691,25.66,17.724,95.44,0.1022,0,NORMAL,0,Normal,NORMAL,0.0969,1351.27,No action
2026-09-04T14:24:42,SIM-MISSION-03,1482,Endurance,24053.2,28.59,68.98,2955.3,92.27,651.07,4.817,88.1,28.86,1.593,27.665,25.63,17.806,95.56,0.0978,0,NORMAL,0,Normal,NORMAL,0.0931,1351.2,No action
2026-09-04T14:24:43,SIM-MISSION-03,1483,Endurance,23889.6,27.59,67.09,2974.6,91.52,662.83,4.881,88.13,29.6,1.452,27.625,26.09,17.815,95.35,0.1061,0,NORMAL,0,Normal,NORMAL,0.1002,1351.13,No action
2026-09-04T14:24:44,SIM-MISSION-03,1484,Endurance,24262.8,29.26,69.75,2932.1,91.64,660.43,4.74,86.89,28.93,1.556,27.754,26.3,17.724,95.26,0.1095,0,NORMAL,0,Normal,NORMAL,0.1031,1351.07,No action
2026-09-04T14:24:45,SIM-MISSION-03,1485,Endurance,24006.1,25.97,68.85,2977.5,90.63,656.48,4.83,88.43,29.38,1.392,27.562,25.58,17.85,95.14,0.1145,0,NORMAL,0,Normal,NORMAL,0.1073,1351.0,No action
2026-09-04T14:24:46,SIM-MISSION-03,1486,Endurance,24041.0,27.61,65.98,2952.9,91.34,658.05,4.824,87.91,29.21,1.484,27.487,26.27,17.939,95.85,0.0862,0,NORMAL,0,Normal,NORMAL,0.0832,1350.93,No action
2026-09-04T14:24:47,SIM-MISSION-03,1487,Endurance,24210.0,28.04,66.91,2971.3,90.94,663.09,4.748,87.59,29.08,1.511,27.444,26.26,17.897,96.06,0.0774,0,NORMAL,0,Normal,NORMAL,0.0758,1350.87,No action
2026-09-04T14:24:48,SIM-MISSION-03,1488,Endurance,24083.6,26.05,67.34,2971.8,91.12,665.34,4.757,89.44,28.68,1.62,27.673,25.64,17.836,95.3,0.1078,0,NORMAL,0,Normal,NORMAL,0.1016,1350.8,No action
2026-09-04T14:24:49,SIM-MISSION-03,1489,Endurance,23894.1,27.6,68.42,2967.2,90.04,663.4,4.877,87.45,28.39,1.591,27.683,25.81,17.785,95.02,0.1192,0,NORMAL,0,Normal,NORMAL,0.1113,1350.73,No action
2026-09-04T14:24:50,SIM-MISSION-03,1490,Endurance,24081.3,27.7,63.26,2941.1,90.02,657.66,4.809,88.22,29.56,1.613,27.548,25.94,17.783,95.21,0.1117,0,NORMAL,0,Normal,NORMAL,0.1049,1350.67,No action
2026-09-04T14:24:51,SIM-MISSION-03,1491,Endurance,24031.5,28.54,68.0,2982.9,90.59,656.47,4.743,88.33,29.45,1.643,27.484,26.17,17.696,96.24,0.0702,0,NORMAL,0,Normal,NORMAL,0.0697,1350.6,No action
2026-09-04T14:24:52,SIM-MISSION-03,1492,Endurance,24049.8,28.95,68.03,2981.6,90.69,663.25,4.791,88.03,28.49,1.408,27.754,25.71,17.786,95.66,0.0936,0,NORMAL,0,Normal,NORMAL,0.0896,1350.53,No action
2026-09-04T14:24:53,SIM-MISSION-03,1493,Endurance,23859.6,28.86,68.92,2960.9,92.03,673.78,4.816,88.66,29.24,1.53,27.679,25.86,17.739,94.93,0.1229,0,NORMAL,0,Normal,NORMAL,0.1145,1350.47,No action
2026-09-04T14:24:54,SIM-MISSION-03,1494,Endurance,23722.1,28.32,69.77,2962.5,90.49,656.82,4.634,87.74,29.3,1.648,27.789,26.14,17.78,95.07,0.1172,0,NORMAL,0,Normal,NORMAL,0.1097,1350.4,No action
2026-09-04T14:24:55,SIM-MISSION-03,1495,Endurance,24107.9,28.32,67.09,2937.5,92.69,661.79,4.857,87.63,28.97,1.394,27.579,26.62,17.828,95.84,0.0865,0,NORMAL,0,Normal,NORMAL,0.0835,1350.33,No action
2026-09-04T14:24:56,SIM-MISSION-03,1496,Endurance,23903.7,27.35,69.02,2943.4,90.59,663.72,4.694,87.57,28.84,1.505,27.682,26.29,17.767,95.65,0.0942,0,NORMAL,0,Normal,NORMAL,0.09,1350.27,No action
2026-09-04T14:24:57,SIM-MISSION-03,1497,Endurance,23949.5,27.74,67.23,2934.7,91.28,659.38,4.734,86.7,29.1,1.626,27.535,26.16,17.861,95.09,0.1164,0,NORMAL,0,Normal,NORMAL,0.1089,1350.2,No action
2026-09-04T14:24:58,SIM-MISSION-03,1498,Endurance,23920.7,29.22,66.54,2924.0,90.43,658.29,4.927,87.44,29.05,1.541,27.569,25.83,17.781,96.01,0.0796,0,NORMAL,0,Normal,NORMAL,0.0776,1350.13,No action
2026-09-04T14:24:59,SIM-MISSION-03,1499,Endurance,23933.5,27.02,66.15,2944.1,90.44,665.07,4.801,87.97,28.77,1.621,27.561,25.65,17.684,95.49,0.1005,0,NORMAL,0,Normal,NORMAL,0.0954,1350.07,No action
2026-09-04T14:25:00,SIM-MISSION-03,1500,Endurance,24047.1,28.55,68.12,2944.7,90.78,655.09,4.78,87.92,28.62,1.567,27.776,25.89,17.853,95.74,0.0906,0,NORMAL,0,Normal,NORMAL,0.087,1350.0,No action
2026-09-04T14:25:01,SIM-MISSION-03,1501,Endurance,23766.6,28.87,65.33,2966.4,92.0,665.31,4.774,87.54,29.34,1.41,27.652,26.18,17.817,95.87,0.085,0,NORMAL,0,Normal,NORMAL,0.0823,1349.93,No action
2026-09-04T14:25:02,SIM-MISSION-03,1502,Endurance,23859.3,28.31,67.08,2925.0,90.68,661.81,4.855,87.34,28.82,1.538,27.656,26.16,17.879,95.92,0.0833,0,NORMAL,0,Normal,NORMAL,0.0808,1349.87,No action
2026-09-04T14:25:03,SIM-MISSION-03,1503,Endurance,23835.8,28.57,67.7,2943.6,91.64,656.14,4.693,87.32,28.76,1.623,27.567,26.14,17.81,95.55,0.098,0,NORMAL,0,Normal,NORMAL,0.0933,1349.8,No action
2026-09-04T14:25:04,SIM-MISSION-03,1504,Endurance,23989.6,28.04,63.54,2968.8,91.18,655.44,4.767,87.19,29.07,1.484,27.615,26.32,17.768,95.1,0.1158,0,NORMAL,0,Normal,NORMAL,0.1084,1349.73,No action
2026-09-04T14:25:05,SIM-MISSION-03,1505,Endurance,23892.7,28.54,69.71,2994.9,90.16,660.15,4.737,88.24,29.53,1.504,27.626,25.84,17.758,95.73,0.0909,0,NORMAL,0,Normal,NORMAL,0.0873,1349.67,No action
2026-09-04T14:25:06,SIM-MISSION-03,1506,Endurance,24038.3,28.25,70.4,2953.0,91.48,654.88,4.712,88.38,29.59,1.46,27.614,25.95,17.813,95.66,0.0936,0,NORMAL,0,Normal,NORMAL,0.0895,1349.6,No action
2026-09-04T14:25:07,SIM-MISSION-03,1507,Endurance,24090.3,28.57,69.34,2928.8,91.59,663.07,4.803,88.69,28.73,1.534,27.539,26.13,17.802,95.1,0.1162,0,NORMAL,0,Normal,NORMAL,0.1088,1349.53,No action
2026-09-04T14:25:08,SIM-MISSION-03,1508,Endurance,23915.2,27.92,68.29,2947.8,92.32,653.4,4.844,88.05,28.55,1.514,27.524,26.07,17.824,95.91,0.0836,0,NORMAL,0,Normal,NORMAL,0.0811,1349.47,No action
2026-09-04T14:25:09,SIM-MISSION-03,1509,Endurance,23936.5,26.32,65.94,2921.0,90.2,653.28,4.786,88.58,28.86,1.563,27.491,25.79,17.878,94.63,0.1346,0,NORMAL,0,Normal,NORMAL,0.1244,1349.4,No action
2026-09-04T14:25:10,SIM-MISSION-03,1510,Endurance,24091.2,26.71,68.16,2932.0,91.03,662.27,4.857,87.74,29.18,1.596,27.673,26.51,17.842,95.4,0.1042,0,NORMAL,0,Normal,NORMAL,0.0985,1349.33,No action
2026-09-04T14:25:11,SIM-MISSION-03,1511,Endurance,24086.6,29.47,68.11,2949.8,90.91,657.65,4.865,88.74,28.59,1.521,27.55,25.43,17.839,96.13,0.0747,0,NORMAL,0,Normal,NORMAL,0.0735,1349.27,No action
2026-09-04T14:25:12,SIM-MISSION-03,1512,Endurance,23862.9,28.35,67.08,2920.8,90.72,660.46,4.889,87.37,29.22,1.639,27.605,25.98,17.766,95.58,0.097,0,NORMAL,0,Normal,NORMAL,0.0924,1349.2,No action
2026-09-04T14:25:13,SIM-MISSION-03,1513,Endurance,23902.8,26.91,66.63,2978.2,91.66,657.01,4.792,87.72,28.45,1.723,27.406,25.86,17.787,95.1,0.116,0,NORMAL,0,Normal,NORMAL,0.1086,1349.13,No action
2026-09-04T14:25:14,SIM-MISSION-03,1514,Endurance,23769.5,28.22,68.93,2935.0,90.98,651.63,4.763,87.77,29.83,1.554,27.819,25.75,17.759,94.92,0.1232,0,NORMAL,0,Normal,NORMAL,0.1147,1349.07,No action
2026-09-04T14:25:15,SIM-MISSION-03,1515,Endurance,23940.0,29.37,67.14,2902.4,91.37,656.24,4.824,88.0,28.67,1.676,27.667,25.79,17.741,95.87,0.0851,0,NORMAL,0,Normal,NORMAL,0.0824,1349.0,No action
2026-09-04T14:25:16,SIM-MISSION-03,1516,Endurance,24179.5,27.0,66.24,2897.3,91.41,664.31,4.767,88.56,29.38,1.757,27.559,26.11,17.776,95.17,0.1132,0,NORMAL,0,Normal,NORMAL,0.1062,1348.93,No action
2026-09-04T14:25:17,SIM-MISSION-03,1517,Endurance,23928.6,26.22,70.26,2912.0,89.47,660.44,4.855,87.59,29.1,1.514,27.526,25.85,17.868,95.53,0.099,0,NORMAL,0,Normal,NORMAL,0.0941,1348.87,No action
2026-09-04T14:25:18,SIM-MISSION-03,1518,Endurance,24082.7,28.13,69.63,2941.7,91.84,656.61,4.819,88.22,29.14,1.706,27.579,26.35,17.872,95.42,0.1034,0,NORMAL,0,Normal,NORMAL,0.0979,1348.8,No action
2026-09-04T14:25:19,SIM-MISSION-03,1519,Endurance,24145.1,28.04,69.35,2954.7,92.5,656.88,4.835,88.0,28.81,1.477,27.83,26.21,17.782,95.57,0.0971,0,NORMAL,0,Normal,NORMAL,0.0925,1348.73,No action
2026-09-04T14:25:20,SIM-MISSION-03,1520,Endurance,24053.8,28.19,64.97,2890.2,91.65,662.92,4.694,88.53,29.18,1.578,27.594,26.59,17.824,95.46,0.1016,0,NORMAL,0,Normal,NORMAL,0.0964,1348.67,No action
2026-09-04T14:25:21,SIM-MISSION-03,1521,Endurance,23744.3,27.17,65.84,2937.1,90.86,658.07,4.717,88.33,29.41,1.548,27.547,25.86,17.806,95.5,0.1,0,NORMAL,0,Normal,NORMAL,0.095,1348.6,No action
2026-09-04T14:25:22,SIM-MISSION-03,1522,Endurance,24008.3,27.63,67.14,2936.8,91.59,659.72,4.83,88.29,28.46,1.504,27.743,25.95,17.815,95.64,0.0943,0,NORMAL,0,Normal,NORMAL,0.0902,1348.53,No action
2026-09-04T14:25:23,SIM-MISSION-03,1523,Endurance,23948.7,26.37,68.29,2908.4,92.75,656.84,5.008,89.05,28.03,1.527,27.763,26.05,17.753,95.26,0.1096,0,NORMAL,0,Normal,NORMAL,0.1032,1348.47,No action
2026-09-04T14:25:24,SIM-MISSION-03,1524,Endurance,23979.8,27.56,67.65,2928.0,90.67,665.51,4.853,88.13,28.5,1.573,27.594,26.73,17.764,95.81,0.0874,0,NORMAL,0,Normal,NORMAL,0.0843,1348.4,No action
2026-09-04T14:25:25,SIM-MISSION-03,1525,Endurance,23982.8,28.19,65.37,2937.9,92.41,659.15,4.803,88.33,28.04,1.603,27.512,25.68,17.816,95.63,0.0947,0,NORMAL,0,Normal,NORMAL,0.0905,1348.33,No action
2026-09-04T14:25:26,SIM-MISSION-03,1526,Endurance,24254.2,28.84,66.33,2939.4,90.35,660.91,4.835,88.07,28.97,1.464,27.358,25.74,17.825,95.44,0.1023,0,NORMAL,0,Normal,NORMAL,0.097,1348.27,No action
2026-09-04T14:25:27,SIM-MISSION-03,1527,Endurance,24154.0,28.28,65.31,2908.8,91.38,657.85,4.87,87.97,28.99,1.354,27.537,25.71,17.784,95.09,0.1163,0,NORMAL,0,Normal,NORMAL,0.1088,1348.2,No action
2026-09-04T14:25:28,SIM-MISSION-03,1528,Endurance,24025.1,27.64,68.06,2931.8,90.95,657.35,4.704,88.41,28.99,1.604,27.582,25.68,17.749,95.33,0.1069,0,NORMAL,0,Normal,NORMAL,0.1009,1348.13,No action
2026-09-04T14:25:29,SIM-MISSION-03,1529,Endurance,24074.6,27.15,69.06,2932.0,91.04,657.47,4.758,87.62,29.06,1.537,27.615,25.82,17.827,95.17,0.1131,0,NORMAL,0,Normal,NORMAL,0.1061,1348.07,No action
2026-09-04T14:25:30,SIM-MISSION-03,1530,Endurance,23954.0,27.89,66.51,2902.6,90.3,662.98,4.812,87.96,28.92,1.452,27.61,26.84,17.814,95.3,0.1079,0,NORMAL,0,Normal,NORMAL,0.1017,1348.0,No action
2026-09-04T14:25:31,SIM-MISSION-03,1531,Endurance,23968.9,26.45,64.46,2896.2,90.63,663.91,4.723,87.66,29.28,1.646,27.623,26.48,17.901,96.1,0.0761,0,NORMAL,0,Normal,NORMAL,0.0747,1347.93,No action
2026-09-04T14:25:32,SIM-MISSION-03,1532,Endurance,23846.3,27.71,68.96,2915.9,91.08,656.74,4.808,88.43,29.43,1.425,27.71,25.8,17.756,95.46,0.1014,0,NORMAL,0,Normal,NORMAL,0.0962,1347.87,No action
2026-09-04T14:25:33,SIM-MISSION-03,1533,Endurance,23944.8,27.99,66.93,2878.5,91.44,668.73,4.739,89.12,28.93,1.459,27.761,26.04,17.813,95.03,0.1186,0,NORMAL,0,Normal,NORMAL,0.1108,1347.8,No action
2026-09-04T14:25:34,SIM-MISSION-03,1534,Endurance,23849.8,29.36,67.89,2905.4,92.13,662.82,4.818,87.95,28.71,1.633,27.715,26.19,17.841,95.44,0.1022,0,NORMAL,0,Normal,NORMAL,0.0969,1347.73,No action
2026-09-04T14:25:35,SIM-MISSION-03,1535,Endurance,24138.7,28.74,68.13,2937.7,90.03,655.07,4.826,88.65,28.63,1.57,27.61,25.83,17.788,95.63,0.0947,0,NORMAL,0,Normal,NORMAL,0.0905,1347.67,No action
2026-09-04T14:25:36,SIM-MISSION-03,1536,Endurance,24049.9,28.46,66.42,2853.2,91.67,655.12,4.691,88.75,28.91,1.554,27.635,25.63,17.895,94.55,0.1382,0,NORMAL,0,Normal,NORMAL,0.1274,1347.6,No action
2026-09-04T14:25:37,SIM-MISSION-03,1537,Endurance,24120.9,28.14,69.44,2888.9,90.89,656.05,4.786,87.53,29.11,1.474,27.652,25.73,17.778,95.55,0.098,0,NORMAL,0,Normal,NORMAL,0.0933,1347.53,No action
2026-09-04T14:25:38,SIM-MISSION-03,1538,Endurance,23971.7,28.18,65.09,2857.6,90.02,655.62,4.673,87.98,29.35,1.636,27.484,25.87,17.773,96.33,0.0666,0,NORMAL,0,Normal,NORMAL,0.0667,1347.47,No action
2026-09-04T14:25:39,SIM-MISSION-03,1539,Endurance,23968.8,27.13,66.72,2875.9,89.68,665.54,4.808,87.98,28.67,1.469,27.769,26.64,17.838,96.27,0.0693,0,NORMAL,0,Normal,NORMAL,0.0689,1347.4,No action
2026-09-04T14:25:40,SIM-MISSION-03,1540,Endurance,23964.9,30.25,68.87,2881.3,91.53,655.97,4.794,87.81,28.92,1.387,27.507,25.87,17.759,95.12,0.1152,0,NORMAL,0,Normal,NORMAL,0.1079,1347.33,No action
2026-09-04T14:25:41,SIM-MISSION-03,1541,Endurance,24081.0,26.45,67.84,2897.4,91.69,658.37,4.779,88.24,28.53,1.555,27.494,25.84,17.864,95.6,0.0962,0,NORMAL,0,Normal,NORMAL,0.0917,1347.27,No action
2026-09-04T14:25:42,SIM-MISSION-03,1542,Endurance,23845.5,31.2,69.93,2886.3,90.9,658.6,4.803,88.14,29.09,1.379,27.529,26.21,17.732,95.61,0.0954,0,NORMAL,0,Normal,NORMAL,0.0911,1347.2,No action
2026-09-04T14:25:43,SIM-MISSION-03,1543,Endurance,24102.8,27.52,69.12,2890.1,91.74,656.66,4.811,86.98,29.0,1.555,27.68,26.03,17.846,94.68,0.1328,0,NORMAL,0,Normal,NORMAL,0.1229,1347.13,No action
2026-09-04T14:25:44,SIM-MISSION-03,1544,Endurance,24012.9,28.03,69.0,2886.8,89.93,659.0,4.836,88.4,28.98,1.469,27.608,25.38,17.852,96.0,0.0798,0,NORMAL,0,Normal,NORMAL,0.0779,1347.07,No action
2026-09-04T14:25:45,SIM-MISSION-03,1545,Endurance,23913.5,27.51,69.12,2864.0,91.75,659.94,4.682,86.39,29.56,1.551,27.506,25.58,17.892,96.21,0.0716,0,NORMAL,0,Normal,NORMAL,0.0709,1347.0,No action
2026-09-04T14:25:46,SIM-MISSION-03,1546,Endurance,23975.8,26.96,65.14,2880.6,90.43,661.7,4.785,87.01,29.05,1.557,27.55,25.55,17.772,95.97,0.0813,0,NORMAL,0,Normal,NORMAL,0.0791,1346.93,No action
2026-09-04T14:25:47,SIM-MISSION-03,1547,Endurance,23889.2,28.31,69.23,2866.5,90.09,665.52,4.842,88.06,28.9,1.445,27.569,26.04,17.693,95.53,0.0989,0,NORMAL,0,Normal,NORMAL,0.094,1346.87,No action
2026-09-04T14:25:48,SIM-MISSION-03,1548,Endurance,23951.9,28.17,69.65,2885.8,90.73,661.61,4.83,87.77,28.8,1.607,27.694,25.96,17.761,95.72,0.0912,0,NORMAL,0,Normal,NORMAL,0.0875,1346.8,No action
2026-09-04T14:25:49,SIM-MISSION-03,1549,Endurance,23834.0,29.58,66.98,2879.4,90.86,653.76,4.764,88.48,29.25,1.615,27.569,25.92,17.839,95.0,0.12,0,NORMAL,0,Normal,NORMAL,0.112,1346.73,No action
2026-09-04T14:25:50,SIM-MISSION-03,1550,Endurance,24039.7,27.47,68.73,2837.4,91.06,658.5,4.723,88.73,29.14,1.589,27.726,26.38,17.836,95.21,0.1118,0,NORMAL,0,Normal,NORMAL,0.105,1346.67,No action
2026-09-04T14:25:51,SIM-MISSION-03,1551,Endurance,23994.7,29.36,66.95,2873.9,89.77,655.19,4.803,87.92,29.22,1.497,27.605,25.89,17.893,95.26,0.1098,0,NORMAL,0,Normal,NORMAL,0.1033,1346.6,No action
2026-09-04T14:25:52,SIM-MISSION-03,1552,Endurance,23734.0,28.67,67.7,2855.3,90.47,656.32,4.718,86.43,29.23,1.394,27.496,25.92,17.732,95.67,0.093,0,NORMAL,0,Normal,NORMAL,0.0891,1346.53,No action
2026-09-04T14:25:53,SIM-MISSION-03,1553,Endurance,23971.5,27.54,69.85,2852.9,90.83,651.44,4.795,87.82,29.32,1.6,27.727,25.63,17.863,95.76,0.0895,0,NORMAL,0,Normal,NORMAL,0.0861,1346.47,No action
2026-09-04T14:25:54,SIM-MISSION-03,1554,Endurance,23973.4,28.4,65.64,2849.0,91.1,662.24,4.791,86.89,29.19,1.514,27.625,26.23,17.722,95.53,0.0986,0,NORMAL,0,Normal,NORMAL,0.0938,1346.4,No action
2026-09-04T14:25:55,SIM-MISSION-03,1555,Endurance,23943.5,28.28,67.89,2827.1,91.63,661.64,4.706,89.64,28.92,1.591,27.675,25.92,17.744,95.87,0.0853,0,NORMAL,0,Normal,NORMAL,0.0825,1346.33,No action
2026-09-04T14:25:56,SIM-MISSION-03,1556,Endurance,24013.6,28.55,65.64,2835.1,91.53,662.23,4.836,88.97,29.56,1.575,27.598,26.22,17.85,95.2,0.112,0,NORMAL,0,Normal,NORMAL,0.1052,1346.27,No action
2026-09-04T14:25:57,SIM-MISSION-03,1557,Endurance,23913.3,29.58,66.1,2889.4,92.96,654.69,4.847,88.72,28.68,1.573,27.697,26.08,17.848,95.36,0.1054,0,NORMAL,0,Normal,NORMAL,0.0996,1346.2,No action
2026-09-04T14:25:58,SIM-MISSION-03,1558,Endurance,24128.3,28.34,68.96,2811.5,90.56,656.2,4.717,89.19,29.33,1.548,27.557,25.89,17.761,95.3,0.1079,0,NORMAL,0,Normal,NORMAL,0.1017,1346.13,No action
2026-09-04T14:25:59,SIM-MISSION-03,1559,Endurance,23947.0,28.5,68.7,2845.9,89.77,664.36,4.834,88.58,29.68,1.514,27.404,25.97,17.859,95.28,0.1087,0,NORMAL,0,Normal,NORMAL,0.1024,1346.07,No action
2026-09-04T14:26:00,SIM-MISSION-03,1560,Endurance,23774.1,30.64,68.26,2836.5,92.63,661.05,4.681,87.04,28.82,1.56,27.718,26.32,17.765,95.35,0.106,0,NORMAL,0,Normal,NORMAL,0.1001,1346.0,No action
2026-09-04T14:26:01,SIM-MISSION-03,1561,Endurance,24138.8,28.31,69.97,2822.3,91.82,662.59,4.677,89.1,29.51,1.557,27.77,26.17,17.844,96.19,0.0724,0,NORMAL,0,Normal,NORMAL,0.0716,1345.93,No action
2026-09-04T14:26:02,SIM-MISSION-03,1562,Endurance,24018.1,28.9,71.81,2841.8,89.78,665.09,4.831,87.54,29.02,1.665,27.67,25.83,17.785,96.04,0.0785,0,NORMAL,0,Normal,NORMAL,0.0767,1345.87,No action
2026-09-04T14:26:03,SIM-MISSION-03,1563,Endurance,24183.4,26.4,66.82,2859.5,90.22,665.16,4.825,88.04,29.72,1.696,27.671,26.2,17.75,95.74,0.0904,0,NORMAL,0,Normal,NORMAL,0.0868,1345.8,No action
2026-09-04T14:26:04,SIM-MISSION-03,1564,Endurance,23849.2,28.79,68.33,2834.3,89.66,656.91,4.694,87.36,29.49,1.588,27.664,25.97,17.78,95.16,0.1135,0,NORMAL,0,Normal,NORMAL,0.1065,1345.73,No action
2026-09-04T14:26:05,SIM-MISSION-03,1565,Endurance,23985.8,27.86,68.15,2828.9,92.15,660.92,4.799,87.95,28.63,1.592,27.515,26.16,17.837,95.05,0.1179,0,NORMAL,0,Normal,NORMAL,0.1102,1345.67,No action
2026-09-04T14:26:06,SIM-MISSION-03,1566,Endurance,23946.1,28.32,70.19,2794.1,90.69,660.81,4.926,86.96,29.24,1.514,27.64,26.6,17.77,96.09,0.0765,0,NORMAL,0,Normal,NORMAL,0.075,1345.6,No action
2026-09-04T14:26:07,SIM-MISSION-03,1567,Endurance,23988.1,27.93,68.28,2800.6,90.37,656.52,4.959,88.27,29.04,1.594,27.473,26.13,17.804,95.51,0.0994,0,NORMAL,0,Normal,NORMAL,0.0945,1345.53,No action
2026-09-04T14:26:08,SIM-MISSION-03,1568,Endurance,24063.4,28.46,65.49,2811.2,90.77,653.94,4.779,87.26,28.83,1.415,27.639,26.17,17.759,95.13,0.1148,0,NORMAL,0,Normal,NORMAL,0.1076,1345.47,No action
2026-09-04T14:26:09,SIM-MISSION-03,1569,Endurance,24181.6,29.19,67.01,2832.9,91.18,658.47,4.874,86.92,29.66,1.549,27.595,25.59,17.798,95.49,0.1006,0,NORMAL,0,Normal,NORMAL,0.0955,1345.4,No action
2026-09-04T14:26:10,SIM-MISSION-03,1570,Endurance,24179.8,26.68,67.98,2816.2,90.79,657.14,4.881,87.12,28.97,1.352,27.462,26.13,17.781,95.53,0.0989,0,NORMAL,0,Normal,NORMAL,0.0941,1345.33,No action
2026-09-04T14:26:11,SIM-MISSION-03,1571,Endurance,23928.0,28.56,65.69,2871.0,90.62,662.37,4.829,89.56,28.82,1.548,27.542,26.21,17.831,96.36,0.0657,0,NORMAL,0,Normal,NORMAL,0.0659,1345.27,No action
2026-09-04T14:26:12,SIM-MISSION-03,1572,Endurance,24040.2,28.94,68.97,2791.8,89.72,658.57,4.755,88.53,29.02,1.536,27.534,25.76,17.814,95.11,0.1157,0,NORMAL,0,Normal,NORMAL,0.1083,1345.2,No action
2026-09-04T14:26:13,SIM-MISSION-03,1573,Endurance,23881.1,29.21,68.73,2773.4,91.17,658.66,4.755,89.1,29.07,1.489,27.7,25.93,17.75,95.34,0.1063,0,NORMAL,0,Normal,NORMAL,0.1003,1345.13,No action
2026-09-04T14:26:14,SIM-MISSION-03,1574,Endurance,23769.4,29.05,67.67,2844.3,91.81,657.32,4.882,88.89,29.06,1.644,27.542,25.94,17.804,95.8,0.088,0,NORMAL,0,Normal,NORMAL,0.0848,1345.07,No action
2026-09-04T14:26:15,SIM-MISSION-03,1575,Endurance,23980.5,26.23,67.85,2774.1,91.02,664.24,4.769,88.59,29.75,1.613,27.704,26.3,17.856,95.16,0.1135,0,NORMAL,0,Normal,NORMAL,0.1065,1345.0,No action
2026-09-04T14:26:16,SIM-MISSION-03,1576,Endurance,23842.0,28.73,67.59,2841.9,91.46,661.23,4.785,88.23,28.02,1.464,27.663,25.79,17.769,96.0,0.0802,0,NORMAL,0,Normal,NORMAL,0.0781,1344.93,No action
2026-09-04T14:26:17,SIM-MISSION-03,1577,Endurance,24007.4,27.04,68.24,2834.7,91.13,659.95,4.762,87.95,29.7,1.544,27.664,25.81,17.863,95.38,0.1047,0,NORMAL,0,Normal,NORMAL,0.099,1344.87,No action
2026-09-04T14:26:18,SIM-MISSION-03,1578,Endurance,24062.0,26.98,67.77,2778.3,91.56,663.27,4.82,87.41,29.13,1.655,27.655,25.6,17.799,95.31,0.1075,0,NORMAL,0,Normal,NORMAL,0.1013,1344.8,No action
2026-09-04T14:26:19,SIM-MISSION-03,1579,Endurance,24005.1,27.09,67.55,2789.0,90.0,657.16,4.835,87.6,28.98,1.495,27.588,25.54,17.821,95.29,0.1083,0,NORMAL,0,Normal,NORMAL,0.102,1344.73,No action
2026-09-04T14:26:20,SIM-MISSION-03,1580,Endurance,24095.5,27.59,66.42,2819.6,91.96,661.53,4.82,88.24,28.84,1.512,27.667,25.9,17.794,94.54,0.1384,0,NORMAL,0,Normal,NORMAL,0.1276,1344.67,No action
2026-09-04T14:26:21,SIM-MISSION-03,1581,Endurance,23946.7,28.72,66.17,2838.6,90.55,662.87,4.708,88.28,29.43,1.411,27.582,25.39,17.794,95.54,0.0983,0,NORMAL,0,Normal,NORMAL,0.0935,1344.6,No action
2026-09-04T14:26:22,SIM-MISSION-03,1582,Endurance,24081.7,28.38,65.79,2760.6,91.47,656.77,4.844,87.42,29.38,1.618,27.7,25.84,17.845,95.43,0.1027,0,NORMAL,0,Normal,NORMAL,0.0973,1344.53,No action
2026-09-04T14:26:23,SIM-MISSION-03,1583,Endurance,23832.1,28.08,68.17,2814.1,90.19,662.39,4.771,86.86,29.0,1.439,27.592,25.51,17.743,95.35,0.1059,0,NORMAL,0,Normal,NORMAL,0.1,1344.47,No action
2026-09-04T14:26:24,SIM-MISSION-03,1584,Endurance,24019.4,28.82,69.46,2761.9,91.21,660.09,4.808,87.35,29.12,1.542,27.5,25.97,17.775,95.89,0.0846,0,NORMAL,0,Normal,NORMAL,0.0819,1344.4,No action
2026-09-04T14:26:25,SIM-MISSION-03,1585,Endurance,24004.7,28.66,66.62,2783.8,90.41,655.84,4.703,88.42,29.77,1.574,27.578,26.03,17.723,95.26,0.1096,0,NORMAL,0,Normal,NORMAL,0.1032,1344.33,No action
2026-09-04T14:26:26,SIM-MISSION-03,1586,Endurance,23869.2,29.06,67.49,2765.0,92.02,658.03,4.808,87.54,29.34,1.554,27.578,25.69,17.754,94.74,0.1306,0,NORMAL,0,Normal,NORMAL,0.121,1344.27,No action
2026-09-04T14:26:27,SIM-MISSION-03,1587,Endurance,24108.3,27.76,68.38,2754.5,92.82,656.16,4.847,87.42,28.84,1.534,27.52,25.64,17.758,95.92,0.0832,0,NORMAL,0,Normal,NORMAL,0.0807,1344.2,No action
2026-09-04T14:26:28,SIM-MISSION-03,1588,Endurance,23968.6,27.71,69.97,2740.0,92.27,661.0,4.796,86.46,28.6,1.408,27.496,25.98,17.817,95.57,0.0973,0,NORMAL,0,Normal,NORMAL,0.0927,1344.13,No action
2026-09-04T14:26:29,SIM-MISSION-03,1589,Endurance,24029.6,27.61,68.41,2794.2,91.99,654.81,4.717,86.89,28.98,1.669,27.62,26.19,17.765,95.71,0.0915,0,NORMAL,0,Normal,NORMAL,0.0877,1344.07,No action
2026-09-04T14:26:30,SIM-MISSION-03,1590,Endurance,24183.5,27.56,68.23,2781.8,92.0,655.61,4.817,87.82,28.53,1.621,27.695,26.11,17.798,95.25,0.11,0,NORMAL,0,Normal,NORMAL,0.1035,1344.0,No action
2026-09-04T14:26:31,SIM-MISSION-03,1591,Endurance,24021.7,27.33,69.01,2794.9,91.18,656.49,4.821,87.77,29.19,1.521,27.548,25.79,17.79,95.41,0.1035,0,NORMAL,0,Normal,NORMAL,0.098,1343.93,No action
2026-09-04T14:26:32,SIM-MISSION-03,1592,Endurance,24008.4,28.45,68.58,2757.7,91.6,659.79,4.785,87.2,29.61,1.544,27.578,26.31,17.78,95.16,0.1137,0,NORMAL,0,Normal,NORMAL,0.1066,1343.87,No action
2026-09-04T14:26:33,SIM-MISSION-03,1593,Endurance,23869.3,27.59,67.94,2777.1,90.63,662.3,4.857,88.61,28.79,1.633,27.52,25.72,17.728,95.51,0.0997,0,NORMAL,0,Normal,NORMAL,0.0947,1343.8,No action
2026-09-04T14:26:34,SIM-MISSION-03,1594,Endurance,23891.4,26.82,68.97,2766.5,91.86,661.57,4.765,87.07,28.55,1.699,27.6,26.27,17.826,95.56,0.0978,0,NORMAL,0,Normal,NORMAL,0.0931,1343.73,No action
2026-09-04T14:26:35,SIM-MISSION-03,1595,Endurance,24064.5,28.11,69.84,2790.6,89.62,655.28,4.841,87.66,29.19,1.544,27.655,26.05,17.73,95.75,0.0901,0,NORMAL,0,Normal,NORMAL,0.0866,1343.67,No action
2026-09-04T14:26:36,SIM-MISSION-03,1596,Endurance,24165.1,28.1,68.6,2776.7,89.22,658.4,4.911,88.72,28.74,1.667,27.69,26.15,17.791,95.57,0.0972,0,NORMAL,0,Normal,NORMAL,0.0926,1343.6,No action
2026-09-04T14:26:37,SIM-MISSION-03,1597,Endurance,24020.0,27.13,68.47,2781.3,90.49,667.58,4.876,87.62,29.8,1.519,27.477,25.65,17.816,95.65,0.094,0,NORMAL,0,Normal,NORMAL,0.0899,1343.53,No action
2026-09-04T14:26:38,SIM-MISSION-03,1598,Endurance,24156.2,28.83,67.4,2765.9,90.86,659.54,4.732,87.4,28.88,1.445,27.56,26.36,17.868,95.46,0.1015,0,NORMAL,0,Normal,NORMAL,0.0963,1343.47,No action
2026-09-04T14:26:39,SIM-MISSION-03,1599,Endurance,23866.9,29.23,65.97,2768.7,90.75,669.0,4.842,87.09,28.4,1.6,27.574,26.44,17.718,95.45,0.1022,0,NORMAL,0,Normal,NORMAL,0.0968,1343.4,No action
2026-09-04T14:26:40,SIM-MISSION-03,1600,Endurance,24058.3,27.85,67.87,2778.2,92.08,649.04,4.696,88.57,28.53,1.634,27.514,26.68,17.786,95.14,0.1144,0,NORMAL,0,Normal,NORMAL,0.1073,1343.33,No action
2026-09-04T14:26:41,SIM-MISSION-03,1601,Endurance,23961.2,28.72,65.38,2829.9,90.63,654.66,4.869,88.18,28.8,1.509,27.623,26.35,17.844,95.53,0.0987,0,NORMAL,0,Normal,NORMAL,0.0939,1343.27,No action
2026-09-04T14:26:42,SIM-MISSION-03,1602,Endurance,23952.7,28.88,66.41,2741.1,90.89,661.91,4.799,88.23,29.63,1.633,27.48,26.42,17.852,95.53,0.0988,0,NORMAL,0,Normal,NORMAL,0.094,1343.2,No action
2026-09-04T14:26:43,SIM-MISSION-03,1603,Endurance,24057.3,28.8,69.52,2747.4,90.87,663.8,4.764,87.7,29.39,1.504,27.841,25.9,17.707,95.45,0.1019,0,NORMAL,0,Normal,NORMAL,0.0966,1343.13,No action
2026-09-04T14:26:44,SIM-MISSION-03,1604,Endurance,23872.9,27.76,67.79,2801.4,91.96,657.25,4.87,88.21,28.61,1.507,27.756,25.81,17.848,95.28,0.109,0,NORMAL,0,Normal,NORMAL,0.1026,1343.07,No action
2026-09-04T14:26:45,SIM-MISSION-03,1605,Endurance,23911.3,27.34,69.06,2725.0,92.48,661.37,4.725,87.84,29.23,1.529,27.499,25.57,17.826,96.46,0.0618,0,NORMAL,0,Normal,NORMAL,0.0625,1343.0,No action
2026-09-04T14:26:46,SIM-MISSION-03,1606,Endurance,23949.2,27.48,71.25,2757.8,91.52,664.41,4.768,87.29,28.71,1.66,27.586,26.26,17.82,96.09,0.0762,0,NORMAL,0,Normal,NORMAL,0.0748,1342.93,No action
2026-09-04T14:26:47,SIM-MISSION-03,1607,Endurance,23933.9,28.48,67.71,2785.4,90.78,662.63,4.657,87.78,29.34,1.629,27.564,25.7,17.775,94.87,0.1251,0,NORMAL,0,Normal,NORMAL,0.1163,1342.87,No action
2026-09-04T14:26:48,SIM-MISSION-03,1608,Endurance,23881.4,28.09,67.75,2781.8,90.76,655.49,4.768,88.11,29.08,1.52,27.675,25.6,17.776,95.52,0.0993,0,NORMAL,0,Normal,NORMAL,0.0944,1342.8,No action
2026-09-04T14:26:49,SIM-MISSION-03,1609,Endurance,24097.9,27.12,67.32,2753.1,90.62,660.24,4.834,88.47,28.89,1.585,27.801,26.25,17.877,95.1,0.1159,0,NORMAL,0,Normal,NORMAL,0.1085,1342.73,No action
2026-09-04T14:26:50,SIM-MISSION-03,1610,Endurance,23999.0,26.93,69.54,2755.8,90.83,658.62,4.75,88.42,29.02,1.62,27.471,26.22,17.77,95.44,0.1025,0,NORMAL,0,Normal,NORMAL,0.0971,1342.67,No action
2026-09-04T14:26:51,SIM-MISSION-03,1611,Endurance,24094.7,28.08,67.17,2751.5,89.39,658.93,4.793,87.68,29.01,1.543,27.658,26.06,17.872,95.35,0.1062,0,NORMAL,0,Normal,NORMAL,0.1003,1342.6,No action
2026-09-04T14:26:52,SIM-MISSION-03,1612,Endurance,24055.7,28.99,68.91,2760.3,92.18,661.82,4.801,88.49,28.61,1.548,27.544,26.22,17.779,95.57,0.0973,0,NORMAL,0,Normal,NORMAL,0.0927,1342.53,No action
2026-09-04T14:26:53,SIM-MISSION-03,1613,Endurance,23753.6,28.7,65.97,2720.7,91.94,655.5,4.812,88.57,29.22,1.74,27.55,26.06,17.789,95.36,0.1055,0,NORMAL,0,Normal,NORMAL,0.0997,1342.47,No action
2026-09-04T14:26:54,SIM-MISSION-03,1614,Endurance,23967.1,26.77,66.46,2734.6,91.83,655.52,4.823,88.54,29.71,1.551,27.449,26.42,17.892,95.17,0.1133,0,NORMAL,0,Normal,NORMAL,0.1063,1342.4,No action
2026-09-04T14:26:55,SIM-MISSION-03,1615,Endurance,24087.0,29.18,69.64,2771.8,91.56,666.76,4.786,87.3,28.83,1.386,27.597,25.87,17.827,95.24,0.1102,0,NORMAL,0,Normal,NORMAL,0.1037,1342.33,No action
2026-09-04T14:26:56,SIM-MISSION-03,1616,Endurance,23766.7,28.2,67.15,2799.7,91.59,655.67,4.783,88.21,28.73,1.396,27.482,26.13,17.812,95.04,0.1184,0,NORMAL,0,Normal,NORMAL,0.1107,1342.27,No action
2026-09-04T14:26:57,SIM-MISSION-03,1617,Endurance,23874.7,29.04,66.86,2760.8,92.01,664.46,4.791,86.88,28.57,1.595,27.595,25.99,17.871,95.26,0.1098,0,NORMAL,0,Normal,NORMAL,0.1033,1342.2,No action
2026-09-04T14:26:58,SIM-MISSION-03,1618,Endurance,23933.9,28.08,65.97,2804.6,93.09,665.6,4.827,88.04,29.03,1.589,27.782,25.62,17.783,95.56,0.0974,0,NORMAL,0,Normal,NORMAL,0.0928,1342.13,No action
2026-09-04T14:26:59,SIM-MISSION-03,1619,Endurance,23896.1,27.2,67.81,2730.7,90.82,657.76,4.725,88.07,29.54,1.427,27.398,26.08,17.783,95.46,0.1018,0,NORMAL,0,Normal,NORMAL,0.0965,1342.07,No action
2026-09-04T14:27:00,SIM-MISSION-03,1620,Endurance,23991.7,27.83,66.53,2709.9,92.57,662.59,3.978,95.27,30.14,2.578,27.541,26.13,17.735,84.93,0.5229,0,PRE_FAILURE,0,Lubrication Failure,CRITICAL_WARNING,0.5545,1342.0,Immediate inspection recommended
2026-09-04T14:27:01,SIM-MISSION-03,1621,Endurance,23876.9,29.18,68.12,2667.2,94.21,668.26,3.887,96.66,29.49,2.706,27.594,26.09,17.751,83.99,0.5603,1,PRE_FAILURE,0,Lubrication Failure,CRITICAL_WARNING,0.5863,1321.93,Immediate inspection recommended
2026-09-04T14:27:02,SIM-MISSION-03,1622,Endurance,23922.8,27.32,67.31,2672.0,94.05,660.92,3.806,95.78,30.26,2.755,27.491,25.29,17.787,82.89,0.6043,1,PRE_FAILURE,0,Lubrication Failure,CRITICAL_WARNING,0.6236,1301.87,Immediate inspection recommended
2026-09-04T14:27:03,SIM-MISSION-03,1623,Endurance,24075.8,26.33,67.43,2678.5,92.9,675.56,3.748,97.3,30.03,3.037,27.589,25.17,17.862,81.86,0.6456,1,PRE_FAILURE,0,Lubrication Failure,CRITICAL_WARNING,0.6587,1281.8,Immediate inspection recommended
2026-09-04T14:27:04,SIM-MISSION-03,1624,Endurance,23843.7,29.49,67.6,2685.4,94.8,671.07,3.649,97.01,29.51,3.037,27.501,26.03,17.859,81.05,0.6778,1,PRE_FAILURE,0,Lubrication Failure,CRITICAL_WARNING,0.6862,1261.73,Immediate inspection recommended
2026-09-04T14:27:05,SIM-MISSION-03,1625,Endurance,23968.7,28.0,67.28,2742.9,95.99,677.53,3.547,98.52,29.7,3.25,27.468,26.17,17.729,79.35,0.7461,1,PRE_FAILURE,0,Lubrication Failure,CRITICAL_WARNING,0.7442,1241.67,Immediate inspection recommended
2026-09-04T14:27:06,SIM-MISSION-03,1626,Endurance,24006.2,27.08,69.49,2686.8,96.39,668.84,3.558,99.06,30.56,3.233,27.588,25.96,17.819,79.11,0.7557,1,PRE_FAILURE,0,Lubrication Failure,CRITICAL_WARNING,0.7524,1221.6,Immediate inspection recommended
2026-09-04T14:27:07,SIM-MISSION-03,1627,Endurance,23963.1,27.37,67.77,2678.4,97.06,671.12,3.525,99.66,30.44,3.49,27.598,25.63,17.806,78.72,0.7714,1,PRE_FAILURE,0,Lubrication Failure,CRITICAL_WARNING,0.7657,1201.53,Immediate inspection recommended
2026-09-04T14:27:08,SIM-MISSION-03,1628,Endurance,23938.9,27.17,65.7,2699.0,95.96,676.02,3.338,100.9,29.36,3.384,27.652,25.63,17.922,77.11,0.8355,1,PRE_FAILURE,0,Lubrication Failure,CRITICAL_WARNING,0.8201,1181.47,Immediate inspection recommended
2026-09-04T14:27:09,SIM-MISSION-03,1629,Endurance,23894.1,27.72,66.11,2638.5,95.51,667.39,3.326,101.46,29.89,3.547,27.5,25.84,17.815,76.72,0.8513,1,PRE_FAILURE,0,Lubrication Failure,CRITICAL_WARNING,0.8336,1161.4,Immediate inspection recommended
2026-09-04T14:27:10,SIM-MISSION-03,1630,Endurance,24027.6,26.58,68.94,2704.5,97.39,676.08,3.148,102.06,30.35,3.631,27.636,26.26,17.697,75.23,0.9107,1,PRE_FAILURE,0,Lubrication Failure,CRITICAL_WARNING,0.8841,1141.33,Immediate inspection recommended
2026-09-04T14:27:11,SIM-MISSION-03,1631,Endurance,23928.8,27.58,67.89,2668.9,97.49,667.74,3.138,102.34,30.18,3.691,27.531,26.11,17.754,74.72,0.9312,1,PRE_FAILURE,0,Lubrication Failure,CRITICAL_WARNING,0.9015,1121.27,Immediate inspection recommended
2026-09-04T14:27:12,SIM-MISSION-03,1632,Endurance,23976.9,27.9,68.73,2683.1,97.29,684.59,3.177,102.99,30.32,3.922,27.607,26.0,17.731,74.23,0.9508,1,PRE_FAILURE,0,Lubrication Failure,CRITICAL_WARNING,0.9181,1101.2,Immediate inspection recommended
2026-09-04T14:27:13,SIM-MISSION-03,1633,Endurance,23930.1,27.8,69.0,2622.6,98.3,688.42,2.946,104.33,30.57,4.038,27.56,25.83,17.766,73.0,1.0,1,PRE_FAILURE,0,Lubrication Failure,CRITICAL_WARNING,0.96,1081.13,Immediate inspection recommended
2026-09-04T14:27:14,SIM-MISSION-03,1634,Endurance,24090.4,28.32,67.44,2663.3,98.94,668.4,2.906,104.87,29.9,4.226,27.504,26.52,17.863,73.0,1.0,1,PRE_FAILURE,0,Lubrication Failure,CRITICAL_WARNING,0.96,1061.07,Immediate inspection recommended
2026-09-04T14:27:15,SIM-MISSION-03,1635,Endurance,23960.4,26.91,70.66,2645.0,99.25,678.86,2.784,104.98,30.92,4.285,27.585,26.4,17.852,33.0,1.0,1,FAILURE,1,Lubrication Failure,ENGINE_FAILURE,0.96,20.0,Emergency shutdown / maintenance inspection
2026-09-04T14:27:16,SIM-MISSION-03,1636,Endurance,24100.4,27.54,67.53,2603.9,99.34,674.13,2.586,106.38,30.69,4.288,27.624,26.38,17.781,33.0,1.0,1,FAILURE,1,Lubrication Failure,ENGINE_FAILURE,0.96,18.5,Emergency shutdown / maintenance inspection
2026-09-04T14:27:17,SIM-MISSION-03,1637,Endurance,23854.1,27.82,68.08,2638.8,99.12,685.64,2.635,107.42,31.02,4.522,27.606,26.61,17.786,33.0,1.0,1,FAILURE,1,Lubrication Failure,ENGINE_FAILURE,0.96,17.0,Emergency shutdown / maintenance inspection
2026-09-04T14:27:18,SIM-MISSION-03,1638,Endurance,23944.5,28.85,70.31,2646.1,100.32,673.32,2.53,108.66,31.13,4.56,27.621,26.14,17.771,33.0,1.0,1,FAILURE,1,Lubrication Failure,ENGINE_FAILURE,0.96,15.5,Emergency shutdown / maintenance inspection
2026-09-04T14:27:19,SIM-MISSION-03,1639,Endurance,24032.3,27.88,70.94,2643.5,98.44,675.75,2.49,109.42,31.1,4.614,27.615,26.51,17.72,33.0,1.0,1,FAILURE,1,Lubrication Failure,ENGINE_FAILURE,0.96,14.0,Emergency shutdown / maintenance inspection
2026-09-04T14:27:20,SIM-MISSION-03,1640,Endurance,23970.9,28.87,66.93,2575.3,101.7,680.07,2.507,108.5,30.68,4.751,27.55,26.18,17.855,33.0,1.0,1,FAILURE,1,Lubrication Failure,ENGINE_FAILURE,0.96,12.5,Emergency shutdown / maintenance inspection
2026-09-04T14:27:21,SIM-MISSION-03,1641,Endurance,23770.2,27.49,68.11,2632.4,100.17,676.02,2.332,109.6,30.84,4.929,27.472,25.97,17.756,33.0,1.0,1,FAILURE,1,Lubrication Failure,ENGINE_FAILURE,0.96,11.0,Emergency shutdown / maintenance inspection
2026-09-04T14:27:22,SIM-MISSION-03,1642,Endurance,23909.9,26.41,67.02,2627.7,99.71,682.82,2.331,109.81,31.0,5.024,27.684,26.26,17.825,33.0,1.0,1,FAILURE,1,Lubrication Failure,ENGINE_FAILURE,0.96,9.5,Emergency shutdown / maintenance inspection
2026-09-04T14:27:23,SIM-MISSION-03,1643,Endurance,24040.3,26.61,68.3,2622.9,100.81,682.79,2.187,111.7,30.75,5.068,27.673,26.14,17.792,33.0,1.0,1,FAILURE,1,Lubrication Failure,ENGINE_FAILURE,0.96,8.0,Emergency shutdown / maintenance inspection
2026-09-04T14:27:24,SIM-MISSION-03,1644,Endurance,24099.5,27.1,66.6,2632.8,100.18,686.77,2.124,111.52,31.3,5.291,27.658,26.31,17.799,33.0,1.0,1,FAILURE,1,Lubrication Failure,ENGINE_FAILURE,0.96,6.5,Emergency shutdown / maintenance inspection
2026-09-04T14:27:25,SIM-MISSION-03,1645,Endurance,23968.8,26.74,68.99,2735.1,92.09,659.23,4.76,88.09,29.12,1.384,27.465,25.62,17.784,94.77,0.1294,0,NORMAL,0,Normal,NORMAL,0.12,1340.33,No action
2026-09-04T14:27:26,SIM-MISSION-03,1646,Endurance,24039.6,28.38,68.78,2742.4,91.08,658.72,4.932,88.3,28.61,1.621,27.472,26.28,17.815,96.07,0.0771,0,NORMAL,0,Normal,NORMAL,0.0755,1340.27,No action
2026-09-04T14:27:27,SIM-MISSION-03,1647,Endurance,23791.8,28.04,67.84,2769.4,90.48,661.7,4.832,86.95,28.62,1.53,27.637,25.9,17.835,95.29,0.1083,0,NORMAL,0,Normal,NORMAL,0.1021,1340.2,No action
2026-09-04T14:27:28,SIM-MISSION-03,1648,Endurance,23840.5,29.34,68.02,2794.8,90.13,659.89,4.813,87.73,28.61,1.717,27.619,26.03,17.856,95.87,0.085,0,NORMAL,0,Normal,NORMAL,0.0823,1340.13,No action
2026-09-04T14:27:29,SIM-MISSION-03,1649,Endurance,24095.2,27.42,68.77,2771.6,90.1,660.1,4.722,88.22,29.51,1.53,27.635,26.12,17.743,95.12,0.115,0,NORMAL,0,Normal,NORMAL,0.1078,1340.07,No action
2026-09-04T14:27:30,SIM-MISSION-03,1650,Endurance,24089.4,27.86,66.7,2780.7,90.89,661.92,4.879,87.75,28.55,1.477,27.669,25.6,17.759,96.13,0.0749,0,NORMAL,0,Normal,NORMAL,0.0737,1340.0,No action
2026-09-04T14:27:31,SIM-MISSION-03,1651,Endurance,23862.7,28.56,68.62,2771.2,90.48,660.1,4.874,87.12,28.45,1.6,27.556,26.03,17.755,94.99,0.1205,0,NORMAL,0,Normal,NORMAL,0.1124,1339.93,No action
2026-09-04T14:27:32,SIM-MISSION-03,1652,Endurance,24135.2,28.02,69.66,2782.8,92.02,656.38,4.709,88.47,28.47,1.538,27.597,25.74,17.867,95.28,0.1087,0,NORMAL,0,Normal,NORMAL,0.1024,1339.87,No action
2026-09-04T14:27:33,SIM-MISSION-03,1653,Endurance,23871.1,26.58,70.02,2769.6,91.34,661.51,4.77,87.71,29.67,1.619,27.467,26.19,17.84,95.48,0.1008,0,NORMAL,0,Normal,NORMAL,0.0957,1339.8,No action
2026-09-04T14:27:34,SIM-MISSION-03,1654,Endurance,24021.6,28.41,65.96,2775.9,90.87,662.9,4.795,88.55,28.93,1.573,27.574,25.9,17.769,95.4,0.1042,0,NORMAL,0,Normal,NORMAL,0.0985,1339.73,No action
2026-09-04T14:27:35,SIM-MISSION-03,1655,Endurance,24042.3,27.52,68.15,2730.3,91.26,656.07,4.737,87.35,28.96,1.401,27.656,25.92,17.798,95.51,0.0994,0,NORMAL,0,Normal,NORMAL,0.0945,1339.67,No action
2026-09-04T14:27:36,SIM-MISSION-03,1656,Endurance,24206.5,27.31,65.93,2766.9,89.71,651.61,4.828,87.99,29.01,1.532,27.539,26.19,17.796,95.31,0.1077,0,NORMAL,0,Normal,NORMAL,0.1015,1339.6,No action
2026-09-04T14:27:37,SIM-MISSION-03,1657,Endurance,24124.0,28.51,68.31,2782.9,91.3,658.68,4.859,87.48,29.45,1.401,27.63,26.26,17.793,96.02,0.079,0,NORMAL,0,Normal,NORMAL,0.0772,1339.53,No action
2026-09-04T14:27:38,SIM-MISSION-03,1658,Endurance,23737.3,30.39,69.39,2792.2,91.69,653.11,4.803,87.26,29.46,1.637,27.626,24.9,17.862,96.25,0.07,0,NORMAL,0,Normal,NORMAL,0.0695,1339.47,No action
2026-09-04T14:27:39,SIM-MISSION-03,1659,Endurance,23950.8,28.17,69.87,2736.9,90.7,652.31,4.822,88.64,28.61,1.63,27.47,25.44,17.786,95.55,0.0981,0,NORMAL,0,Normal,NORMAL,0.0934,1339.4,No action
2026-09-04T14:27:40,SIM-MISSION-03,1660,Endurance,23947.8,28.27,67.6,2802.4,91.52,656.7,4.896,87.42,29.39,1.553,27.545,26.3,17.793,95.07,0.1172,0,NORMAL,0,Normal,NORMAL,0.1096,1339.33,No action
2026-09-04T14:27:41,SIM-MISSION-03,1661,Endurance,23929.9,30.18,66.36,2817.6,90.74,666.28,4.831,87.61,29.14,1.512,27.563,26.16,17.718,95.2,0.1118,0,NORMAL,0,Normal,NORMAL,0.1051,1339.27,No action
2026-09-04T14:27:42,SIM-MISSION-03,1662,Endurance,23966.0,26.33,68.72,2703.7,90.79,651.94,4.72,89.12,29.15,1.558,27.606,25.74,17.789,95.96,0.0815,0,NORMAL,0,Normal,NORMAL,0.0793,1339.2,No action
2026-09-04T14:27:43,SIM-MISSION-03,1663,Endurance,24115.8,28.89,68.26,2723.1,90.51,654.75,4.722,87.85,29.04,1.59,27.725,25.49,17.853,95.49,0.1004,0,NORMAL,0,Normal,NORMAL,0.0953,1339.13,No action
2026-09-04T14:27:44,SIM-MISSION-03,1664,Endurance,24109.1,28.44,67.75,2816.2,89.68,657.9,4.839,87.93,28.75,1.578,27.709,26.25,17.739,95.28,0.1087,0,NORMAL,0,Normal,NORMAL,0.1024,1339.07,No action
2026-09-04T14:27:45,SIM-MISSION-03,1665,Endurance,24123.0,26.5,67.52,2776.5,90.03,662.28,4.734,86.49,28.94,1.456,27.55,26.26,17.785,96.03,0.0789,0,NORMAL,0,Normal,NORMAL,0.0771,1339.0,No action
2026-09-04T14:27:46,SIM-MISSION-03,1666,Endurance,24161.1,28.93,69.46,2789.5,91.8,663.3,4.824,88.49,29.04,1.476,27.598,25.59,17.89,95.8,0.088,0,NORMAL,0,Normal,NORMAL,0.0848,1338.93,No action
2026-09-04T14:27:47,SIM-MISSION-03,1667,Endurance,24017.9,27.58,68.07,2789.6,92.22,660.79,4.86,88.28,28.73,1.429,27.654,25.94,17.807,95.12,0.1153,0,NORMAL,0,Normal,NORMAL,0.108,1338.87,No action
2026-09-04T14:27:48,SIM-MISSION-03,1668,Endurance,24111.0,27.69,69.35,2794.4,90.96,658.26,4.778,88.25,29.36,1.614,27.548,25.87,17.74,95.54,0.0984,0,NORMAL,0,Normal,NORMAL,0.0937,1338.8,No action
2026-09-04T14:27:49,SIM-MISSION-03,1669,Endurance,23922.4,28.37,66.55,2791.9,91.17,656.25,4.758,87.95,29.03,1.567,27.519,25.66,17.832,95.46,0.1018,0,NORMAL,0,Normal,NORMAL,0.0965,1338.73,No action
2026-09-04T14:27:50,SIM-MISSION-03,1670,Endurance,24066.3,27.92,66.69,2800.3,91.77,666.83,4.735,88.96,28.84,1.562,27.613,25.85,17.873,96.05,0.0781,0,NORMAL,0,Normal,NORMAL,0.0764,1338.67,No action
2026-09-04T14:27:51,SIM-MISSION-03,1671,Endurance,23954.5,27.55,68.73,2786.0,92.49,657.8,4.769,87.07,29.1,1.625,27.637,26.68,17.756,95.62,0.0953,0,NORMAL,0,Normal,NORMAL,0.091,1338.6,No action
2026-09-04T14:27:52,SIM-MISSION-03,1672,Endurance,23988.6,26.82,67.39,2798.3,90.49,660.5,4.785,88.4,28.73,1.563,27.63,25.65,17.862,95.51,0.0995,0,NORMAL,0,Normal,NORMAL,0.0946,1338.53,No action
2026-09-04T14:27:53,SIM-MISSION-03,1673,Endurance,23928.2,27.32,69.3,2834.8,89.8,657.66,4.77,88.9,29.0,1.551,27.649,26.24,17.81,95.38,0.1048,0,NORMAL,0,Normal,NORMAL,0.0991,1338.47,No action
2026-09-04T14:27:54,SIM-MISSION-03,1674,Endurance,24028.3,31.39,64.28,2802.7,90.07,659.6,4.806,88.42,29.15,1.564,27.787,25.43,17.827,95.73,0.0907,0,NORMAL,0,Normal,NORMAL,0.0871,1338.4,No action
2026-09-04T14:27:55,SIM-MISSION-03,1675,Endurance,23936.0,28.48,65.28,2789.6,90.59,658.25,4.892,87.86,29.67,1.595,27.588,25.99,17.841,95.59,0.0964,0,NORMAL,0,Normal,NORMAL,0.0919,1338.33,No action
2026-09-04T14:27:56,SIM-MISSION-03,1676,Endurance,24209.1,27.36,65.25,2821.1,92.0,660.84,4.786,88.25,29.13,1.562,27.542,26.39,17.8,95.82,0.0873,0,NORMAL,0,Normal,NORMAL,0.0842,1338.27,No action
2026-09-04T14:27:57,SIM-MISSION-03,1677,Endurance,24081.9,28.93,66.91,2835.6,91.3,655.25,4.781,88.58,28.98,1.596,27.651,25.76,17.749,95.48,0.1009,0,NORMAL,0,Normal,NORMAL,0.0958,1338.2,No action
2026-09-04T14:27:58,SIM-MISSION-03,1678,Endurance,24202.9,29.0,66.4,2769.3,91.55,661.54,4.763,88.75,28.97,1.663,27.601,26.05,17.891,95.62,0.0952,0,NORMAL,0,Normal,NORMAL,0.0909,1338.13,No action
2026-09-04T14:27:59,SIM-MISSION-03,1679,Endurance,24005.6,28.47,69.45,2784.9,91.32,662.74,4.82,87.21,29.56,1.422,27.505,25.48,17.763,95.4,0.1039,0,NORMAL,0,Normal,NORMAL,0.0983,1338.07,No action
2026-09-04T14:28:00,SIM-MISSION-03,1680,Endurance,24096.0,29.57,63.94,2837.4,91.74,654.29,4.807,87.76,29.23,1.611,27.512,25.65,17.894,94.93,0.1229,0,NORMAL,0,Normal,NORMAL,0.1145,1338.0,No action
2026-09-04T14:28:01,SIM-MISSION-03,1681,Endurance,23946.6,27.53,67.9,2771.7,89.07,658.61,4.76,88.69,28.98,1.526,27.464,26.14,17.816,95.31,0.1076,0,NORMAL,0,Normal,NORMAL,0.1014,1337.93,No action
2026-09-04T14:28:02,SIM-MISSION-03,1682,Endurance,23972.1,29.0,66.69,2823.5,89.98,662.79,4.727,88.79,28.72,1.356,27.677,25.81,17.759,95.88,0.0848,0,NORMAL,0,Normal,NORMAL,0.0821,1337.87,No action
2026-09-04T14:28:03,SIM-MISSION-03,1683,Endurance,24071.7,29.5,66.8,2828.4,90.42,669.26,4.829,87.82,28.66,1.691,27.541,26.24,17.78,95.91,0.0838,0,NORMAL,0,Normal,NORMAL,0.0812,1337.8,No action
2026-09-04T14:28:04,SIM-MISSION-03,1684,Endurance,24077.3,29.15,67.34,2845.8,91.98,659.6,4.866,88.62,29.35,1.442,27.483,26.2,17.716,95.34,0.1065,0,NORMAL,0,Normal,NORMAL,0.1005,1337.73,No action
2026-09-04T14:28:05,SIM-MISSION-03,1685,Endurance,23792.1,28.45,68.7,2845.2,91.03,661.05,4.887,87.07,28.48,1.533,27.734,26.47,17.864,95.36,0.1054,0,NORMAL,0,Normal,NORMAL,0.0996,1337.67,No action
2026-09-04T14:28:06,SIM-MISSION-03,1686,Endurance,23742.8,27.63,68.49,2825.0,91.03,663.45,4.915,88.81,29.46,1.599,27.698,25.98,17.817,94.41,0.1438,0,NORMAL,0,Normal,NORMAL,0.1322,1337.6,No action
2026-09-04T14:28:07,SIM-MISSION-03,1687,Endurance,24042.5,27.74,67.97,2819.5,90.72,661.49,4.84,87.28,28.65,1.606,27.667,26.64,17.849,96.03,0.0786,0,NORMAL,0,Normal,NORMAL,0.0768,1337.53,No action
2026-09-04T14:28:08,SIM-MISSION-03,1688,Endurance,23962.3,28.11,67.56,2819.5,91.26,658.41,4.741,87.59,29.34,1.593,27.787,26.05,17.936,95.44,0.1023,0,NORMAL,0,Normal,NORMAL,0.097,1337.47,No action
2026-09-04T14:28:09,SIM-MISSION-03,1689,Endurance,23930.4,28.5,67.11,2821.3,92.38,661.03,4.798,87.36,29.16,1.566,27.553,25.87,17.825,96.05,0.0782,0,NORMAL,0,Normal,NORMAL,0.0764,1337.4,No action
2026-09-04T14:28:10,SIM-MISSION-03,1690,Endurance,24137.8,28.69,68.75,2819.4,89.95,659.62,4.743,87.88,29.39,1.585,27.466,26.02,17.752,95.23,0.1108,0,NORMAL,0,Normal,NORMAL,0.1041,1337.33,No action
2026-09-04T14:28:11,SIM-MISSION-03,1691,Endurance,24136.0,27.51,69.93,2839.4,91.54,654.02,4.744,89.48,29.42,1.418,27.539,25.5,17.878,95.57,0.0973,0,NORMAL,0,Normal,NORMAL,0.0927,1337.27,No action
2026-09-04T14:28:12,SIM-MISSION-03,1692,Endurance,24079.1,29.06,67.59,2854.4,90.47,654.3,4.78,86.86,28.63,1.396,27.57,25.99,17.815,95.74,0.0904,0,NORMAL,0,Normal,NORMAL,0.0869,1337.2,No action
2026-09-04T14:28:13,SIM-MISSION-03,1693,Endurance,23925.9,26.98,68.18,2822.1,91.34,656.78,4.752,88.72,28.68,1.556,27.636,26.04,17.831,95.49,0.1002,0,NORMAL,0,Normal,NORMAL,0.0952,1337.13,No action
2026-09-04T14:28:14,SIM-MISSION-03,1694,Endurance,24000.1,27.26,67.09,2837.3,91.03,657.26,4.774,87.34,28.74,1.473,27.668,25.94,17.737,95.4,0.1039,0,NORMAL,0,Normal,NORMAL,0.0983,1337.07,No action
2026-09-04T14:28:15,SIM-MISSION-03,1695,Endurance,24009.4,26.84,64.97,2841.5,90.63,666.9,4.698,88.26,28.4,1.613,27.557,26.13,17.81,95.08,0.1166,0,NORMAL,0,Normal,NORMAL,0.1092,1337.0,No action
2026-09-04T14:28:16,SIM-MISSION-03,1696,Endurance,23963.0,27.79,68.25,2834.2,91.07,664.21,4.866,88.17,28.24,1.451,27.688,25.71,17.801,95.09,0.1163,0,NORMAL,0,Normal,NORMAL,0.1089,1336.93,No action
2026-09-04T14:28:17,SIM-MISSION-03,1697,Endurance,24030.9,27.89,68.47,2857.6,91.14,660.86,4.789,89.09,28.64,1.63,27.588,25.91,17.751,95.37,0.1053,0,NORMAL,0,Normal,NORMAL,0.0995,1336.87,No action
2026-09-04T14:28:18,SIM-MISSION-03,1698,Endurance,23979.2,28.84,65.25,2860.9,89.18,654.26,4.778,88.37,28.81,1.617,27.677,26.19,17.823,95.8,0.0879,0,NORMAL,0,Normal,NORMAL,0.0847,1336.8,No action
2026-09-04T14:28:19,SIM-MISSION-03,1699,Endurance,24249.6,28.8,66.79,2853.6,92.04,664.48,4.828,88.04,28.86,1.701,27.656,25.57,17.82,95.06,0.1176,0,NORMAL,0,Normal,NORMAL,0.11,1336.73,No action
2026-09-04T14:28:20,SIM-MISSION-03,1700,Endurance,23977.5,27.92,67.22,2863.7,90.63,655.78,4.844,87.96,29.08,1.562,27.614,25.95,17.795,95.3,0.1081,0,NORMAL,0,Normal,NORMAL,0.1019,1336.67,No action
2026-09-04T14:28:21,SIM-MISSION-03,1701,Endurance,23922.0,27.49,66.05,2856.8,92.34,662.6,4.84,89.79,28.87,1.506,27.613,25.76,17.829,95.53,0.0986,0,NORMAL,0,Normal,NORMAL,0.0938,1336.6,No action
2026-09-04T14:28:22,SIM-MISSION-03,1702,Endurance,23968.2,27.01,67.52,2817.8,90.28,663.21,4.864,87.41,28.3,1.541,27.698,25.6,17.841,95.31,0.1076,0,NORMAL,0,Normal,NORMAL,0.1015,1336.53,No action
2026-09-04T14:28:23,SIM-MISSION-03,1703,Endurance,23999.4,26.73,68.75,2853.9,91.06,650.19,4.885,87.89,28.85,1.604,27.57,25.82,17.805,96.23,0.0709,0,NORMAL,0,Normal,NORMAL,0.0703,1336.47,No action
2026-09-04T14:28:24,SIM-MISSION-03,1704,Endurance,23788.5,27.98,69.33,2862.0,89.84,663.54,4.808,88.94,28.97,1.466,27.607,25.66,17.758,95.11,0.1157,0,NORMAL,0,Normal,NORMAL,0.1083,1336.4,No action
2026-09-04T14:28:25,SIM-MISSION-03,1705,Endurance,24010.3,29.54,66.26,2842.1,92.74,661.25,4.757,90.16,29.75,1.463,27.625,25.84,17.769,94.77,0.1292,0,NORMAL,0,Normal,NORMAL,0.1198,1336.33,No action
2026-09-04T14:28:26,SIM-MISSION-03,1706,Endurance,24059.4,27.81,69.91,2873.6,90.14,657.56,4.828,88.47,28.64,1.509,27.59,25.94,17.744,94.67,0.1332,0,NORMAL,0,Normal,NORMAL,0.1232,1336.27,No action
2026-09-04T14:28:27,SIM-MISSION-03,1707,Endurance,23964.0,30.22,66.51,2892.9,89.58,654.51,4.759,87.15,28.71,1.631,27.764,26.43,17.831,95.58,0.0967,0,NORMAL,0,Normal,NORMAL,0.0922,1336.2,No action
2026-09-04T14:28:28,SIM-MISSION-03,1708,Endurance,24374.3,29.06,70.3,2892.1,90.91,660.17,4.792,87.99,28.89,1.545,27.605,26.78,17.762,95.72,0.0911,0,NORMAL,0,Normal,NORMAL,0.0874,1336.13,No action
2026-09-04T14:28:29,SIM-MISSION-03,1709,Endurance,24162.8,28.87,66.83,2885.8,90.66,658.33,4.807,86.99,29.58,1.463,27.648,26.45,17.731,95.82,0.0871,0,NORMAL,0,Normal,NORMAL,0.0841,1336.07,No action
2026-09-04T14:28:30,SIM-MISSION-03,1710,Endurance,23970.1,27.83,67.14,2882.3,91.5,655.57,4.787,87.95,29.5,1.439,27.544,26.04,17.819,95.47,0.1011,0,NORMAL,0,Normal,NORMAL,0.0959,1336.0,No action
2026-09-04T14:28:31,SIM-MISSION-03,1711,Endurance,23852.4,26.67,69.74,2869.2,91.06,659.77,4.811,89.01,29.3,1.578,27.629,26.22,17.857,95.44,0.1023,0,NORMAL,0,Normal,NORMAL,0.097,1335.93,No action
2026-09-04T14:28:32,SIM-MISSION-03,1712,Endurance,24327.9,28.24,68.59,2883.8,90.43,661.85,4.889,88.47,29.0,1.457,27.628,25.57,17.818,95.03,0.1186,0,NORMAL,0,Normal,NORMAL,0.1108,1335.87,No action
2026-09-04T14:28:33,SIM-MISSION-03,1713,Endurance,23963.0,29.41,68.64,2940.3,91.85,657.61,4.816,88.3,28.6,1.547,27.613,26.47,17.739,95.96,0.0818,0,NORMAL,0,Normal,NORMAL,0.0795,1335.8,No action
2026-09-04T14:28:34,SIM-MISSION-03,1714,Endurance,23889.0,28.6,69.08,2883.6,91.22,661.66,4.734,88.49,29.23,1.53,27.737,26.67,17.869,95.93,0.0829,0,NORMAL,0,Normal,NORMAL,0.0805,1335.73,No action
2026-09-04T14:28:35,SIM-MISSION-03,1715,Endurance,24019.5,27.5,70.76,2901.1,92.1,664.59,4.861,88.01,29.26,1.574,27.62,26.11,17.843,95.33,0.1068,0,NORMAL,0,Normal,NORMAL,0.1008,1335.67,No action
2026-09-04T14:28:36,SIM-MISSION-03,1716,Endurance,24184.7,28.5,65.13,2914.3,90.49,652.3,4.885,89.65,29.06,1.579,27.621,26.28,17.731,95.7,0.0921,0,NORMAL,0,Normal,NORMAL,0.0883,1335.6,No action
2026-09-04T14:28:37,SIM-MISSION-03,1717,Endurance,24052.6,27.32,67.01,2877.4,91.03,657.68,4.746,87.21,29.05,1.56,27.636,26.06,17.75,95.55,0.0979,0,NORMAL,0,Normal,NORMAL,0.0932,1335.53,No action
2026-09-04T14:28:38,SIM-MISSION-03,1718,Endurance,23842.5,27.62,66.81,2916.3,90.07,658.94,4.672,86.86,29.84,1.585,27.627,26.42,17.731,95.21,0.1118,0,NORMAL,0,Normal,NORMAL,0.105,1335.47,No action
2026-09-04T14:28:39,SIM-MISSION-03,1719,Endurance,24050.2,26.33,68.55,2845.2,91.37,666.09,4.848,87.6,28.73,1.643,27.357,25.88,17.749,95.87,0.0851,0,NORMAL,0,Normal,NORMAL,0.0823,1335.4,No action
2026-09-04T14:28:40,SIM-MISSION-03,1720,Endurance,24071.0,27.13,68.42,2878.4,91.75,669.62,4.74,86.68,29.39,1.568,27.425,25.81,17.806,95.12,0.1151,0,NORMAL,0,Normal,NORMAL,0.1078,1335.33,No action
2026-09-04T14:28:41,SIM-MISSION-03,1721,Endurance,23710.3,28.7,67.47,2865.4,90.94,662.51,4.887,88.74,28.89,1.496,27.715,26.26,17.767,95.32,0.1073,0,NORMAL,0,Normal,NORMAL,0.1012,1335.27,No action
2026-09-04T14:28:42,SIM-MISSION-03,1722,Endurance,24150.3,27.76,70.82,2897.3,90.02,654.73,4.746,88.21,28.76,1.662,27.644,25.91,17.867,94.91,0.1234,0,NORMAL,0,Normal,NORMAL,0.1149,1335.2,No action
2026-09-04T14:28:43,SIM-MISSION-03,1723,Endurance,24035.2,28.57,67.89,2925.6,91.49,669.16,4.8,89.09,28.77,1.465,27.515,26.22,17.748,95.71,0.0917,0,NORMAL,0,Normal,NORMAL,0.088,1335.13,No action
2026-09-04T14:28:44,SIM-MISSION-03,1724,Endurance,24145.1,29.49,65.37,2911.0,91.67,654.42,4.785,87.06,28.89,1.336,27.383,25.76,17.832,95.71,0.0915,0,NORMAL,0,Normal,NORMAL,0.0878,1335.07,No action
2026-09-04T14:28:45,SIM-MISSION-03,1725,Endurance,24125.4,27.69,70.21,2920.1,90.57,662.37,4.76,86.67,28.75,1.616,27.528,25.61,17.722,94.89,0.1245,0,NORMAL,0,Normal,NORMAL,0.1159,1335.0,No action
2026-09-04T14:28:46,SIM-MISSION-03,1726,Endurance,24053.1,27.04,69.78,2906.2,91.48,657.38,4.791,88.3,29.05,1.782,27.552,25.95,17.695,95.74,0.0903,0,NORMAL,0,Normal,NORMAL,0.0868,1334.93,No action
2026-09-04T14:28:47,SIM-MISSION-03,1727,Endurance,24160.7,27.39,65.59,2925.6,91.01,659.01,4.812,88.53,28.89,1.664,27.531,26.0,17.799,95.75,0.09,0,NORMAL,0,Normal,NORMAL,0.0865,1334.87,No action
2026-09-04T14:28:48,SIM-MISSION-03,1728,Endurance,24053.8,29.33,68.74,2930.1,90.66,659.36,4.787,88.43,29.24,1.648,27.517,25.7,17.873,95.96,0.0818,0,NORMAL,0,Normal,NORMAL,0.0795,1334.8,No action
2026-09-04T14:28:49,SIM-MISSION-03,1729,Endurance,23969.3,27.15,69.05,2912.0,90.81,658.8,4.805,86.62,29.21,1.524,27.714,25.65,17.791,95.66,0.0937,0,NORMAL,0,Normal,NORMAL,0.0896,1334.73,No action
2026-09-04T14:28:50,SIM-MISSION-03,1730,Endurance,24135.0,27.16,66.11,2893.6,90.59,659.34,4.82,88.97,28.79,1.542,27.531,26.69,17.785,95.18,0.1127,0,NORMAL,0,Normal,NORMAL,0.1058,1334.67,No action
2026-09-04T14:28:51,SIM-MISSION-03,1731,Endurance,23938.2,27.94,66.03,2934.4,92.3,657.46,4.772,87.97,29.54,1.539,27.601,25.8,17.802,95.43,0.1029,0,NORMAL,0,Normal,NORMAL,0.0974,1334.6,No action
2026-09-04T14:28:52,SIM-MISSION-03,1732,Endurance,23926.6,28.76,69.15,2903.4,91.56,662.85,4.741,87.47,29.09,1.59,27.636,26.28,17.816,95.94,0.0824,0,NORMAL,0,Normal,NORMAL,0.0801,1334.53,No action
2026-09-04T14:28:53,SIM-MISSION-03,1733,Endurance,24070.5,27.56,65.97,2910.1,91.0,661.68,4.837,88.42,29.03,1.469,27.631,25.78,17.776,95.26,0.1096,0,NORMAL,0,Normal,NORMAL,0.1032,1334.47,No action
2026-09-04T14:28:54,SIM-MISSION-03,1734,Endurance,24049.9,27.74,67.92,2931.3,91.39,663.07,4.758,88.11,29.24,1.49,27.545,26.08,17.755,95.37,0.105,0,NORMAL,0,Normal,NORMAL,0.0993,1334.4,No action
2026-09-04T14:28:55,SIM-MISSION-03,1735,Endurance,23846.1,28.21,68.86,2944.8,90.2,660.42,4.723,87.87,29.11,1.761,27.768,25.97,17.826,95.44,0.1025,0,NORMAL,0,Normal,NORMAL,0.0971,1334.33,No action
2026-09-04T14:28:56,SIM-MISSION-03,1736,Endurance,24195.0,28.67,67.5,2903.4,91.71,658.17,4.776,88.5,28.77,1.537,27.698,26.11,17.775,96.24,0.0704,0,NORMAL,0,Normal,NORMAL,0.0699,1334.27,No action
2026-09-04T14:28:57,SIM-MISSION-03,1737,Endurance,24286.2,27.37,67.43,2903.1,92.86,661.69,4.655,88.51,28.92,1.566,27.524,25.62,17.839,95.49,0.1006,0,NORMAL,0,Normal,NORMAL,0.0955,1334.2,No action
2026-09-04T14:28:58,SIM-MISSION-03,1738,Endurance,24067.9,27.71,68.39,2929.0,90.83,658.24,4.841,87.44,28.97,1.583,27.508,25.97,17.801,95.55,0.098,0,NORMAL,0,Normal,NORMAL,0.0933,1334.13,No action
2026-09-04T14:28:59,SIM-MISSION-03,1739,Endurance,23891.9,28.7,68.76,2945.1,92.08,657.12,4.839,87.27,29.45,1.443,27.725,26.35,17.729,95.43,0.1027,0,NORMAL,0,Normal,NORMAL,0.0973,1334.07,No action
2026-09-04T14:29:00,SIM-MISSION-03,1740,Endurance,23858.2,29.08,67.59,2904.0,90.36,659.22,4.784,87.95,29.52,1.587,27.65,25.87,17.789,95.73,0.091,0,NORMAL,0,Normal,NORMAL,0.0873,1334.0,No action
2026-09-04T14:29:01,SIM-MISSION-03,1741,Endurance,24100.0,27.9,69.01,2953.8,90.92,663.69,4.866,87.67,29.24,1.409,27.487,25.97,17.813,95.65,0.094,0,NORMAL,0,Normal,NORMAL,0.0899,1333.93,No action
2026-09-04T14:29:02,SIM-MISSION-03,1742,Endurance,23923.4,28.05,69.1,2931.8,91.08,660.87,4.82,88.51,29.02,1.583,27.569,26.13,17.82,95.64,0.0944,0,NORMAL,0,Normal,NORMAL,0.0902,1333.87,No action
2026-09-04T14:29:03,SIM-MISSION-03,1743,Endurance,23933.8,27.97,67.4,2937.7,90.69,659.35,4.857,87.31,29.11,1.436,27.642,25.98,17.793,95.4,0.104,0,NORMAL,0,Normal,NORMAL,0.0984,1333.8,No action
2026-09-04T14:29:04,SIM-MISSION-03,1744,Endurance,24029.4,29.54,66.2,2916.9,91.12,659.96,4.86,88.08,28.74,1.586,27.662,25.78,17.813,96.35,0.066,0,NORMAL,0,Normal,NORMAL,0.0661,1333.73,No action
2026-09-04T14:29:05,SIM-MISSION-03,1745,Endurance,24033.7,27.51,67.23,2939.7,91.28,652.66,4.844,88.26,29.77,1.496,27.634,25.53,17.827,95.61,0.0956,0,NORMAL,0,Normal,NORMAL,0.0913,1333.67,No action
2026-09-04T14:29:06,SIM-MISSION-03,1746,Endurance,24192.1,29.72,66.68,2940.5,91.34,667.08,4.684,87.51,28.59,1.534,27.565,25.37,17.866,95.0,0.1199,0,NORMAL,0,Normal,NORMAL,0.1119,1333.6,No action
2026-09-04T14:29:07,SIM-MISSION-03,1747,Endurance,23797.1,26.99,67.12,2963.4,90.62,658.15,4.845,88.84,28.9,1.574,27.608,25.65,17.737,95.33,0.1068,0,NORMAL,0,Normal,NORMAL,0.1008,1333.53,No action
2026-09-04T14:29:08,SIM-MISSION-03,1748,Endurance,23959.5,27.56,66.21,2981.6,90.69,667.94,4.805,88.77,29.12,1.623,27.649,26.12,17.785,95.21,0.1116,0,NORMAL,0,Normal,NORMAL,0.1048,1333.47,No action
2026-09-04T14:29:09,SIM-MISSION-03,1749,Endurance,24150.9,28.01,67.47,2929.2,92.5,659.63,4.934,88.01,29.26,1.569,27.645,26.18,17.743,95.73,0.0909,0,NORMAL,0,Normal,NORMAL,0.0873,1333.4,No action
2026-09-04T14:29:10,SIM-MISSION-03,1750,Endurance,24189.3,26.98,67.72,2935.8,91.6,657.87,4.76,87.6,29.17,1.583,27.573,25.31,17.818,95.74,0.0905,0,NORMAL,0,Normal,NORMAL,0.0869,1333.33,No action
2026-09-04T14:29:11,SIM-MISSION-03,1751,Endurance,24085.2,27.04,67.02,2953.3,90.65,660.18,4.855,87.39,28.81,1.596,27.579,25.92,17.803,95.33,0.1067,0,NORMAL,0,Normal,NORMAL,0.1007,1333.27,No action
2026-09-04T14:29:12,SIM-MISSION-03,1752,Endurance,23877.8,29.8,66.53,2920.7,91.57,669.49,4.817,86.88,29.05,1.434,27.557,25.98,17.799,94.89,0.1245,0,NORMAL,0,Normal,NORMAL,0.1158,1333.2,No action
2026-09-04T14:29:13,SIM-MISSION-03,1753,Endurance,23870.0,26.41,70.07,2971.4,89.91,664.03,4.816,87.72,28.66,1.534,27.656,25.91,17.826,95.11,0.1155,0,NORMAL,0,Normal,NORMAL,0.1082,1333.13,No action
2026-09-04T14:29:14,SIM-MISSION-03,1754,Endurance,24060.1,29.04,66.02,2936.6,92.21,661.06,4.805,87.17,28.53,1.637,27.645,25.88,17.807,95.47,0.1011,0,NORMAL,0,Normal,NORMAL,0.0959,1333.07,No action
2026-09-04T14:29:15,SIM-MISSION-03,1755,Endurance,24072.8,25.55,66.29,2932.9,88.97,661.24,4.781,87.64,28.84,1.466,27.789,25.83,17.803,95.5,0.1002,0,NORMAL,0,Normal,NORMAL,0.0952,1333.0,No action
2026-09-04T14:29:16,SIM-MISSION-03,1756,Endurance,24288.4,27.86,72.05,2914.5,89.36,662.97,4.784,87.36,28.82,1.675,27.577,25.64,17.781,95.29,0.1086,0,NORMAL,0,Normal,NORMAL,0.1023,1332.93,No action
2026-09-04T14:29:17,SIM-MISSION-03,1757,Endurance,23876.1,29.38,68.01,2921.8,90.4,655.17,4.866,87.27,29.04,1.502,27.65,25.9,17.903,94.75,0.1298,0,NORMAL,0,Normal,NORMAL,0.1204,1332.87,No action
2026-09-04T14:29:18,SIM-MISSION-03,1758,Endurance,23812.7,28.1,66.62,2933.1,91.25,660.5,4.81,88.52,28.92,1.776,27.628,25.78,17.839,95.31,0.1076,0,NORMAL,0,Normal,NORMAL,0.1015,1332.8,No action
2026-09-04T14:29:19,SIM-MISSION-03,1759,Endurance,23795.2,27.55,68.47,2955.7,91.08,660.35,4.818,89.2,28.82,1.624,27.688,26.05,17.838,95.72,0.0912,0,NORMAL,0,Normal,NORMAL,0.0875,1332.73,No action
2026-09-04T14:29:20,SIM-MISSION-03,1760,Endurance,24140.3,26.11,68.73,2959.3,91.34,659.13,4.679,88.59,29.22,1.402,27.668,26.08,17.883,95.88,0.0849,0,NORMAL,0,Normal,NORMAL,0.0822,1332.67,No action
2026-09-04T14:29:21,SIM-MISSION-03,1761,Endurance,24074.2,28.09,67.2,2965.6,91.01,655.51,4.893,87.77,29.28,1.498,27.602,25.64,17.832,95.56,0.0977,0,NORMAL,0,Normal,NORMAL,0.093,1332.6,No action
2026-09-04T14:29:22,SIM-MISSION-03,1762,Endurance,23978.2,28.12,69.1,2925.7,91.22,661.22,4.784,89.3,28.77,1.543,27.69,26.14,17.872,95.32,0.1074,0,NORMAL,0,Normal,NORMAL,0.1013,1332.53,No action
2026-09-04T14:29:23,SIM-MISSION-03,1763,Endurance,24044.7,27.77,67.96,2942.9,91.56,659.16,4.714,88.15,28.42,1.453,27.595,25.87,17.868,94.97,0.121,0,NORMAL,0,Normal,NORMAL,0.1129,1332.47,No action
2026-09-04T14:29:24,SIM-MISSION-03,1764,Endurance,24052.2,27.34,68.21,2975.6,91.5,659.68,4.827,87.48,29.24,1.603,27.668,26.09,17.755,95.44,0.1023,0,NORMAL,0,Normal,NORMAL,0.097,1332.4,No action
2026-09-04T14:29:25,SIM-MISSION-03,1765,Endurance,23766.8,27.77,68.69,2971.1,90.99,667.27,4.719,87.96,28.97,1.605,27.583,26.01,17.791,95.23,0.1109,0,NORMAL,0,Normal,NORMAL,0.1042,1332.33,No action
2026-09-04T14:29:26,SIM-MISSION-03,1766,Endurance,23982.7,27.18,66.0,2927.8,91.56,652.27,4.778,88.68,29.01,1.594,27.695,25.64,17.859,95.72,0.0914,0,NORMAL,0,Normal,NORMAL,0.0877,1332.27,No action
2026-09-04T14:29:27,SIM-MISSION-03,1767,Endurance,24018.9,26.13,67.78,2944.9,89.72,657.1,4.81,87.0,28.93,1.56,27.611,26.6,17.753,96.38,0.0649,0,NORMAL,0,Normal,NORMAL,0.0651,1332.2,No action
2026-09-04T14:29:28,SIM-MISSION-03,1768,Endurance,23879.8,28.89,66.64,2920.7,91.26,659.92,4.727,87.77,29.33,1.392,27.616,26.25,17.778,95.37,0.105,0,NORMAL,0,Normal,NORMAL,0.0993,1332.13,No action
2026-09-04T14:29:29,SIM-MISSION-03,1769,Endurance,23882.1,25.86,68.64,2958.7,90.44,661.26,4.733,88.21,29.25,1.491,27.62,26.27,17.77,95.87,0.0854,0,NORMAL,0,Normal,NORMAL,0.0826,1332.07,No action
2026-09-04T14:29:30,SIM-MISSION-03,1770,Endurance,24100.2,27.37,69.52,2966.5,90.98,657.95,4.764,88.08,28.75,1.615,27.648,25.9,17.887,94.98,0.1209,0,NORMAL,0,Normal,NORMAL,0.1128,1332.0,No action
2026-09-04T14:29:31,SIM-MISSION-03,1771,Endurance,23851.5,28.96,68.97,2970.6,90.45,660.45,4.84,87.77,29.04,1.491,27.629,25.56,17.824,95.71,0.0914,0,NORMAL,0,Normal,NORMAL,0.0877,1331.93,No action
2026-09-04T14:29:32,SIM-MISSION-03,1772,Endurance,23819.5,28.49,68.05,2913.0,90.79,658.68,4.909,87.69,28.9,1.479,27.482,25.87,17.801,95.35,0.1061,0,NORMAL,0,Normal,NORMAL,0.1001,1331.87,No action
2026-09-04T14:29:33,SIM-MISSION-03,1773,Endurance,24230.3,27.16,67.16,2972.7,90.33,656.49,4.884,87.99,29.3,1.603,27.636,26.12,17.873,95.33,0.1069,0,NORMAL,0,Normal,NORMAL,0.1009,1331.8,No action
2026-09-04T14:29:34,SIM-MISSION-03,1774,Endurance,24119.0,27.17,65.71,2928.0,90.44,659.05,4.795,88.76,29.19,1.62,27.509,26.34,17.827,95.63,0.0947,0,NORMAL,0,Normal,NORMAL,0.0905,1331.73,No action
2026-09-04T14:29:35,SIM-MISSION-03,1775,Endurance,23858.6,28.56,68.81,2958.9,91.19,663.84,4.734,87.36,28.49,1.603,27.616,26.1,17.758,94.85,0.1259,0,NORMAL,0,Normal,NORMAL,0.117,1331.67,No action
2026-09-04T14:29:36,SIM-MISSION-03,1776,Endurance,23820.2,28.13,68.83,2944.9,90.7,655.67,4.857,88.43,29.3,1.526,27.54,25.85,17.78,95.8,0.088,0,NORMAL,0,Normal,NORMAL,0.0848,1331.6,No action
2026-09-04T14:29:37,SIM-MISSION-03,1777,Endurance,24101.2,28.31,66.42,2976.0,91.56,655.18,4.741,88.37,29.09,1.64,27.595,25.77,17.829,96.02,0.079,0,NORMAL,0,Normal,NORMAL,0.0772,1331.53,No action
2026-09-04T14:29:38,SIM-MISSION-03,1778,Endurance,24149.1,27.65,65.63,2949.0,90.24,662.11,4.814,89.15,28.75,1.482,27.569,25.89,17.79,95.76,0.0894,0,NORMAL,0,Normal,NORMAL,0.086,1331.47,No action
2026-09-04T14:29:39,SIM-MISSION-03,1779,Endurance,24144.6,27.49,67.1,2971.8,91.8,660.77,4.818,87.78,29.1,1.677,27.664,26.42,17.767,95.01,0.1197,0,NORMAL,0,Normal,NORMAL,0.1117,1331.4,No action
2026-09-04T14:29:40,SIM-MISSION-03,1780,Endurance,24036.7,28.64,66.24,2934.4,91.35,659.04,4.815,88.66,29.04,1.536,27.694,26.0,17.783,94.67,0.1331,0,NORMAL,0,Normal,NORMAL,0.1231,1331.33,No action
2026-09-04T14:29:41,SIM-MISSION-03,1781,Endurance,24092.5,26.95,68.98,2968.0,91.58,655.08,4.842,88.66,28.63,1.527,27.704,25.94,17.755,95.33,0.1066,0,NORMAL,0,Normal,NORMAL,0.1006,1331.27,No action
2026-09-04T14:29:42,SIM-MISSION-03,1782,Endurance,24118.8,27.82,69.28,2941.7,90.58,653.51,4.875,87.17,28.92,1.557,27.533,26.06,17.806,95.67,0.0933,0,NORMAL,0,Normal,NORMAL,0.0893,1331.2,No action
2026-09-04T14:29:43,SIM-MISSION-03,1783,Endurance,23970.1,29.15,68.19,2932.6,91.0,658.44,4.707,88.08,28.81,1.736,27.658,25.5,17.78,94.81,0.1275,0,NORMAL,0,Normal,NORMAL,0.1184,1331.13,No action
2026-09-04T14:29:44,SIM-MISSION-03,1784,Endurance,23929.6,27.5,65.11,2922.4,90.69,655.13,4.737,88.59,29.46,1.494,27.523,26.43,17.809,95.33,0.107,0,NORMAL,0,Normal,NORMAL,0.1009,1331.07,No action
2026-09-04T14:29:45,SIM-MISSION-03,1785,Endurance,23964.3,28.93,73.49,2953.3,92.26,665.42,4.727,88.73,28.93,1.362,27.437,25.91,17.804,95.68,0.093,0,NORMAL,0,Normal,NORMAL,0.089,1331.0,No action
2026-09-04T14:29:46,SIM-MISSION-03,1786,Endurance,24130.7,29.89,67.59,2922.1,90.97,664.17,4.791,86.8,28.86,1.641,27.55,25.97,17.891,95.19,0.1124,0,NORMAL,0,Normal,NORMAL,0.1055,1330.93,No action
2026-09-04T14:29:47,SIM-MISSION-03,1787,Endurance,23972.9,29.04,66.8,2930.8,92.68,656.56,4.804,89.26,28.89,1.378,27.556,26.16,17.953,96.01,0.0796,0,NORMAL,0,Normal,NORMAL,0.0777,1330.87,No action
2026-09-04T14:29:48,SIM-MISSION-03,1788,Endurance,23884.8,28.87,69.5,2947.2,92.9,660.72,4.897,88.06,29.55,1.71,27.541,26.12,17.8,95.66,0.0935,0,NORMAL,0,Normal,NORMAL,0.0895,1330.8,No action
2026-09-04T14:29:49,SIM-MISSION-03,1789,Endurance,24005.9,30.36,67.07,2948.2,91.04,661.12,4.782,87.98,29.11,1.572,27.452,26.6,17.822,95.46,0.1015,0,NORMAL,0,Normal,NORMAL,0.0962,1330.73,No action
2026-09-04T14:29:50,SIM-MISSION-03,1790,Endurance,24183.4,27.71,65.84,2942.9,91.22,666.26,4.768,89.36,29.25,1.614,27.668,26.2,17.785,95.2,0.1118,0,NORMAL,0,Normal,NORMAL,0.105,1330.67,No action
2026-09-04T14:29:51,SIM-MISSION-03,1791,Endurance,23822.6,30.57,67.5,2933.1,91.52,663.28,4.875,86.1,28.66,1.571,27.675,26.23,17.79,95.5,0.1002,0,NORMAL,0,Normal,NORMAL,0.0952,1330.6,No action
2026-09-04T14:29:52,SIM-MISSION-03,1792,Endurance,23818.0,27.03,69.37,2993.7,91.21,660.82,4.783,86.81,29.28,1.585,27.673,26.47,17.791,95.51,0.0995,0,NORMAL,0,Normal,NORMAL,0.0945,1330.53,No action
2026-09-04T14:29:53,SIM-MISSION-03,1793,Endurance,24012.1,26.67,67.07,2932.1,90.76,662.1,4.785,87.75,29.21,1.562,27.743,26.12,17.789,95.07,0.117,0,NORMAL,0,Normal,NORMAL,0.1095,1330.47,No action
2026-09-04T14:29:54,SIM-MISSION-03,1794,Endurance,24165.0,25.13,66.9,2946.3,91.25,663.6,4.845,87.25,29.33,1.466,27.589,25.9,17.783,95.8,0.0879,0,NORMAL,0,Normal,NORMAL,0.0847,1330.4,No action
2026-09-04T14:29:55,SIM-MISSION-03,1795,Endurance,23959.5,27.99,67.9,2912.6,91.5,653.16,4.75,87.03,28.44,1.527,27.645,25.34,17.835,95.8,0.0882,0,NORMAL,0,Normal,NORMAL,0.0849,1330.33,No action
2026-09-04T14:29:56,SIM-MISSION-03,1796,Endurance,24145.7,27.36,66.07,2921.0,90.71,658.53,4.736,88.35,29.66,1.516,27.633,26.65,17.825,95.55,0.0981,0,NORMAL,0,Normal,NORMAL,0.0934,1330.27,No action
2026-09-04T14:29:57,SIM-MISSION-03,1797,Endurance,24102.7,27.92,68.11,2923.0,89.91,657.5,4.843,88.6,28.95,1.556,27.586,26.26,17.892,96.01,0.0796,0,NORMAL,0,Normal,NORMAL,0.0777,1330.2,No action
2026-09-04T14:29:58,SIM-MISSION-03,1798,Endurance,24124.2,27.6,70.06,2911.3,91.02,659.78,4.773,87.9,29.53,1.5,27.666,25.94,17.77,95.87,0.0853,0,NORMAL,0,Normal,NORMAL,0.0825,1330.13,No action
2026-09-04T14:29:59,SIM-MISSION-03,1799,Endurance,24026.8,26.83,69.47,2907.7,92.25,664.84,4.904,88.3,28.64,1.623,27.493,26.17,17.887,95.46,0.1016,0,NORMAL,0,Normal,NORMAL,0.0963,1330.07,No action
